doi,cr_title,cr_first_author,cr_last_author,cr_all_authors,cr_journal,cr_abstract,cr_year,cr_month,source,abstract_id
10.4103/gmit.gmit_19_21,Laparoscopic Management of Cesarean Scar Pregnancy after Medical Treatment Failure Using Laparoscopic Bulldog Clamps,Alzamora M,Blosser S,Alzamora M; Blosser S,Gynecology and Minimally Invasive Therapy,"
            
            Cesarean scar pregnancies are a rare complication of pregnancy, with an incidence rate of approximately 1 in 2000 pregnancies. Numerous treatment alternatives have been proposed and published for cesarean scar pregnancies (CSPs), including medical management with local or systemic methotrexate injection, resection through hysteroscopic, vaginal, abdominal or laparoscopic approach, and dilation and curettage. Concomitant strategies for achieving hemostasis/bleeding control have been attempted, including uterine artery embolization, the placement of a Foley balloon catheter, injection of vasopressin, and less commonly reported, the use of vascular clamps. We describe a case of failed medical management of a CSP, followed by laparoscopic resection with the use of vascular clamps to minimize bleeding. This approach can be considered for minimizing blood loss in the laparoscopic management of cesarean ectopic pregnancies.
          ",2022,07,crossref,AAGL2021_005
10.1016/j.jmig.2025.09.086,Robotic-Assisted Laparoscopic Management of Cesarean Scar Pregnancy,Lin B,Crihfield E,Lin B; Crihfield E,Journal of Minimally Invasive Gynecology,NA,2025,11,crossref,AAGL2021_005
10.1016/j.jmig.2021.09.006,Laparoscopic Management of Cesarean Scar Pregnancy,Crihfield E,Nimaroff M,Crihfield E; Nelson D; Nimaroff M,Journal of Minimally Invasive Gynecology,NA,2021,11,crossref,AAGL2021_005
10.1186/s12884-021-04281-8,Novel laparoscopic surgery for the repair of cesarean scar defect without processing scar resection,Zhang N,Yang Q,Zhang N; Wang G; Zuo N; Yang Q,BMC Pregnancy and Childbirth,"Abstract
                Background
                Cesarean scar defect (CSD), especially CSD with residual myometrium less than 3 mm is reported to be the highest risk agent associated with uterine rupture for subsequent pregnancy. Currently, laparoscopic resection and suture was the mainstay therapy method for CSD with a residual myometrium less than 3 mm in women with a desire to conceive. Besides, the women have CSD related symptoms, especially postmenstrual bleeding, should be recommended for CSD treatment. This study is to investigate the efficiency of this novel laparoscopic surgery for the repair of cesarean scar defect (CSD) without scar resection for residual myometrium thickening.
              
                Method
                This retrospective clinical study enrolled 76 women diagnosed with CSD who had a residual myometrium thickness less than 3 mm and also had a desire to conceive, had undergone laparoscopic surgery for the repair of CSD in the time period March 2016 to March 2018. Two study cohorts were created among the 76 patients: 40 patients had undergone the novel laparoscopic repair of CSD without processing scar resection (Group A), whereas 36 patients had undergone the traditional laparoscopic resection and suture of CSD (Group B).
              
                Results
                Residual myometrium thickening occurred among all the 76 patients and the average residual myometrium thickness was increased to almost 6 mm, presenting no between-group difference. In Group A, all the CSD-related postmenstrual bleeding was resolved or improved, but one patient in Group B has no obvious change to postmenstrual bleeding. After CSD repair, 20 patients got pregnant naturally in Group A, and there was no cesarean scar pregnancy and uterine rupture. While, there were 9 cases of natural pregnancy in Group B. No uterine rupture occurred among these 9 pregnant women of Group B, but 1 case of pregnancy was terminated due to cesarean scar pregnancy.
              
                Conclusion
                Laparoscopic repair without processing scar resection seems to be a feasible, safe and simple operative approach for CSD treatment, which can thicken residual myometrium and improve postmenstrual bleeding.
              ",2021,12,crossref,AAGL2021_005
10.1016/j.ajog.2024.02.265,Steps to successful laparoscopic management of cesarean scar ectopic pregnancy,Smith K,Young R,Smith K; Young R,American Journal of Obstetrics and Gynecology,NA,2024,04,crossref,AAGL2021_005
10.1016/j.jmig.2022.09.042,The Impact of Surgeon Volume on Hysterectomy Risk: A Concentration Curve Analysis,Bootes A,Crisp C,Bootes A; Namaky D; Crisp C,Journal of Minimally Invasive Gynecology,NA,2022,11,crossref,AAGL2022_024
10.1016/j.asjsur.2026.02.122,Robotic hysterectomy versus expert 3D laparoscopy: A risk-adjusted learning curve analysis from a prospective single-surgeon study,Jaafar S,Chuang Y,Jaafar S; Chuang Y,Asian Journal of Surgery,NA,2026,02,crossref,AAGL2022_024
10.3389/fmed.2025.1574457,The learning curve of V-NOTES hysterectomy: a single-surgeon experience,Charles F,Dubois N,Charles F; Luyckx M; Dubois N,Frontiers in Medicine,"PurposeVaginal natural orifice transluminal endoscopic surgery (V-NOTES) has emerged as an innovative surgical approach that combines the advantages of endoscopic surgery with those of the vaginal approach. This article presents the initial experience of a single institution in implementing the V-NOTES technique for hysterectomy procedures.MethodsThis retrospective cohort study assessed the first 139 V-NOTES hysterectomies performed by a single surgeon at 000 from 2021 to 2024. Preoperative, intraoperative, and postoperative data were recorded. Operative time (OT) served as an indicator of surgical proficiency. The learning curve was analyzed using the cumulative sum method of operative time (CUSUMot).ResultsThe mean OT was 59.32 ± 21.13 min. No patient required conversion to laparotomy or conventional laparoscopy. The CUSUMot analysis demonstrated four phases in the learning curve: initiation (12 patients; mean OT, 66.17 ± 12.84 min), consolidation (41 patients; mean OT, 54.32 ± 13.96 min), complexification (54 patients; mean OT, 64.46 ± 25.48 min), and mastery (32 patients; mean OT, 54.5 ± 21.11 min). Additionally, the study identified a history of cesarean section and the absence of vaginal delivery as two risk factors for bladder injury.ConclusionThis study identifies a four-phase learning curve for V-NOTES hysterectomy, with initial competency achieved after 12 cases and sufficient mastery reached after 53 cases for an experienced surgeon.",2025,06,crossref,AAGL2022_024
10.1016/j.jmig.2022.09.395,8344 The Impact of Surgeon Volume on Laparoscopic Hysterectomy Outcomes,Mangone E,Smith R,Mangone E; Hu C; Smith G; Indart C; Zeng K; Smith R,Journal of Minimally Invasive Gynecology,NA,2022,11,crossref,AAGL2022_024
10.1177/00031348241238323,Impact of Medicaid Expansion on Trauma Patients at Extreme Risk of Mortality: A Time-Series Analysis,Acosta J,Acosta J,Acosta J,The American Surgeon™,"Background The 2014 expansion of Medicaid under the Affordable Care Act (ACA) reshaped healthcare delivery in the United States. This study assessed how Medicaid expansion affected in-hospital mortality in patients with extreme risk of mortality (EROM) from traumatic injuries. Methods Data from inpatients aged 18-64 years, registered in the National Inpatient Sample between 2007 and 2020, and identified with trauma-related All-Patient Refined Diagnosis Related Groups (APRDRG) codes, were analyzed. Within this group, a subset of patients was selected based on the APRDRG classification identifying them as at EROM for the principal unit of analysis. The cohort was divided into high-implementation (HIR) and low-implementation (LIR) regions based on Medicaid expansion coverage. In-hospital mortality was assessed using interrupted time-series analysis. Sensitivity analyses considered seasonality, autocorrelation, and exogenous events. Results Analysis encompassed 70 381 trauma inpatient stays, corresponding to 346 659 patients based on National Inpatient Sample weighting. There was a consistent monthly decline in in-hospital mortality of .08% (95% CI: −.103 to −.048; P &lt; .001) prior to Medicaid expansion, a trend unaffected by expansion. This pattern persisted across both LIR and HIR Medicaid implementation regions. Although Medicaid enrollment increased in HIR, that in LIR remained unchanged. Discussion Over the study period, the in-hospital mortality among severely injured patients consistently decreased, and this trend was not influenced by Medicaid expansion. The statistical models and results from this study can offer valuable guidance to policymakers and healthcare leaders as they formulate more efficient and effective policies. ",2024,06,crossref,AAGL2022_024
10.1016/j.jmig.2022.09.072,Oncological Outcomes of Obese Patients in Treatment of Endometrial Cancer. Comparative Analysis of Robotic Versus Laparoscopic Surgery,McMurray K,Lim P,McMurray K; Kennedy L; Siddiqui F; Kang E; Lim P,Journal of Minimally Invasive Gynecology,NA,2022,11,crossref,AAGL2022_049
10.1136/ijgc-2022-igcs.211,EP120/#1082 Compare the surgical outcomes of robotic versus laparoscopic surgery in the treatment of endometrial cancer for morbidly obese patients,Lim P,Siddiqui F,Lim P; Kennedy L; Mcmurray K; Siddiqui F,E-Posters,NA,2022,12,crossref,AAGL2022_049
10.1016/j.jmig.2022.09.487,8796 Comparative Analysis of Surgical Outcomes of Morbidly Obese Patients in Endometrial Cancer: Robotic Versus Laparoscopic Surgery,Kennedy L,Lim P,Kennedy L; McMurray K; Siddiqui F; Kang E; Lim P,Journal of Minimally Invasive Gynecology,NA,2022,11,crossref,AAGL2022_049
10.1016/j.lers.2026.01.002,A systematic review of open versus robotic retroperitoneal lymph node dissection for testicular cancer: Comparative operative and oncological outcomes,McNicholas D,Hanchanale V,McNicholas D; Kattakayam F; Hemmant J; Weston R; Hanchanale V,"Laparoscopic, Endoscopic and Robotic Surgery",NA,2026,03,crossref,AAGL2022_049
10.21203/rs.3.rs-4759972/v1,Robotic Surgery versus Traditional Laparotomy: Surgical and Oncological Outcomes in Early-Stage Endometrial Cancer,Bhati P,VS S,Bhati P; Garg M; Vuppu D; Nair A; VS S,NA,"Abstract
        AIM:
 This study aims to determine differences in surgical and survival outcomes for patients undergoing robotic surgeries versus laparotomies for early-stage endometrial cancer (EC).
METHODS:
 This study was conducted retrospectively from 1st January 2015 to 30th June 2021 on all patients with stage I or stage II EC (FIGO 2023 Staging), irrespective of histology. Primary objective was to compare 3-year Overall Survival (OS) and Recurrence Free Survival (RFS) between robotic versus laparotomy group.
RESULTS:
 In a study of 297 patients, 81.5% underwent robotic surgeries and 18.5% underwent open surgeries. Median age was 47.5 years. Majority (81%) of the patients had Endometroid histology. Seventy percent of the cases had stage I, and 29.6% had stage II EC. Robotic group had significantly shorter hospital stay, blood loss and operative time (p &lt; 0.05). After a median follow-up period of 36 months, 9 deaths occured in robotic group and no deaths in laparotomy group leading to a 3-year OS of 95.4% in robotic group and 100% in laparotomy group. RFS rates of 92.5% and 86.1% in robotic and laparotomy groups, respectively (p = 0.6). However, median time to recurrence was significantly shorter in open group than robotic group (28 versus 38 months respectively, p = 0.01).
CONCLUSION:
 No statistically significant differences between both groups were found in RFS and OS. Robotic surgeries have better surgical and equivalent oncological outcomes than open surgeries in stage I and II EC.",NA,01,crossref,AAGL2022_049
10.17077/2154-4751.33790,Not all operative time is created equal: operative time in relation to 30-day complications in benign laparoscopic hysterectomies,Ikoma D,Haugsdal M,Ikoma D; Ikoma M; Haugsdal M,Proceedings in Obstetrics and Gynecology,"STUDY OBJECTIVE: To assess the relationship between operative time and specific 30-day postoperative complications across different intervals of operation duration in total laparoscopic hysterectomies (TLHs).DESIGN: A retrospective cohort study.SETTING: American College of Surgeons National Surgical Quality Improvement Program (ACS-NSQIP) database from 2011 to 2020.PATIENTS: 131,146 TLH cases.INTERVENTIONS: Eligible cases included benign laparoscopic hysterectomies with operative times between 20 and 499 min. We excluded cases involving disseminated cancer, emergency surgery, supracervical approaches, or concomitant procedures.MEASUREMENTS: Multivariable logistic regression analysis was used to evaluate the relationship between specific postoperative complications and operative time. Spline regression was used to analyze differences in the association between postoperative complications and operative time across different tertiles of operative duration.MAIN RESULTS: Multivariable logistic regression analysis demonstrated a significant association between operative time and complication occurrence for each complication type investigated, including unplanned readmission, urinary tract infections, superficial surgical site infections, blood transfusion administration, return to the operating room, and deep organ space infections. Multivariable logistic spline regression demonstrated that operative time contributed more strongly to the odds of a complication for shorter procedures than longer procedures. This relationship was more pronounced for major complications than minor complications.CONCLUSION: Operative time is a stronger risk factor for developing complications for shorter duration procedures than longer procedures. This is especially evident in major complications such as return to the operating room and deep organ space infections. Our results suggest that longer procedure duration may not affect the likelihood of a complication as much as previously thought, and operative times should not be a primary factor in deciding to convert to laparotomy or alter post-operative management.",2024,05,crossref,AAGL2022_067
10.1016/j.jmig.2022.09.092,Not All Operative Time Is Created Equal: Operative Time in Relation to 30-Day Complications in Benign Laparoscopic Hysterectomies,Ikoma D,Haugsdal M,Ikoma D; Ikoma M; Haugsdal M,Journal of Minimally Invasive Gynecology,NA,2022,11,crossref,AAGL2022_067
10.1007/s11701-025-02429-8,From practice to perfection—complications and operative time learning curves in benign robotic-assisted laparoscopic hysterectomy,Andersson K,Brunes M,Andersson K; Oksanen A; Falconer H; Brunes M,Journal of Robotic Surgery,"Abstract
                  
                    This study aimed to estimate the learning curve for benign robotic-assisted laparoscopic hysterectomy, defined as the number of cases required to stabilize intra- and postoperative complications, estimated blood loss and operative time.  This is a retrospective single-center cohort study with prospectively collected data. Patients who underwent a robotic-assisted laparoscopic hysterectomy between 2013 and 2021 were included. Six surgeons performed the surgeries. Analysis was conducted using linear and logistic generalized estimating equation (GEE) regression. The estimand was change in the speed of learning. The cohort comprised 1281 consecutive cases. An inverse association was observed between the number of robot-assisted laparoscopic hysterectomies and the number of complications with a breakpoint at 150 surgeries (adjusted Odds Ratio (aOR) 0.996, 95% Confidence Interval (CI) 0.992–0.999,
                    P
                     = 0.03) This decrease continued with surgeon experience. Moreover, there was a significant decrease in operative time after 50 operations (aCoeff -0.62 min, 95% CI − 0.89 to − 0.34 min,
                    P
                     &lt; 0.001), with an operative time of approximately 100 min. No significant difference in intraoperative blood loss was observed throughout the learning curve (Knotbreak 50 operations, aCoeff 0.69 ml, 95% CI − 0.44 – 1.81 ml,
                    P
                     = 0.23). In this large observational study of learning curve for robotic-assisted laparoscopic hysterectomy, a plateau was reached at 50 cases for operative time and 150 cases for intra- and postoperative complications.
                  ",2025,06,crossref,AAGL2022_067
10.1007/s11701-025-02513-z,Letter to the Editor “From practice to perfection—complications and operative time learning curves in benign robotic-assisted laparoscopic hysterectomy”,Qin Z,Song D,Qin Z; Sun A; Song D,Journal of Robotic Surgery,NA,2025,07,crossref,AAGL2022_067
10.29309/tpmj/2023.30.06.7468,"Comparison of post-operative complications, operative time and hospital stay between laparoscopic and open pyloromyotomy.",Omair Arshad Dar,Habib-Ur-Rehman,Omair Arshad Dar ; Naveed Ahmed ; Tamoor Afzal ; Majid Aziz ; Javed-Ur-Rehman ; Habib-Ur-Rehman ,The Professional Medical Journal,"Objective: To compare operative time, hospital stay and post-operative complications between laparoscopic and open pyloromyotomy. Study Design: Randomized Prospective study. Setting: Department of Paediatric Surgery, Pak Emirates Military Hospital, Rawalpindi. Period: 7th May 2022 to 7th November 2022. Material &amp; Methods: This study included 20 patients each in the two groups. Group A underwent laparoscopic whereas group B underwent open pyloromyotomy. Both groups were compared regarding operative time (OT), hospital stay (HS) and post-operative complications. Results: OT ranged from 20 to 70 min with a mean of 15.4 min in group A. In group B, the mean OT was 25.6 min (range, 25–60 min). HS ranged from 14 to 58 hours with a mean of 16.8 hours in group A. In group B, it ranged from 19 to 30 hours, and the mean was 24.2 hours. One case in group A was converted to open approach (conversion rate 5%) because of mucosal perforation while one case of incomplete pyloromyotomy was found. Conclusion: Laparoscopic technique has shorter operative time and hospital stay than open surgery. Complication like mucosal perforation were seen in laparoscopy group, however, it was not found statistically significant.",2023,05,crossref,AAGL2022_067
10.2139/ssrn.4145412,In-Bag Abdominal Manual Morcellation Versus Contained Power Morcellation in Laparoscopic Myomectomy: A Comparison of Surgical Outcomes and Costs,Guven C,Uysal D,Guven C; Uysal D,SSRN Electronic Journal,NA,NA,01,crossref,AAGL2023_016
10.1186/s12893-023-02007-5,In-bag abdominal manual morcellation versus contained power morcellation in laparoscopic myomectomy: a comparison of surgical outcomes and costs,Güven C,Uysal D,Güven C; Uysal D,BMC Surgery,"Abstract
                Background
                To compare the surgical outcomes and costs of in-bag abdominal manual morcellation (AMM) and contained power morcellation (PM) in laparoscopic myomectomy.
              
                Methods
                A total of 61 patients were divided into two groups based on their myomectomy specimen extraction methods: AMM group (n = 33) and electromechanical contained PM group (n = 28). The surgical outcomes and cost were compared between groups. During AMM, a glove bag (in 27 patients) and an endo bag were used (in 6 patients) according to the myoma size.
              
                Results
                Morcellation time (18 ± 9.2 min vs. 37.4 ± 14.1 min) and total operation time (100 ± 24.3 min vs. 127 ± 33.1 min) were significantly lower in the AMM group compared to those in the PM group. Other surgical outcomes, which were similar between groups, included delta hemoglobin, length of hospital stay and VAS score at 12 and 24 h postoperatively. There were no per- or postoperative complications in both group with no conversion to laparotomy. One patient was transfused with two units of erythrocyte suspension postoperatively in the PM group. Sarcoma was not diagnosed in any of the cases in both group.
              
                Conclusion
                The in-bag AMM or contained PM for specimen extraction resulted in similar outcomes in terms of delta hemoglobin, postoperative pain intensity (VAS score at 12 and 24 h postoperatively), the need for additional analgesia, and the length of hospital stay; however, total operation time and morcellation time were significantly shorter in the AMM group, indicating a prominent advantage. Significant cost-effectiveness is also a critical advantage of in-bag AMM compared to containing PM.
              ",2023,04,crossref,AAGL2023_016
10.1016/j.jmig.2023.08.023,Abdominal Versus Vaginal Contained Manual Morcellation for Laparoscopic Myomectomy,Flatow V,Zakashansky K,Flatow V; Atobiloye N; Khalil S; Ascher-Walsh C; Rosen L; Zakashansky K,Journal of Minimally Invasive Gynecology,NA,2023,11,crossref,AAGL2023_016
10.18231/j.ijogr.2025.006,Comparison of manual vaginal morcellation with laparoscopic power morcellation in specimen retrieval during laparoscopic myomectomy,Nambiar M,Bhat S,Nambiar M; Suresh Y A; Surendran J; Sreenivas A; Bhat S,Indian Journal of Obstetrics and Gynecology Research," Most popular specimen retrieval techniques in laparoscopic myomectomy are manual vaginal morcellation and power morcellation.  This prospective study was conducted from October 2018 to September 2022 and included 150 patients who underwent laparoscopic myomectomy.: Specimen extraction time was about 9.744 ±1.076 minutes in the vaginal morcellation group and 77.366 ±324.067 minutes in power morcellation group (p value 0.062). Cost of surgery in US dollars was 954.550± 2.272 USD in vaginal morcellation group and 1266.329± 215.246 USD in power morcellation group (p value &amp;#60; 0.001). About 0.013± 0.112 patients in vaginal morcellation group required of additional analgesia post operatively. This was required in about 0.171 ± 0.379 patients in power morcellation group (p value &amp;#60; 0.001). Patients who had vaginal morcellation were discharge ready at 128.625 ± 13.664 minutes. Where as this was 182.561± 30.381 minutes in power morcellation group (p value of &amp;#60; 0.001). About 0.013± 0.112 patients in the vaginal morcelaltion group had wound related adverse effects. About 0.171 ± 0.379 patients had such adverse effects in the power morcellation group (p value &amp;#60; 0.001). : From our findings we conclude that Manual vaginal morcellartion is a much quicker, inexpensive and less painful alternative to power moecellation to extract specimens after laparoscoic myometomy. Manual vaginal morcellation also has less wound related complications with quicker post operative discharge readiness. ",2025,02,crossref,AAGL2023_016
10.22541/au.164623390.04514107/v1,Comparison of Laparoscopic Enclosed Electromechanical Morcellation and Vaginal Enclosed Scalpel Morcellation at Laparoscopic Myomectomy: A Prospective Randomized Trial,Akdemir A,Sahin C,Akdemir A; Ari S; Taylan E; ÖKMEN F; Sahin C,NA,"Objective: To compare the laparoscopic enclosed electromechanical
morcellation (LEM) with vaginal enclosed scalpel morcellation (VSM) in
laparoscopic myomectomy procedures. Design: Prospective randomized
interventional clinical study. Setting: Tertiary university hospital.
Population or Sample: One hundred eighteen patients who underwent
laparoscopic myomectomy. Methods: All myomectomy procedures were
performed laparoscopically. After myomectomy, tissue removal was
accomplished via either LEM using the previously described in-glove
morcellation technique or VSM. In the VSM group, myoma was placed into
an endoscopic bag and removed through the vagina via posterior colpotomy
after scalpel morcellation. Main Outcome Measures: Primary outcome:
tissue removal time. Secondary outcome: rescue analgesia requirement,
postoperative Visual Analog Scale (VAS) scores, postoperative 3th month
scores of Female Sexual Function Index (FSFI). Results: The median
tissue removal time was longer in the LEM group (25 min (Range: 14-55))
than the VSM group (20 min (Range: 6-38) (p=.001). Rescue analgesia
requirement was significantly higher in the LEM group than the VSM group
(mean rank: 56.92 vs 40.92 doses, respectively; p&lt;.001). There
was no significant difference between the groups at postoperative VAS
scores. There was no significant difference between preoperative and
postoperative 3th month total scores of FSFI and subdomains in the LEM
group. Conversely, all subdomains and total scores of FSFI (26.5
(16.7-34.8) vs. 22.7 (15.2-28.7) except pain significantly worsened
three months after operation in the VSM group. Conclusion: LEM was
associated with a longer tissue removal time and increased postoperative
analgesic requirement. On the other hand, VSM was associated with
worsened postoperative sexual function from baseline.",NA,01,crossref,AAGL2023_016
10.1016/j.jmig.2023.08.055,Sterilization Rates Following the Overturn of Roe v Wade,Elsahy D,Kasper K,Elsahy D; Oshinowo A; Gnade C; Ogunmuko K; Picklesimer M; Moss K; Kasper K,Journal of Minimally Invasive Gynecology,NA,2023,11,crossref,AAGL2023_044
10.2139/ssrn.5109545,After Roe v. Wade Overturn: How the Biden Government and Congress Act with IVF,Lin Y,Lin Y,Lin Y,NA,NA,NA,01,crossref,AAGL2023_044
10.1097/01.npr.0000873552.13618.91,The overturn of Roe v. Wade,Kaplan L,Kaplan L,Kaplan L,The Nurse Practitioner,NA,2022,10,crossref,AAGL2023_044
10.12797/9788381389006.03,The Political Game of the Roe v. Wade Overturn,Maszniew Z,Maszniew Z,Maszniew Z,Smoking Guns: Tematy dzielące Amerykę,"The fall of Roe v. Wade reverts the U.S. to the pre-Roe status when the stateshad freedom of legislation on abortion. Consequently, the political aspect ofRoe v. Wade’s overturn shapes even deeper polarization of American society.The Supreme Court’s decision of Dobbs v. Jackson Women’s Health Organizationwas widely discussed regarding the 2022 midterms as well as future presidentialelections and the balance of power in Congress. Once again, law andpolitics intertwine in the creation of American reality, as the Supreme Court’sdecision became a soft power game. Even the definition of abortion was putup for debate by Republicans before the midterms. The fall of Roe v. Wadedeveloped into a tool in the hands of politicians fighting for votes and power,whereas women’s bodies became an instrument in the pursuit of political aims.",2023,01,crossref,AAGL2023_044
10.64628/aai.h6r4sqa5a,"5 justices, all confirmed by senators representing a minority of voters, appear willing to overturn Roe v. Wade",McMahon K,McMahon K,McMahon K,NA,NA,NA,01,crossref,AAGL2023_044
10.1016/j.jmig.2023.08.090,Robotic Assisted Gravid Hysterectomy for Management of Second Trimester Cesarean Scar Pregnancy,Lelea L,Janco J,Lelea L; Lombardi T; Janco J,Journal of Minimally Invasive Gynecology,NA,2023,11,crossref,AAGL2023_075
10.1016/j.jmig.2022.09.126,Robotic-Assisted Laparoscopic Hysterectomy for Management of Cesarean Scar Ectopic Concerning for a Molar Pregnancy,Cain A,Williams-Brown M,Cain A; Breen M; Holtz M; Williams-Brown M,Journal of Minimally Invasive Gynecology,NA,2022,11,crossref,AAGL2023_075
10.1016/j.jmig.2025.09.086,Robotic-Assisted Laparoscopic Management of Cesarean Scar Pregnancy,Lin B,Crihfield E,Lin B; Crihfield E,Journal of Minimally Invasive Gynecology,NA,2025,11,crossref,AAGL2023_075
10.1016/j.ajog.2022.12.008,Treatment of cesarean scar ectopic pregnancy by gravid total abdominal hysterectomy,Glassman D,Sauer M,Glassman D; Mohamed-Nady N; Sauer M,American Journal of Obstetrics and Gynecology,NA,2023,05,crossref,AAGL2023_075
10.1016/j.jmig.2021.09.123,Definitive Management of C-Section Scar Ectopic Pregnancy with Robotic-Assisted Laparoscopic Total Hysterectomy,Luna Ramirez N,Bral P,Luna Ramirez N; Elfeky A; Bral P,Journal of Minimally Invasive Gynecology,NA,2021,11,crossref,AAGL2023_075
10.1016/j.jmig.2023.08.101,"Approach to Total Laparoscopic Hysterectomy and Longitudinal Vaginal Septum Resection in a Uterus Bicornuate, Bicollis",Crihfield E,Alviar D,Crihfield E; Alviar D,Journal of Minimally Invasive Gynecology,NA,2023,11,crossref,AAGL2023_084
10.7759/cureus.60645,An Uncommon Encounter: Obstetric Management of a Bicornuate Bicollis Uterus With a Longitudinal Vaginal Septum,Moharana B,Gangane N,Moharana B; Choudhary A; Yadav A; Gangane N,Cureus,NA,2024,05,crossref,AAGL2023_084
10.54905/disssi/v27i133/e169ms2816,Tackling infertility in a case of bicornuate bicollis uterus with longitudinal vaginal septum: An arduous clinical challenge,Goyal N,Halani D,Goyal N; Agrawal M; Dewani D; Reddy M; Halani D,Medical Science,NA,2023,03,crossref,AAGL2023_084
10.1007/s10304-024-00559-0,Primäre ausgeprägte Dysmenorrhö bei unerkanntem Uterus bicornis bicollis mit verschlossenem Vaginalseptum,Spaich K,Germeyer A,Spaich K; Germeyer A,Gynäkologische Endokrinologie,NA,2024,05,crossref,AAGL2023_084
10.1007/s41975-025-00392-z,Primäre ausgeprägte Dysmenorrhö bei unerkanntem Uterus bicornis bicollis mit verschlossenem Vaginalseptum,Spaich K,Germeyer A,Spaich K; Germeyer A,Journal für Gynäkologische Endokrinologie/Schweiz,NA,2025,06,crossref,AAGL2023_084
10.1016/j.jmig.2021.09.005,Go Wide before Closing in: A Safe Approach to Minimally Invasive Hysterectomy for a Large Broad Ligament Leiomyoma,Kashi K,Kashi K,Kashi K,Journal of Minimally Invasive Gynecology,NA,2021,11,crossref,AAGL2021_004
10.1016/j.jmig.2023.08.252,9625 Laparoscopic Retrograde Hysterectomy for a Large Broad Ligament Fibroid,Sakate S,Andou M,Sakate S; Ochi Y; Andou M,Journal of Minimally Invasive Gynecology,NA,2023,11,crossref,AAGL2021_004
10.1016/j.jmig.2025.09.448,"14244 Subtotal Hysterectomy with Large Paracervical Broad Ligament Fibroid Using the ""Terraces Rice Fields Technique.""",Nash R,Lam A,Nash R; Lam A,Journal of Minimally Invasive Gynecology,NA,2025,11,crossref,AAGL2021_004
10.1016/j.jmig.2022.09.344,7911 Laparoscopic Intraligamentous Broad Ligament Leiomyoma Myomectomy and Closure,Hsu R,Kliethermes C,Hsu R; Rausch J; Kliethermes C,Journal of Minimally Invasive Gynecology,NA,2022,11,crossref,AAGL2021_004
10.1016/j.jmig.2024.09.846,11797 vNOTES Hysterectomy Technique in a Case With Big Broad Ligament Fibroid,Naval S,Naval S,Naval S,Journal of Minimally Invasive Gynecology,NA,2024,11,crossref,AAGL2021_004
10.1016/j.jmig.2021.09.022,Robotic Trachelectomy for Cervical Myoma after Partial Hysterectomy,Corinti M,Barison G,Corinti M; Cutrim P; Pessoa P; Alvarenga-Bezerra V; Vieira Gomes M; Barison G,Journal of Minimally Invasive Gynecology,NA,2021,11,crossref,AAGL2021_021
10.1136/ijgc-2022-igcs.591,SF031/#895 Single-port robotic hysterectomy after the previous trachelectomy,Choi B,Jung G,Choi B; Lee K; Jung G,On-Demand Surgical Films,NA,2022,12,crossref,AAGL2021_021
10.1016/j.jmig.2022.09.242,Single Port Robotic Hysterectomy after the Previous Robotic Radical Trachelectomy,Choi B,Jung G,Choi B; Lee K; Jung G,Journal of Minimally Invasive Gynecology,NA,2022,11,crossref,AAGL2021_021
10.1016/j.ygyno.2026.01.198,Evaluating birth outcomes in early cervical cancer after trachelectomy versus hysterectomy: A cost-effective analysis,Barger A,Huepenbecker S,Barger A; Walker A; Huepenbecker S,Gynecologic Oncology,NA,2026,02,crossref,AAGL2021_021
10.1007/s11701-025-02540-w,Robotic radical trachelectomy in early stage cervical cancer,Heras M,Coronado P,Heras M; Gracia M; Coronado P,Journal of Robotic Surgery,NA,2025,07,crossref,AAGL2021_021
10.1016/j.jmig.2021.09.033,Tips and Tricks for Diaphragmatic Endometriosis Resection and Management of Iatrogenic Pneumothorax,Dejenie M,Stuparich M,Dejenie M; Singh M; Behbehani S; Nahas S; Stuparich M,Journal of Minimally Invasive Gynecology,NA,2021,11,crossref,AAGL2021_032
10.4103/gmit.gmit_125_22,Treatment of Iatrogenic Pneumothorax during Resection of Diaphragmatic Endometriosis using a Laparoscopic Suction Irrigator: A Simple Approach,Singh M,Stuparich M,Singh M; Dejenie M; Behbehani S; Nahas S; Handler S; Stuparich M,Gynecology and Minimally Invasive Therapy,NA,2023,10,crossref,AAGL2021_032
10.62830/mmj2-03-15c,Endometriosis Presenting as Pneumothorax: Rare Entity of Thoracic Endometriosis Syndrome — A Case Report and Review of Literature,Bansal S,Bansal S,Bansal S,Endometriosis Presenting as Pneumothorax: Rare Entity of Thoracic Endometriosis Syndrome — A Case Report and Review of Literature,"Endometriosis affects roughly 10% (190 million) of women and girls of reproductive age globally, having significant social, public health and economic implications. It can decrease quality of life due to severe pain, fatigue, depression, anxiety and infertility. It can present as varied symptoms but presentation as pneumothorax is not only rare but difficult to diagnose. We report a case of a 45-year-old female presenting with recurrent right-sided pneumothorax coinciding with her menstrual cycle. Surgical exploration confirmed the diagnosis. The patient underwent a right-sided video-assisted thoracoscopic surgery (VATS) with repair of diaphragmatic fenestrations and pleurodesis. There was no recurrence of symptoms on follow-up. This case highlights the importance of a high index of suspicion in reproductive-aged women with recurrent pneumothorax. This entity is also termed as catamenial pneumothorax (CP).",2025,09,crossref,AAGL2021_032
10.1302/3114-221012,Strategic Tips and Tricks for Frozen Shoulder Arthroscopic Management,NA,NA,,OrthoMedia,NA,2022,02,crossref,AAGL2021_032
10.1201/9781003567080-6b,Tips &amp; Tricks in the Percutaneous Treatment of Iatrogenic Femoral Pseudoaneurysms,Solimeno G,Solimeno G,Solimeno G,Tips and Tricks in Endovascular Surgery,NA,2025,10,crossref,AAGL2021_032
10.1016/j.jmig.2021.09.345,Complicated Laparoscopic Trachelectomy Following Supracervical Hysterectomy,Sutaria T,Marfori C,Sutaria T; Barnes W; Marfori C,Journal of Minimally Invasive Gynecology,NA,2021,11,crossref,AAGL2021_074
10.1016/j.jmig.2023.08.363,10310 Stepwise Approach to Laparoscopic Trachelectomy Following Supracervical Hysterectomy,Lin E,Chao L,Lin E; Sendukas E; Young R; Chao L,Journal of Minimally Invasive Gynecology,NA,2023,11,crossref,AAGL2021_074
10.5468/ogs.22094,Surgical outcomes of laparoscopic trachelectomy following supracervical hysterectomy: a multicenter study,Dawood A,Soliman A,Dawood A; Harras H; Moussa H; Soliman A,Obstetrics &amp; Gynecology Science,"ObjectiveTo evaluate the feasibility, safety, and surgical outcomes of laparoscopic trachelectomy after supracervical hysterectomy.MethodsThis multicenter study was conducted at Tanta University, Benha University, and Aminah Laparoscopy Center (Benha, Egypt) from June 1, 2018 to October 31, 2021. Forty patients were recruited for this study and counseled on laparoscopic trachelectomy to treat their symptoms after supracervical hysterectomy. Furthermore, cervical biopsy was performed to detect and exclude any malignancy. Histopathological examination of cervical specimens was performed after surgery. Operative details and outcomes were recorded.ResultsThe median age of the patients was 42 years (range, 38-47). The median body mass index was 25 years (range, 22- 28). The median interval between hysterectomy and the clinical presentation was 4.40 years (range, 3.58-5.25). Most patients presented with abnormal vaginal discharge (40%) and bleeding (25%). Moreover, a cervical biopsy result revealed stump carcinoma in three cases (7.5%) that were excluded. The median operative time was 210 minutes (range, 170-220). The median blood loss was 270 mL (range, 220-320). Additionally, histopathological examinations revealed that chronic non-specific cervicitis was present in 54.05% of trachelectomy specimens. There were no significant differences between symptomatic and asymptomatic patients regarding operative outcomes, except adhesions, which were more significantly increased in symptomatic patients (P=0.015). Minimal complications, both operative and postoperative, were related to the procedure.ConclusionAlthough the operative time was long and adhesions were common during laparoscopic trachelectomy, the procedure was feasible and safe, with minimal complications.",2022,11,crossref,AAGL2021_074
10.21608/ejhm.2023.318792,The Interval between a Supracervical Hysterectomy and Trachelectomy. What Led to an Early or Late Trachelectomy?,NA,NA,,The Egyptian Journal of Hospital Medicine,NA,2023,07,crossref,AAGL2021_074
10.1017/9781009128377.011,Total and Supracervical Laparoscopic Hysterectomy at Sacrocolpopexy: Procedure Steps and Evidence,NA,NA,,Laparoscopic Urogynecology,NA,2022,09,crossref,AAGL2021_074
10.1016/j.jmig.2021.09.369,Complicated Hysteroscopic Removal of Retained IUD Fragment,Palacios-Helgeson L,Mohling S,Palacios-Helgeson L; Mohling S,Journal of Minimally Invasive Gynecology,NA,2021,11,crossref,AAGL2021_098
10.1016/j.jmig.2025.09.122,Surgical Techniques for Hysteroscopic Removal of an Embedded IUD Fragment,Spielman S,Oshinowo A,Spielman S; Crifase C; Dadrat A; Oshinowo A,Journal of Minimally Invasive Gynecology,NA,2025,11,crossref,AAGL2021_098
10.1016/j.ajog.2022.12.286,“Push-pull”: a technique for hysteroscopic removal of a deeply embedded iud fragment,Mann P,Nguyen B,Mann P; myo m; Nguyen B,American Journal of Obstetrics and Gynecology,NA,2023,03,crossref,AAGL2021_098
10.1016/j.jmig.2022.09.224,Hysteroscopic Removal of Deeply Embedded IUD,Voigt P,Wagner E,Voigt P; McEntee K; Wagner E,Journal of Minimally Invasive Gynecology,NA,2022,11,crossref,AAGL2021_098
10.1016/j.jmig.2025.04.005,Office Hysteroscopic Removal of Embedded IUD in Early Pregnancy,Youssef Y,Chudnoff S,Youssef Y; To J; Chudnoff S,Journal of Minimally Invasive Gynecology,NA,2026,02,crossref,AAGL2021_098
10.1016/j.jmig.2022.09.026,AI-Derived Threshold Score of Intraabdominal Myoelectrical Activity Predicts Presence and Stage of Endometriosis with 100% Accuracy,Noar M,Noar M,Noar M,Journal of Minimally Invasive Gynecology,NA,2022,11,crossref,AAGL2022_010
10.1007/s00464-022-09642-8,Gastric myoelectrical activity based AI-derived threshold predicts resolution of gastroparesis post-pyloric balloon dilation,Noar M,Khan S,Noar M; Khan S,Surgical Endoscopy,NA,2023,03,crossref,AAGL2022_010
10.20944/preprints202404.0527.v1,Gastrointestinal Myoelectrical Activity (GIMA) Biomarker for Noninvasive Diagnosis of Endometriosis,Noar M,Kolatkar A,Noar M; Mathias J; Kolatkar A,NA,"Background/Objectives: Endometriosis represents substantial direct and indirect healthcare costs impacted by absent accurate, non-invasive uniformly diagnostic tools. We endeavored to demonstrate gastrointestinal myoelectrical activity (GIMA) biomarkers unique to endometriosis allow noninvasive, uniformly accurate diagnosis or exclusion of endometriosis. Methods: Prospective open-label comparative study of 154 patients, age &amp;amp;gt;18, with or without diagnosed endometriosis. Population included 62 non-endometriosis controls (Cohort 1), 43 subjects with surgically histologically-confirmed endometriosis (Cohort 2), and 49 subjects with abdominal pain and negative imaging (Cohort 3). Electroviscerography (EVG) recorded GIMA biomarkers from three abdominal electrodes before and 30-minutes post water-load protocol. Cohort 2 had postoperative EVG and Cohort 3 had preoperative EVG. Calculated specificity, sensitivity, NPV, PPV and predictive probability or C-Statistic used univariate, multivariate, linear and logistical regression analyses of the area under the curve (AUC) at all frequency and time points, including age and pain covariants. Results: Non-endometriosis cohort differed significantly from endometriosis cohorts (p&amp;amp;lt;0.001) for median (IQR), and AUC percent frequency distribution of power at baseline, 10-minute, 20-minute, and 30-minute post water-load at all frequency ranges 15-20cpm, 30-40cpm and 40-50cpm. Endometriosis cohorts were statistically similar (p&amp;amp;gt;0.05). GIMA biomarker threshold scoring demonstrated 95%/91% sensitivity and PPV, 96%/95% specificity and NPV and C-statistic of &amp;amp;gt;99%/98% respectively for age subsets. GIMA biomarkers in Cohort 3 predicted 47/49 subjects positive and 2/49 negative for endometriosis, confirmed surgically. Hormonal therapy, surgical stage, nor pain score affected diagnostic accuracy. Conclusions: Non-invasive electroviscerography with GIMA biomarker detection distinguished participants with and without endometriosis based upon endometriosis specific GIMA biomarkers threshold scoring.",NA,01,crossref,AAGL2022_010
10.3390/jcm13102866,Gastrointestinal Myoelectrical Activity (GIMA) Biomarker for Noninvasive Diagnosis of Endometriosis,Noar M,Kolatkar A,Noar M; Mathias J; Kolatkar A,Journal of Clinical Medicine,"Background/Objectives: Endometriosis represents substantial direct and indirect healthcare costs impacted by an absence of uniformly accurate, non-invasive diagnostic tools. We endeavored to demonstrate gastrointestinal myoelectrical activity (GIMA) biomarkers, unique to endometriosis, will allow non-invasive, uniformly accurate diagnosis or exclusion of endometriosis. Methods: Prospective open-label comparative study of 154 patients, age ≥ 18, with or without diagnosed endometriosis. Population included 62 non-endometriosis controls (Cohort 1), 43 subjects with surgically/histologically confirmed endometriosis (Cohort 2), and 49 subjects with abdominal pain and negative imaging (Cohort 3). Non-invasive electroviscerography (EVG) recorded GIMA biomarkers from three abdominal electrodes before and 30 min post water load protocol. Cohort 2 had postoperative EVG and Cohort 3 had preoperative EVG. Calculated specificity, sensitivity, negative predictive value (NPV), positive predictive value (PPV), and predictive probability or C-statistic used univariate, multivariate, linear, and logistical regression analyses of the area under the curve (AUC) at all frequency and time points, including age and pain covariants. Results: The non-endometriosis cohort differed significantly from the endometriosis cohorts (p &lt; 0.001) for median (IQR) and AUC percent frequency distribution of power at baseline, 10 min, 20 min, and 30 min post water load at all frequency ranges: 15–20 cpm, 30–40 cpm, and 40–50 cpm. The endometriosis cohorts were statistically similar (p &gt; 0.05). GIMA biomarker threshold scoring demonstrated 95%/91% sensitivity and PPV, 96%/95% specificity and NPV, and a C-statistic of &gt;99%/98%, respectively, for age subsets. GIMA biomarkers in Cohort 3 predicted 47/49 subjects positive and 2/49 negative for endometriosis, confirmed surgically. Hormonal therapy, surgical stage, nor pain score affected diagnostic accuracy. Conclusions: EVG with GIMA biomarker detection distinguished participants with and without endometriosis based upon endometriosis-specific GIMA biomarkers threshold scoring.",2024,05,crossref,AAGL2022_010
10.1016/j.jmig.2025.09.027,Defining the Role of the Gastrointestinal Myoelectrical Activity (GIMA) Biomarker in the Diagnosis of Endometriosis.,Tanos P,Karampelas S,Tanos P; Donders F; Massaro A; Philippe S; Karampelas S,Journal of Minimally Invasive Gynecology,NA,2025,11,crossref,AAGL2022_010
10.1016/j.jmig.2022.09.031,The Role of Endometriosis-Specific MRI Protocol in the Diagnosis and Management of Patients with Endometriosis-Related Pain,Luna-Russo M,Kho R,Luna-Russo M; Markwei M; Fan C; Yao M; Kho R,Journal of Minimally Invasive Gynecology,NA,2022,11,crossref,AAGL2022_015
10.1007/978-3-031-50662-8_10,"Role of Ultrasonography in the Diagnosis of Endometriosis in Infertile Women: Ovarian Endometrioma, Deep Endometriosis, and Superficial Endometriosis",Manieri Rocha R,Condous G,Manieri Rocha R; Leonardi M; Condous G,Endometriosis-related Infertility,NA,2024,01,crossref,AAGL2022_015
10.1177/22840265261427196,Corrigendum to “Endometriosis related pelvic pain following laparoscopic surgical treatment.”,NA,NA,,Journal of Endometriosis and Pelvic Pain Disorders,NA,2026,03,crossref,AAGL2022_015
10.1177/22840265231170912,Diagnosis and management of thoracic endometriosis syndrome: Case report,Murphy Shaw A,Spitzer T,Murphy Shaw A; Demarco K; Belovs L; Strange R; Spitzer T,Journal of Endometriosis and Pelvic Pain Disorders,"Introduction: While the diagnosis of endometriosis is relatively common, thoracic endometriosis is a rare manifestation. Thoracic Endometriosis Syndrome (TES) most commonly presents with pneumothorax, 3% which are bilateral, making this case unique in the already limited breadth of TES with catamenial hemopneumothorax. Additionally, this patient had laboratory values constant with ovarian suppression yet continued menses and recurrent hemopneumothorax, necessitating surgical intervention. We propose that with this severity of disease a combination of surgical intervention and hormonal therapy is the ideal approach, providing the lowest rate of recurrence. Case description: A 33 year old woman with 2-day history of chest pain and shortness of breath with heavy menstrual cycles and significant dysmenorrhea. A chest radiograph and computed tomography scan revealed right-sided pneumothorax and bilateral hemothoraces with left-sided diaphragmatic hernia. Video-assisted thoracoscopic surgery confirmed sanguinous pleural effusions and biopsy proven endometriotic lesions. The patient was started on a gonadotropin-releasing hormone agonist and experienced short-interval recurrence of her symptoms. An aromatase inhibitor was added to her regimen and she underwent a left diaphragmatic hernia repair. Conclusions: The recurrence of symptoms despite complete hypothalamic-pituitary-ovarian axis suppression, in addition to the surgical requirements and findings make this case unique in the already limited breadth of thoracic endometriosis syndrome with catamenial hemopneumothorax. ",2023,06,crossref,AAGL2022_015
10.1201/9780429488115-6,Pain Management Strategies and Alternative Therapies,Wartan S,Wartan S,Wartan S,Endometriosis,NA,2022,06,crossref,AAGL2022_015
10.1016/j.jmig.2022.09.048,Differences in Route of Benign Hysterectomy in Black Patients for Abnormal Uterine Bleeding with Exclusion of Fibroid Diagnosis,Palacios-Helgeson L,Gould C,Palacios-Helgeson L; Osmundsen B; Gould C,Journal of Minimally Invasive Gynecology,NA,2022,11,crossref,AAGL2022_030
10.1017/9781009003674.079,A 40-Year-Old G4P4 Woman with 16-Week-Size Fibroid Uterus and Abnormal Uterine Bleeding Desiring Hysterectomy,Webb C,Webb C,Webb C,Surgical Gynecology,NA,2021,12,crossref,AAGL2022_030
10.4103/asl.asl_72_22,Ayurvedic Management of Abnormal Uterine Bleeding in Uterine Fibroid,Rajoria K,Singh S,Rajoria K; Singh S,Ancient Science of Life,"Summary
          Abnormal uterine bleeding (AUB) is the most common gynecological problem and is often accompanied with uterine fibroid. Very limited options are available in biomedicine for the AUB. In this reported case, AUB associated with stasis dermatitis was managed on the line of treatment of Vataja Yonivyapada with satisfactory results. This is a case of AUB in uterine fibroid associated with stasis dermatitis in the left lower limb of a 39-year-old female. Gokshuradi Guggulu 750 mg, Shatavari Churna - 2 g, Gairika - 500 mg, and Mukta Shukti Pishti - 500 mg were given twice a day for 18 months, Pushyanuga Churna - 2 g, Chandraprabha Vati - 250 mg, and Arsha Kuthara Rasa 250 mg twice a day for 8 months, and Gokshura churna - 2 g twice a day for 14 months were given to her as oral medication. Jatyadi taila was applied locally twice a day on affected area for 17 months. Four sets of Anuvasana Basti (medicated oil enema), one set of Raktamokshana (therapeutic bloodletting) with Alabu, and three sets of Raktamokshana with Shringa were also adopted in 14 months of treatment duration. After 14 months of treatment, the size of the bulky uterus was reduced from 108 mm × 76 mm × 70 mm in May 2018 to 102 mm × 64 mm × 55 mm in May 2019 and from 7.0 to 6.6 mm in endometrium thickness. The fibroid was resolved, and abnormal bleeding was arrested. This case demonstrates that Ayurveda oral medication and Panchakarma based on the management of Vataja Yonivyapada may be useful in AUB associated with stasis dermatitis.",2024,01,crossref,AAGL2022_030
10.1891/9780826144676.0054,Abnormal Uterine Bleeding,NA,NA,,Formulating a Differential Diagnosis for the Advanced Practice Provider,NA,2022,04,crossref,AAGL2022_030
10.2139/ssrn.4925453,Uterine Necrosis Requiring Hysterectomy after Transcervical Uterine Fibroid Radiofrequency Ablation,Cline B,Doytcheva K,Cline B; Eastman L; Doytcheva K,NA,NA,NA,01,crossref,AAGL2022_030
10.1016/j.jmig.2022.09.057,Laparoscopic Modified McCall Culdoplasty,Foxx A,Till S,Foxx A; Whitmore G; Till S,Journal of Minimally Invasive Gynecology,NA,2022,11,crossref,AAGL2022_038
10.1007/s00192-024-05886-1,A Modified McCall Culdoplasty in Pelvic Organ Prolapse Surgery: Anatomical and Functional Outcomes,Ettore G,Ettore C,Ettore G; Torrisi G; Grimaldi R; Ettore C,International Urogynecology Journal,NA,2024,12,crossref,AAGL2022_038
10.1016/j.tjog.2022.11.013,McCall culdoplasty vs. vaginally assisted laparoscopic sacrocolpopexy in the treatment of advanced uterine prolapse: A randomized controlled study,Karadag B,Tatar S,Karadag B; Mulayim B; Karadag C; Akdaş B; Karataş S; Yüksel B; Tatar S,Taiwanese Journal of Obstetrics and Gynecology,NA,2023,03,crossref,AAGL2022_038
10.1016/j.ejogrb.2022.01.012,Fixation of uterosacral ligaments to anterior vaginal wall during modified McCall culdoplasty after vaginal hysterectomy,Mancarella M,Sgro L,Mancarella M; Testa F; Chiadò Piat F; Novara L; Biglia N; Sgro L,European Journal of Obstetrics &amp; Gynecology and Reproductive Biology,NA,2022,03,crossref,AAGL2022_038
10.3329/bjog.v37i2.68795,Complications during Vaginal Sacrospinous Fixation along with McCall Culdoplasty in Stage III and IV POP,Begum B,Begum R,Begum B; Begum B; Begum R,Bangladesh Journal of Obstetrics &amp; Gynaecology,"In Bangladesh, about half a million women are suffering from stage III or IV pelvic organ prolapse (POP). With traditional surgical methods, there is a chance of recurrence, especially of apical prolapse. Sacrospinous fixation (SSF) along with MacCall Culdoplasty during vaginal hysterectomy can reduce this recurrence rate enormously. This study was designed to identify, manage as well as to prevent per-/post-operative complications during SSF. The study period was from August 2017 to December 2021 at Kumudini Women’s Medical College and Hospital, Bangladesh. Total 335 stage III and IV utero-vaginal prolapse cases were included in this study. The surgeries performed were vaginal hysterectomy followed by modified McCall Culdoplasty and right-sided vaginal sacrospinous ligament fixation (SSF) along with anterior and posterior fascial closure and perineorrhaphy. A standard data collection sheet was used to record the information. Per-operatively, main complications were hemorrhage (3.57%) due to vessel injury and rectal injury (0.90%). The immediate early postoperative complication was buttock pain (24%). Of these, in 97.53% cases, pain subsided within 6 weeks with analgesic and counselling. Only one patient had recurrence of apical prolapse within 1st week of operation. It should be concluded that with proper knowledge of anatomy and careful surgical technique, most of the complications can be avoided.
Bangladesh J Obstet Gynaecol, 2022; Vol. 37(2): 90-97",2023,11,crossref,AAGL2022_038
10.1016/j.jmig.2022.09.062,The Role of Minimally Invasive Intrauterine Surgery in Improving the Results of IVF Programs,Kozachenko I,Stepanian A,Kozachenko I; Smolnikova V; Adamyan L; Stepanian A,Journal of Minimally Invasive Gynecology,NA,2022,11,crossref,AAGL2022_040
10.1016/j.jmig.2025.09.331,14898 Practice Pattern Characteristics of Graduates of Minimally Invasive Gynecologic Surgery Fellowship Programs,Dawodu O,Lauer J,Dawodu O; Lauer J,Journal of Minimally Invasive Gynecology,NA,2025,11,crossref,AAGL2022_040
10.1055/b-0042-188736,55 The Role of Biologics in Minimally Invasive Spine Surgery,NA,NA,,Essential Step-by-Step Techniques for Minimally Invasive Spinal Surgery,NA,2022,01,crossref,AAGL2022_040
10.1016/j.jmig.2024.09.887,12063 Early Clinical Experience With a Peg-Based Hydrogel Spacer for the Prevention of Intrauterine Adhesions Following Hysteroscopic Surgery,Garza Leal J,Garza Leal J,Garza Leal J,Journal of Minimally Invasive Gynecology,NA,2024,11,crossref,AAGL2022_040
10.1016/j.jmig.2025.09.084,Successful Pregnancy after Extensive Robotic Adenomyosis Surgery Using the Double-Flap Technique and Intrauterine Indocyanine Green,Oliveira M,Faria B,Oliveira M; Pereira T; Alves J; Faria B,Journal of Minimally Invasive Gynecology,NA,2025,11,crossref,AAGL2022_040
10.1016/j.jmig.2022.09.066,Preoperative Tamsulosin to Prevent Postoperative Urinary Retention after Pelvic Floor Repair Surgery,Garcia-Ruiz N,Hurtado E,Garcia-Ruiz N; Malekzadeh M; Hurtado E,Journal of Minimally Invasive Gynecology,NA,2022,11,crossref,AAGL2022_044
10.4103/sjl.sjl_2024_a17,SJLA_2024_A17: Use of Perioperative Tamsulosin to Prevent Postoperative Urinary Retention Following Day Case Laparoscopic Inguinal Hernia Repair,AlGhazal T,AlGhazal T,AlGhazal T,Saudi Journal of Laparoscopy,"Postoperative urinary retention is one of the more common complications following laparoscopic inguinal hernia repair (LIHR). We hypothesized that the oral one adrenergic blocker Tamsulosin, (Flomax, Boehringer Ingelheim) could be used to decrease the incidence of urinary retention after LIHR. Data from all patients undergoing laparoscopic total extraperitoneal (TEP) inguinal hernia repair by a single surgeon from June 2012 through June 2017 were collected prospectively. Patients received Tamsulosin (Flomax) 0.4 mg/day orally for a total of 5 days beginning 2 days before surgery. All TEP procedures were done under general anesthesia without a urinary catheter in place. Patients were discharged home after voiding in the recovery area. Data are expressed as mean ± standard deviation; flomax was administered to 30 of 32 consecutive patients undergoing outpatient TEP inguinal hernia repair. The mean patient age was 51.3 ± 10.5 years (28–72 years). Ten (32.2%) patients were operated on for recurrent inguinal hernias, 14 (45.1%) had bilateral hernias repaired, and 4 (12.9%) had concomitant umbilical hernia repair. The average operative time was 60 ± 24 min. The mean amount of intraoperative fluids given was 998 ± 297 ml. Two patients were excluded from the study because they required a urinary catheter in the operating room for other reasons (one requiring concomitant cystoscopy and one with anticipated complicated repair in patients who had three prior open inguinal hernia repairs and did not take Flomax). None of the patients given Flomax perioperatively developed urinary retention and all were discharged home the same day of surgery. In contrast, the two patients undergoing TEP repairs who did not receive Flomax perioperatively both developed urinary retention that required catheter placement.",2023,01,crossref,AAGL2022_044
10.1007/s00192-025-06218-7,Commentary on “Effect of Preoperative Tamsulosin on Postoperative Urinary Retention Prevention after Sling Placement: A Randomized Controlled Trial”,Fornari A,Fornari A,Fornari A,International Urogynecology Journal,NA,2025,06,crossref,AAGL2022_044
10.1016/j.ajog.2024.02.136,Tamsulosin for prevention of postoperative urinary retention after vaginal pelvic organ prolapse surgery: a retrospective review,Song J,Alas A,Song J; Alas A,American Journal of Obstetrics and Gynecology,NA,2024,04,crossref,AAGL2022_044
10.1097/spv.0000000000001632,Tamsulosin to Prevent Urinary Retention After Vaginal Urogynecologic Surgery,Song J,Alas A,Song J; Carrillo L; Tibon J; Botros-Brey S; Evans E; Alas A,Urogynecology,"
            Importance
            Postoperative urinary retention (POUR) affects up to 51% of women undergoing surgery for pelvic organ prolapse (POP). Effective prevention strategies remain elusive, although alpha receptor antagonists show promise in recent literature.
          
          
            Objectives
            This study sought to evaluate the effect of preoperative tamsulosin on POUR after vaginal surgery for POP.
          
          
            Study Design
            We conducted a retrospective cohort study of female patients undergoing vaginal surgery for POP, with or without concomitant midurethral sling. Patients who received preoperative tamsulosin were compared with controls. All patients were discharged on the day of surgery after undergoing a standardized voiding trial. The primary outcome was the rate of POUR, defined by a failed voiding trial. Secondary outcomes included complication rates and risk factors for POUR.
          
          
            Results
            A total of 195 patients were included for analysis, with 60 patients (30.8%) receiving tamsulosin and 135 (69.2%) not. Baseline demographics were similar between groups, except the tamsulosin group had lower parity and were less likely to splint to void. The tamsulosin group had similar rates of POUR compared with control (31.7% vs 34.8%, P = 0.67). Multivariate logistic regression controlling for confounders showed no significant effect of tamsulosin on POUR rates (odds ratio, 0.65; 95% confidence interval, 0.31–1.35; P = 0.24). Concomitant sling placement was identified as the only independent risk factor for POUR (odds ratio, 3.00; 95% confidence interval, 1.55–5.81; P = 0.001).
          
          
            Conclusions
            Preoperative tamsulosin does not appear to be effective in preventing postoperative urinary retention in women undergoing vaginal surgery for POP, whereas concomitant sling placement appears to increase its risk.
          ",2025,04,crossref,AAGL2022_044
10.1016/j.jmig.2022.09.081,Post-Operative Voiding Function after Total Laparoscopic Hysterectomy with Transvaginal Versus Transabdominal Morcellation,Marguerie M,Marguerie M,Marguerie M,Journal of Minimally Invasive Gynecology,NA,2022,11,crossref,AAGL2022_057
10.1089/gyn.2023.0132,Postoperative Voiding Function After Total Laparoscopic Hysterectomy with Transvaginal Versus Transabdominal Morcellation,Marguerie M,Sanders A,Marguerie M; Carrigan R; Lo K; Belland L; Secter M; Sanders A,Journal of Gynecologic Surgery,"
                    Objective:
                    This study examined postoperative urinary retention (POUR) rates in patients who had transvaginal or transabdominal morcellation for large fibroids or adenomyotic uteri.
                  
                  
                    Materials and Methods:
                    This retrospective, observational cohort study was conducted, from January 2015 to April 2021, in a multicenter health care system, in Calgary and Southern Alberta, Canada. The patients were women, ≥18 years, who had total laparoscopic hysterectomy with morcellation. Women with preexisting urinary retention were excluded. POUR was urinary retention needing an indwelling or in-and-out catheter postoperatively before discharge.
                  
                  
                    Results:
                    There were no differences in POUR for transvaginal (29/139; 20.9%) and transabdominal (12/56; 21.4%) morcellation. There were also no differences in time to first postoperative void (5.5 hours [range: 3.5–8] versus 5.75 hours [range: 4–7.125]); length of stay (23 hours [range: 20.875–25.625] versus 22 hours [range:18.5–24.5]); postoperative urinary tract infections (5.1% versus 3.6%); or visits to the emergency department for POUR postdischarge (1.4% versus 1.8%) for transvaginal and transabdominal morcellation, respectively. The vaginal-morcellation group trended toward increased complication rates during morcellation (7% versus 0%) and urinary complaints at postoperative follow-ups (9.4% versus 0%).
                  
                  
                    Conclusions:
                    Either morcellation type produces similar rates of POUR. Surgeon and patient preferences guide decisions on preferred morcellation routes. Larger prospective trials are needed to further assess POUR, potential for increased complications, and postoperative urinary complaints induced by transvaginal morcellation. (J GYNECOL SURG 20XX:000)
                  ",2024,10,crossref,AAGL2022_057
10.52054/fvvo.14.1.006,Total surgical time in laparoscopic supracervical hysterectomy with laparoscopic in-bag-morcellation compared to laparoscopic supracervical hysterectomy with uncontained morcellation,Krentel H,De Wilde R,Krentel H; Tchartchian G; Torres de la Roche L; De Wilde R,"Facts, Views and Vision in ObGyn","Background: A possible solution to the problem of cell dissemination through laparoscopic uncontained morcellation during laparoscopic supracervical hysterectomy (LASH) is the use of laparoscopic in-bag morcellation. One criticism regarding the use of in-bag morcellation is the additional surgical time associated with this procedure.

Objectives: In this retrospective study we compared the total surgical time in LASH with laparoscopic in-bag morcellation (107 cases from 2016-2018) and LASH with uncontained morcellation (47 cases from 2015-2017).

Materials and Methods: All surgeries were performed in the same department of minimally invasive gynaecological surgery by a total of three experienced surgeons for the indication of bleeding disorder and / or dysmenorrhea.

Main outcome measures: We measured and compared total surgical time, surgical outcome, blood loss and complications in LASH with in-bag morcellation and with uncontained morcellation.

Results: Total surgical time in both procedures do not show a significant difference. Considering the learning curve in laparoscopic bag use, the total surgical time in LASH with laparoscopic in-bag morcellation is shorter than total surgical time in LASH with uncontained morcellation. Laparoscopic in-bag morcellation consumes time for bag use and handling, but saves time as it eliminates the need for meticulous sampling of lost tissue fragments and the complex lavage of the peritoneal cavity after morcellation. There is no difference between both groups in terms of blood loss, complications and surgical results.

Conclusion / What is new? We conclude that LASH with in-bag morcellation is not related to additional surgical time when compared to LASH with uncontained morcellation.",2022,03,crossref,AAGL2022_057
10.7759/cureus.86305,Spontaneous Transvaginal Evisceration of the Small Bowel Two Years Post Laparoscopic Total Hysterectomy: A Case Report,Houmaid H,Soummani A,Houmaid H; Sali M; Harou K; Asmouki H; Soummani A,Cureus,NA,2025,06,crossref,AAGL2022_057
10.21203/rs.3.rs-7265446/v1,Patient Outcomes with Robotic-Assisted Total Laparoscopic Hysterectomy Versus Robotic-Assisted Total Laparoscopic Hysterectomy with Minilaparotomy,Tubert A,Zgheib N,Tubert A; Lee R; Wright A; Roth D; Lamichhane R; Zgheib N,NA,"Abstract
        Background: Minimally invasive hysterectomy, with removal of the specimen through the vagina, has minimal morbidity and superior intraoperative and postoperative outcomes compared to abdominal hysterectomy. There are times, however, when vaginal specimen removal may not be feasible and a minilaparotomy can be utilized. This study purpose was to compare outcomes of robotic-assisted total laparoscopic hysterectomies with vaginal removal of the specimen versus minilaparotomy specimen extraction.
Methods:  A retrospective cohort study was conducted among two groups of patients who underwent a robotic-assisted total laparoscopic hysterectomy with vaginal specimen extraction (RV) or minilaparotomy specimen extraction (RL) by the gynecologic oncology service at an academic institution. Blood loss, pain medication requirements, length of stay and surgical complications were compared between groups.
Results: From January 2017 to October 2022, 1643 patients underwent a robotic hysterectomy. Sixty patients required a minilaparotomy for specimen extraction versus 1583 patients who had a vaginal extraction. RL cases had a larger blood loss (114.8mL vs 60.0mL, p&lt;0.001), morphine milligram equivalents requirements (95.8 versus 84.2, p=0.018), and length of stay (1.5 versus 1.2 days, p&lt;0.001) when compared to RV cases. Postoperative complications were more common in malignant RL cases compared to malignant RV extraction cases (p-value =0.028).
Conclusion: Despite a statistical increase in blood loss, pain medication needs, and length of stay, these outcomes were of limited clinical significance, and overall, RL was found to be a safe option for specimen removal when vaginal extraction is not feasible.",NA,01,crossref,AAGL2022_057
10.1016/j.jmig.2022.09.082,Surgical Practice Patterns in the Management of Ovarian Torsion,Brah T,Wang K,Brah T; Le Neveu M; Snow M; Krishnamoorthi M; Wu H; Simpson K; Patzkowsky K; Frost A; Wang K,Journal of Minimally Invasive Gynecology,NA,2022,11,crossref,AAGL2022_058
10.21275/mr24922003541,Laparoscopic Surgical Management of Ovarian Fibroma with Torsion in Young Female: A Case Report,Meena N,Meena N,Meena N,International Journal of Science and Research (IJSR),NA,2024,09,crossref,AAGL2022_058
10.1016/j.repbio.2025.101054,"Surgical management of ovarian torsion in children: Detorsion, cyst/mass excision, and ovarian fixation",Sancar S,Dayı S,Sancar S; Anayurt M; Dayı S,Reproductive Biology,NA,2025,09,crossref,AAGL2022_058
10.1016/b978-0-443-33833-5.00039-8,Ovarian–adnexal torsion,Spanos C,Spanos C,Spanos C,Non-Traumatic Acute Surgical Problems,NA,2025,01,crossref,AAGL2022_058
10.7759/cureus.95643,A Rare Case of Ovarian Dermoid Torsion in the Third Trimester: Clinical Challenges and Surgical Management,Saleem R,Mo R,Saleem R; Sathyendran P; Askalany T; Mo R,Cureus,NA,2025,10,crossref,AAGL2022_058
10.1016/j.jmig.2022.09.127,"Dissection Techniques for Dense Adhesions between Uterus, Bladder, and Anterior Abdominal Wall",Jiggetts S,Herzog D,Jiggetts S; Dad N; Schulman A; Herzog D,Journal of Minimally Invasive Gynecology,NA,2022,11,crossref,AAGL2022_098
10.26717/bjstr.2022.47.007460,"""Gynecological Leiomyoma of the Anterior Abdominal Wall: Localization Beyond the Uterus""",Azoulay D,Azoulay D,Azoulay D,Biomedical Journal of Scientific &amp; Technical Research,NA,2022,11,crossref,AAGL2022_098
10.1016/j.jmig.2021.09.685,Approach to a Total Laparoscopic Hysterectomy with Anterior Abdominal Wall Adhesions,OBrien E,Miles S,OBrien E; Miles S,Journal of Minimally Invasive Gynecology,NA,2021,11,crossref,AAGL2022_098
10.1016/j.jmig.2021.08.020,vNOTES Lateral Window Approach to Hysterectomy in a Case with Previous History of Multiple Surgeries Resulting in Keloid Scars and Enlarged Uterus with Dense Bladder Adhesions,Naval S,Naval S,Naval S,Journal of Minimally Invasive Gynecology,NA,2022,02,crossref,AAGL2022_098
10.53347/rid-213595,Anterior abdominal wall hemangioma,Hussin N,Hussin N,Hussin N,Radiopaedia.org,NA,2026,02,crossref,AAGL2022_098
10.1016/j.jmig.2023.08.022,Comparison of O-RADS 2022 and Simple Rules Ultrasound Classifications to Predict Adnexal Malignancy,Solnik M,Nasri F,Solnik M; Atri M; Nanapragasam A; Sagheb S; Nasri F,Journal of Minimally Invasive Gynecology,NA,2023,11,crossref,AAGL2023_015
10.1016/j.crad.2025.107180,Ultrasound Ovarian-Adnexal Reporting and Data System (O-RADS) and modified ultrasound simple rules comparison in evaluation of surgically proven adnexal masses,Kajal D,Atri M,Kajal D; Nanapragasam A; Leckie A; Sagheb S; Nasri F; Bouchard-Fortier G; Solnik J; Atri M,Clinical Radiology,NA,2026,01,crossref,AAGL2023_015
10.12677/acm.2022.123313,"Comparison of O-RADS Classification, GI-RADS Classification and Simple Rules in the Diagnosis of Adnexal Tumors",王 荣,王 荣,王 荣,Advances in Clinical Medicine,NA,2022,01,crossref,AAGL2023_015
10.1002/uog.24777,"Performance of <scp>IOTA</scp> Simple Rules, Simple Rules risk assessment, <scp>ADNEX</scp> model and <scp>O‐RADS</scp> in differentiating between benign and malignant adnexal lesions in North American women",Hiett A,Reid T,Hiett A; Sonek J; Guy M; Reid T,Ultrasound in Obstetrics &amp; Gynecology,"ABSTRACTObjectivesTo apply the International Ovarian Tumor Analysis (IOTA) Simple Rules (SR), the IOTA Simple Rules risk assessment (SRR), the IOTA Assessment of Different NEoplasias in the adneXa (ADNEX) model and the Ovarian‐Adnexal Reporting and Data System (O‐RADS) in the same cohort of North American patients and to compare their performance in preoperative discrimination between benign and malignant adnexal lesions.MethodsThis was a single‐center diagnostic accuracy study, performed between March 2018 and February 2021, which included 150 women with an adnexal lesion. Using the ADNEX model, lesions were classified prospectively, whereas the SR, SRR assessment and O‐RADS were applied retrospectively. Surgery with histological analysis was performed within 6 months of the ultrasound exam. Sensitivity and specificity were determined for each testing modality and the performance of the different modalities was compared.ResultsOf the 150 women, 110 (73.3%) had a benign ovarian tumor and 40 (26.7%) had a malignant tumor. The mean risk of malignancy generated by the ADNEX model without CA 125 was significantly higher in malignant vs benign lesions (63.3% vs 11.8%) and the area under the receiver‐operating‐characteristics curve (AUC) of the ADNEX model for differentiating between benign and malignant adnexal masses at the time of ultrasound examination was 0.937. The mean risk of malignancy generated by SRR assessment was also significantly higher in malignant vs benign lesions (74.1% vs 15.9%) and the AUC was 0.941. To compare the ADNEX model, SRR assessment and O‐RADS, the malignancy risk threshold was set at ≥ 10%. This cut‐off differentiates O‐RADS low‐risk categories (Category ≤ 3) from intermediate‐to‐high‐risk categories (Categories 4 and 5). At this cut‐off, the sensitivity of the ADNEX model was 97.5% (95% CI, 85.3%–99.9%) and the specificity was 63.6% (95% CI, 53.9%–72.4%), and, for the SRR model, the sensitivity was 100% (95% CI, 89.1%–100%) and the specificity was 51.8% (95% CI, 42.1%–61.4%). In the 113 cases to which the SR could be applied, the sensitivity was 100% (95% CI, 81.5%–100%) and the specificity was 95.6% (95% CI, 88.5%–98.6%). If the remaining 37 cases, which were inconclusive under SR, were designated ‘malignant’, the sensitivity remained at 100% but the specificity was reduced to 79.1% (95% CI, 70.1%–86.0%). The 150 cases fell into the following O‐RADS categories: 17 (11.3%) lesions in Category 2, 34 (22.7%) in Category 3, 66 (44.0%) in Category 4 and 33 (22.0%) in Category 5. There were no histologically proven malignant lesions in Category 2 or 3. There were 14 malignant lesions in Category 4 and 26 in Category 5. The sensitivity of O‐RADS using a malignancy risk threshold of ≥ 10% was 100% (95% CI, 89.1%–100.0%) and the specificity was 46.4% (95% CI, 36.9%–56.1%).ConclusionsWhen IOTA terms and techniques are used, the performance of IOTA models in a North American patient population is in line with published IOTA results in other populations. The IOTA SR, SRR assessment and ADNEX model and O‐RADS have similar sensitivity in the preoperative discrimination of malignant from benign pelvic tumors; however, the IOTA models have higher specificity and the algorithm does not require the use of magnetic resonance imaging. © 2022 International Society of Ultrasound in Obstetrics and Gynecology.",2022,05,crossref,AAGL2023_015
10.1002/jcu.24048,Comparison of the Diagnostic Performance of Ovarian Adnexal Reporting Data System (O‐<scp>RADS</scp>) With <scp>IOTA</scp> Simple Rules and <scp>ADNEX</scp> Model for Classifying Adnexal Masses: A Head‐To‐Head Meta‐Analysis,Almeida G,Alcázar J,Almeida G; Bort M; Alcázar J,Journal of Clinical Ultrasound,"ABSTRACTObjectiveTo compare the diagnostic accuracy of O‐RADS (Ovarian Reporting and Data System) and IOTA (international Ovarian Tumor Analysis group) simple rules (SR) and ADNEX (Assessment of Different NEoplasias in the adnexa) model for discriminating benign from malignant adnexal masses using meta‐analysis.MethodsA systematic search of studies comparing O‐RADS with SR and/or ADNEX in the same set of patients with an adnexal mass was performed in Medline, Web of Science, and Scopus databases from January 2020 to September 2023. Quality was assessed using the QUADAS‐2 tool. Quantitative meta‐analysis was performed.ResultsNine articles comprising 3924 women (3979 adnexal masses) were ultimately included after exclusions. Three studies compared O‐RADS versus SR, three studies compared O‐RADS versus ADNEX, and three studies compared all three methods. The risk of bias was high for patient selection in QUADAS‐2 in all studies. Six studies compared O‐RADS versus SR; no significant differences were found (pooled sensitivity and specificity of O‐RADS and IOTA SR were 94.0% and 77.0%, and 91.0% and 87.0%, respectively. p = 0.2204). Six studies compared O‐RADS versus ADNEX; no significant differences were found (pooled sensitivity and specificity of O‐RADS classification system and ADNEX were 95.0% and 79.0%, and 91.0% and 88.0%, respectively. p = 0.2307).ConclusionO‐RADS classification has a similar diagnostic performance to IOTA SR and ADNEX for discriminating benign and malignant adnexal masses.",2025,09,crossref,AAGL2023_015
10.1016/j.jmig.2023.08.028,Association between Ultrasound Soft Markers of Endometriosis and Pathologically Confirmed Positivity Rates of Endometriosis Lesions,VanDeman H,Mikhail E,VanDeman H; Moino D; Tanner J; Wyant H; Al Jumaily M; Hochberg L; Mikhail E,Journal of Minimally Invasive Gynecology,NA,2023,11,crossref,AAGL2023_020
10.1089/whr.2023.0068,The Association Between Endometriosis Treatments and Depression and/or Anxiety in a Population-Based Pathologically Confirmed Cohort of People with Endometriosis,Goodwin E,Hanley G,Goodwin E; Abreu do Valle H; Nitschke A; Puyat J; Yong P; Hanley G,Women's Health Reports,"
                    Objective:
                    Endometriosis patients have a high rate of co-occurring anxiety and depression. There is currently no literature investigating how this may affect endometriosis treatment and outcomes. This study examines the prevalence of depression and anxiety in a pathologically confirmed population-based endometriosis cohort and examines how endometriosis treatments and outcomes differ by the presence of co-occurring depression and/or anxiety.
                  
                  
                    Methods:
                    This retrospective cohort study using population-based administrative data sets included pathologically confirmed endometriosis patients identified from the complete pathology records of Vancouver Coastal Health Authority (British Columbia, Canada) between 2000 and 2008. These data were linked with population-based health data for follow-up to 2017. Bivariate analyses assessed differences between patients with depression and/or anxiety and those without. Odds ratios (ORs) were calculated to assess the odds of binary postsurgical outcomes.
                  
                  
                    Results:
                    Our final cohort consisted of 3815 patients. There were 603 patients (15.8%) with depression and/or anxiety. They were more likely to visit a physician for pelvic pain, more likely to take some hormonal medications, and more likely to fill prescription-level analgesics, including opioids both before and after surgery. They also had a significantly higher risk of reoperation for their endometriosis than people without co-occurring depression and/or anxiety (OR 1.32, 95% confidence interval [CI]: 1.07–1.61).
                  
                  
                    Conclusion:
                    Endometriosis patients with co-occurring depression and/or anxiety used more health services for pain, including prescription-level analgesics, and were more likely to have an endometriosis reoperation. We recommend that future study should aim to better understand the direction of this association between depression and/or anxiety and increased health services use.
                  ",2023,02,crossref,AAGL2023_020
10.1161/blog.20220822.965454,Article Commentary: “Laparoscopically Confirmed Endometriosis and Risk of Incident Stroke”,NA,NA,,Blogging Stroke,NA,2022,08,crossref,AAGL2023_020
10.1201/9780429488115-3,Pelvic Ultrasound for Endometriosis:,Exacoustos C,Lazzeri L,Exacoustos C; Lazzeri L,Endometriosis,NA,2022,06,crossref,AAGL2023_020
10.1016/j.jeud.2025.100140,"The association between body mass index (BMI) and the severity of endometriosis, pelvic pain, and frequency of gastrointestinal symptoms in patients with endometriosis",Giahi L,Razi S,Giahi L; Padmehr R; Shadjoo K; Irani H; Razi S,Journal of Endometriosis and Uterine Disorders,NA,2026,03,crossref,AAGL2023_020
10.1016/j.jmig.2023.08.035,The Correlation between Endometrial Polyp Size and the Risk for Uterine Malignancy,Nassie D,Borovich A,Nassie D; Cohen G; Matot R; Bral P; Elfeky A; Goldchmit C; Borovich A,Journal of Minimally Invasive Gynecology,NA,2023,11,crossref,AAGL2023_026
10.1093/bjs/znaf270.302,7 Association Between Gallbladder Polyp Size and Risk of Malignancy: A Single Centre Retrospective Study,Kassem A,Kassem A,Kassem A,British Journal of Surgery,"Abstract
                  
                    Aim
                    To investigate ultrasound image findings in patients with gallbladder polyps requiring cholecystectomy and assess the risk of gallbladder malignancy associated with polyps.
                  
                  
                    Method
                    Patients with ultrasound diagnosis of gallbladder polyps who underwent cholecystectomy between January 2019 and September 2023 were included. Histology reports were thoroughly reviewed to find possible diagnosis of gallbladder malignancy.
                  
                  
                    Results
                    A total of 701 patients' records who had cholecystectomy were reviewed, 45 patients were included as per the inclusion criteria, of whom 73% were women. Mean age was 52÷15 years. Average size of the polyps on ultrasound was 7.26mm and approximately 26.7% of polyps were noted to be bigger than 10mm.
                    Overall analysis of the data showed that none of the histology confirmed malignancy.
                  
                  
                    Conclusions
                    Literature review and current ESGAR guidelines suggests that gallbladder polyps, particularly with size
                    &amp;gt; 10mm have significant risk of conversion to malignancy. Nearly a quarter of the patients who underwent cholecystectomy for gallbladder polyp had a polyp size &amp;gt; 10mm however none of them were proven malignant on histology. This study was conducted on small cohort of patients, further studies on larger cohorts are needed in order to draw conclusions.
                  ",2025,12,crossref,AAGL2023_026
10.5220/0011375000003443,Correlation between Differential Expression of m6A and Prognosis of Uterine Corpus Endometrial Carcinoma,Zuo M,Zuo M,Zuo M,Proceedings of the 11th International Conference on Biomedical Engineering and Bioinformatics,NA,2022,01,crossref,AAGL2023_026
10.1186/s12905-024-03406-3,Malignancy risk factors based on endometrial polyp,Cetin F,Goc G,Cetin F; Kayar İ; Birge Ö; Goc G,BMC Women's Health,NA,2024,10,crossref,AAGL2023_026
10.48095/cccg202444,Ultrasound finding of endometrial polyp and factors increasing risk of malignancy,,Weinberger V, ; Koblížková M; Bretová P; Felsinger M; Minář L; Bednaříková M; Weinberger V,Česká gynekologie,"This article presents a comprehensive review of factors that increase the risk of malignancy in ultrasound findings of an endometrial polyp. We collected original studies, reviews, and meta-analyses that dealt with the topic of endometrial polyps and the risk of developing endometrial cancer. Each presumed risk factor was analysed individually. According to searched studies, abnormal uterine bleeding, old age, and body mass index are valid risk factors for developing endometrial cancer in endometrial polyps. Lynch syndrome patients are also in a high-risk group for endometrial cancer. On the other hand, the number of polyps, their size, diabetes mellitus, hypertension, and positive family history are factors with inconclusive results. There are either not enough data or different results among several studies.   Key words: endometrial polyp – risk factors – endometrial carcinoma – polyp size – tamoxifen – abnormal uterine bleeding",2024,02,crossref,AAGL2023_026
10.1016/j.jmig.2023.08.037,Methoxyflurane Analgesia for Conscious Hysteroscopy: A Double-Blind Randomised Placebo-Controlled Trial (MACH Trial),Twidale E,Dudley N,Twidale E; Neutens S; Streeton C; Mudzamiri T; Hunt L; Dudley N,Journal of Minimally Invasive Gynecology,NA,2023,11,crossref,AAGL2023_028
10.1111/ajo.13861,"Methoxyflurane analgesia for outpatient hysteroscopy: A double‐blind, randomised, controlled trial",Twidale E,Streeton C,Twidale E; Neutens S; Hynt L; Dudley N; Streeton C,Australian and New Zealand Journal of Obstetrics and Gynaecology,"BackgroundDespite clinical and economic benefits, pain during outpatient hysteroscopy (OPH) remains a barrier to use. There is a lack of evidence to support routine use of one analgesic over another versus no analgesic.AimsTo study the efficacy and safety of methoxyflurane analgesia during OPH.Materials and MethodsA single‐centre, randomised, double‐blind, placebo‐controlled experiment was performed; 90 patients were randomly assigned (1:1). Participants allocated to the treatment group (cases) received 3 mL of methoxyflurane through an inhaler. The control group received a placebo. The primary outcome was a mean difference in pain, via a change in Visual Analog Scale (VAS) score from baseline at diagnostic hysteroscopy. Secondary outcomes were a mean difference in VAS score with any subsequent operative procedures; a mean difference in VAS score at 15 min post‐procedure; participant and clinician‐reported adverse effects and events; and participant‐reported procedure acceptability, adjuvant nitrous oxide (N2O2) use and a composite of ‘distress’.ResultsDuring diagnostic hysteroscopy, there was a mean difference of 11.5 mm/100 (95% confidence interval (CI) 0.08–22.95), P = 0.05, with the lower score in the cases, compared with controls. During subsequent operative procedures, there was a mean difference of 15 mm/100 (95% CI 2.71–28.22), P = 0.02, with the lower pain score in the cases, compared with controls. There was no significant difference in pain 15 min post‐procedure, participant‐ and clinician‐ reported adverse effects and events, procedure acceptability and the ‘distress’ composite.ConclusionsMethoxyflurane significantly reduced pain during OPH compared with placebo, for diagnostic as well as operative procedures. Furthermore, methoxyflurane was well tolerated, with no adverse events.",2025,02,crossref,AAGL2023_028
10.64239/pi-qt3801,"Study of Mirtazapine for Agitated Behaviors in Dementia (SYMBAD): A Randomised, Double-Blind, Placebo-Controlled Trial",NA,NA,,NA,"The first line of management for agitation in dementia is a full assessment to identify any potentially modifiable causes for the behavior. In all but the most urgent of situations, the next line is nonpharmacologic treatment because such approaches have been shown to be at least as effective as drug treatment. Mirtazapine was no better than placebo, and 7 deaths among 102 patients raise concern about safety. By contrast, citalopram 30 mg/day was significantly more effective than placebo but associated with QT prolongation in 12% of participants.",2022,04,crossref,AAGL2023_028
10.1002/brb3.71193/v1/review1,"Review for ""Adaptogenic Effects of Mushroom Blend Supplementation on Stress, Fatigue, and Sleep: A Randomised, Double-blind and Placebo-controlled Trial""",NA,NA,,NA,NA,2025,07,crossref,AAGL2023_028
10.1002/brb3.71193/v1/review3,"Review for ""Adaptogenic Effects of Mushroom Blend Supplementation on Stress, Fatigue, and Sleep: A Randomised, Double-blind and Placebo-controlled Trial""",NA,NA,,NA,NA,2025,08,crossref,AAGL2023_028
10.1016/j.jmig.2023.08.046,Prediction Outcomes Including Major Complications in Patients Undergoing Laparoscopic and Open Hysterectomy for Benign Indications,Madhvani K,Khan K,Madhvani K; Fernandez Garcia S; Fernandez-Felix B; Carpenter T; Zamora J; Khan K,Journal of Minimally Invasive Gynecology,NA,2023,11,crossref,AAGL2023_036
10.1503/cmaj.220914,Predicting major complications in patients undergoing laparoscopic and open hysterectomy for benign indications,Madhvani K,Khan K,Madhvani K; Garcia S; Fernandez-Felix B; Zamora J; Carpenter T; Khan K,Canadian Medical Association Journal,NA,2022,10,crossref,AAGL2023_036
10.7759/cureus.80978,Intraoperative and Postoperative Outcomes in Patients Undergoing Total Laparoscopic Hysterectomy for Benign Conditions With Drain Placement,Malkan N,Şahin S,Malkan N; Aktürk H; Tekin C; Şahin S,Cureus,NA,2025,03,crossref,AAGL2023_036
10.23880/oajg-16000217,Differences among Obese Versus Nonobese Patients Undergoing Total Laparoscopic Hysterectomy. A Single Surgeon Experience,I F,I F,I F,Open Access Journal of Gynecology,"Aim of the Study: The main of this study is to analyze the influence of obesity over the intraoperative, in the context of total laparoscopic hysterectomy. Material and Methods: The study developed in the 2nd Surgical Clinic of the “Pius Brinzeu” County Emergency Hospital Timisoara between 1st of January 2017- 1st of January 2019 and it was applied to a general batch of 29 women patients diagnosed with benign pathology of the uterus and adnexa. Results: The general batch we considered necessary some type of categorization of the women patients based on the BMI: Group A: BMI= 19.5-24.9 kg/m2; Group B: BMI= 25-29.9 kg/m2; Group C: BMI&gt;30 kg/m2. A positive moderated co-relation between the number of the comorbidities and the BMI (r=0,493, p&lt;0,05). Somehow self-explanatory, it was emphasized the fact that group B and C which contained mostly patients with BMI limit over the usual one, it was remarked a proportional increase of the comorbidities at the same time with the increase of the BMI. A strong positive co-relation between the BMI and the intervention time (p=0.047), therefore, those two being tied by proportional increase relation. In this way we obtained a statistically significant co-relation between BMI and the post-operative complications (p&lt;0.05) but with a low number of major complication on the general batch. Conclusion: By analyzing the comorbidities and the post-operative evolution, minor differences were encountered between the study groups, and it was demonstrated that there is no reason to see a high BMI level as an obstacle in performing TLH",2022,04,crossref,AAGL2023_036
10.7759/cureus.105429,"Laparoscopic Retrograde Hysterectomy: A Review of Techniques, Indications, and Outcomes",Akkour K,Akkour K,Akkour K,Cureus,NA,2026,03,crossref,AAGL2023_036
10.1016/j.jmig.2023.08.080,Technical Considerations for Total Laparoscopic Hysterectomy for Large Cervical Fibroid Precluding Placement of Uterine Manipulator,Covert E,Wilson-Leedy J,Covert E; Bergin K; Wilson-Leedy J,Journal of Minimally Invasive Gynecology,NA,2023,11,crossref,AAGL2023_066
10.1016/j.jmig.2021.09.487,Surgical Approach to Laparoscopic Hysterectomy for a Large Cervical Fibroid,King N,Mansuria S,King N; Mansuria S,Journal of Minimally Invasive Gynecology,NA,2021,11,crossref,AAGL2023_066
10.21608/ejhm.2024.336150,The Use of Uterine Manipulator Versus Myoma Screw in total Laparoscopic Hysterectomy,NA,NA,,The Egyptian Journal of Hospital Medicine,NA,2024,01,crossref,AAGL2023_066
10.1136/ijgc-2024-esgo.530,1013 Total laparoscopic hysterectomy and upper vaginectomy without uterine manipulator in patients with vagina mass: case report,Lee H,Lee S,Lee H; Hwang I; Lee S,Poster and E-Posters,NA,2024,03,crossref,AAGL2023_066
10.1016/j.jmig.2021.09.300,Tips and Tricks: Laparoscopic Hysterectomy with Large Cervical Fibroid,Cook E,Chohan L,Cook E; Delgado S; Koythong T; Nijjar J; Chohan L,Journal of Minimally Invasive Gynecology,NA,2021,11,crossref,AAGL2023_066
10.1016/j.jmig.2023.08.085,Robotic Approach to Mild Endometriosis and Vascular Entrapment of the Bilateral Sciatic Nerves,Crispi C,Dantas T,Crispi C; Souza C; Crispi C; Joaquim C; Dantas T,Journal of Minimally Invasive Gynecology,NA,2023,11,crossref,AAGL2023_070
10.1016/j.fertnstert.2023.06.008,Robotic management of isolated endometriosis of sciatic nerve: a reproducible approach that can guide through the labyrinth of pelvic neuroanatomy,D’Ancona G,Roman H,D’Ancona G; Merlot B; Verrelli L; Boulos S; Dennis T; Roman H,Fertility and Sterility,NA,2023,09,crossref,AAGL2023_070
10.3340/jkns.2023.0166,Importance of Sacrotuberous Ligament in Transgluteal Approach for Sciatic Nerve Entrapment in the Greater Sciatic Notch (Piriformis Syndrome),Son B,Son B,Son B,Journal of Korean Neurosurgical Society,"Objective : The efficacy of sciatic nerve decompression via transgluteal approach for entrapment of the sciatic nerve at the greater sciatic notch, called piriformis syndrome, and factors affecting the surgical outcome were analyzed.Methods : The outcome of pain reduction was analyzed in 81 patients with sciatic nerve entrapment who underwent decompression through a transgluteal approach. The patients were followed up for at least 6 months. The degree of pain reduction was analyzed using a numerical rating scale-11 (NRS-11) score and percent pain relief before and after last follow-up following surgery. Success was defined by at least 50% reduction in pain measured via NRS-11. To assess the degree of subjective satisfaction, a 10-point Likert scale was used. In addition, demographic characteristics, anatomical variations, and variations in surgical technique involving sacrotuberous ligamentectomy were analyzed as factors that affect the surgical outcome.Results : At a follow-up of 17.5±12.5 months, sciatic nerve decompression was successful in 50 of 81 patients (61.7%), and the pain relief rate was 43.9±34.17. Subjective improvement based on a 10-point Likert scale was 4.90±3.43. Among the factors that affect the surgical outcome, only additional division of the sacrotuberous ligament during piriformis muscle resection played a significant role. The success rate was higher in the scarotuberous ligementectomy group (79.4%) than in the non-resection group (42.6%), resulting in statistically significant difference based on average NRS-11 score, percent pain relief, and subjective improvement (&lt;i&gt;p&lt;/i&gt;&lt;0.05, independent t-test).Conclusion : Sciatic nerve decompression is effective in pain relief in chronic sciatica due to sciatic nerve entrapment at the greater sciatic notch. Its effect was further enhanced by circumferential dissection of the sciatic nerve based on the compartment formed by the piriformis muscle and the sacrotuberous ligament in the greater sciatic notch.",2024,03,crossref,AAGL2023_070
10.1177/17085381231154339,The treatment of bilateral popliteal artery entrapment syndrome with nonuniform symptoms: A case report and literature review,Bi Y,Guo F,Bi Y; Guo F,Vascular," Popliteal artery entrapment syndrome (PAES) is a rare vascular disease, and cases of bilateral PAES associated with distinct symptoms in each of the affected legs are very rare. In an effort to improve current understanding regarding the presentation and treatment of this condition, a case of bilateral PAES is herein described with a corresponding review of the associated literature. The overall process of diagnosing and treating one patient affected by bilateral PAES was retrospectively assessed to provide comprehensive insight regarding this disease. This patient was diagnosed via contrast-enhanced computed tomography (CT), and right-sided symptomatic PAES was successfully treated via autogenous saphenous venous graft arterial bypass surgery. In contrast, the asymptomatic left-sided PAES in this patient was subject to close follow-up monitoring. Over a 2-year postoperative follow-up period, this patient did not experience any symptoms or complications. As such, autogenous saphenous venous graft arterial bypass surgery represents a safe and efficacious means of treating PAES, whereas surgery may not be required for cases of asymptomatic PAES even in patients with a bilateral presentation. ",2024,06,crossref,AAGL2023_070
10.7759/cureus.101843,Bilateral Embryonic Vascular Persistence With Focal Aneurysm: Unveiling a Persistent Sciatic Artery Through Imaging: A Case Report,Vardhan K,Sivagurunathan G,Vardhan K; Sivagurunathan G,Cureus,NA,2026,01,crossref,AAGL2023_070
10.1016/j.jmig.2023.08.102,Laparoscopic Assisted Pregnancy Termination at 14 Weeks in Patient with Obstructing Cervical Cancer,Zeccola A,Guido R,Zeccola A; Kao M; Thomas K; Uhm S; Chen B; Guido R,Journal of Minimally Invasive Gynecology,NA,2023,11,crossref,AAGL2023_085
10.1016/j.jmig.2025.09.200,Laparoscopic Assisted Pregnancy Termination at 14 Weeks with an Obstructive Cervical Fibroid,Manning C,Patzkowsky K,Manning C; Gorniak A; Musselman K; Frost A; Wu H; Wang K; Simpson K; Patzkowsky K,Journal of Minimally Invasive Gynecology,NA,2025,11,crossref,AAGL2023_085
10.1007/978-981-99-2750-0_45,Vaginal-Assisted Laparoscopic Radical Cervical Cancer Resection Without Uterine Manipulation,Wang D,Wang D,Wang D,Natural Orifice Specimen Extraction Surgery,NA,2023,01,crossref,AAGL2023_085
10.4274/anajog.galenos.2025.30974,Cervical Cancer Diagnosed in the Early Weeks of Pregnancy: A Case Report of Cervical Adenocarcinoma,Bilgi A,Karabağlı P,Bilgi A; Avcı F; Çelik Ç; Karabağlı P,Anatolian Journal of Obstetrics and Gynecology Research,NA,2026,01,crossref,AAGL2023_085
10.1007/978-981-97-7687-0_13,Robot-Assisted Radical Hysterectomy,Wang J,Wang X,Wang J; Han S; Na J; Li Y; Wang X,"Open, Laparoscopic, and Robotic Surgery for Cervical Cancer",NA,2024,01,crossref,AAGL2023_085
