pmid,pub_types,pub_type_canonical
24960480,Journal Article; Multicenter Study,Journal Article
37053588,Journal Article,Journal Article
39716544,Journal Article,Journal Article
24368490,"Case Reports; Journal Article; Research Support, N.I.H., Extramural; Research Support, Non-U.S. Gov't",Case Report
39870228,Journal Article,Journal Article
24167665,Journal Article,Journal Article
24566211,"Journal Article; Research Support, Non-U.S. Gov't",Journal Article
28333801,Letter; Comment,Editorial/Letter
23661283,"Comparative Study; Controlled Clinical Trial; Journal Article; Research Support, Non-U.S. Gov't",RCT/Trial
40516814,Journal Article,Journal Article
25071498,Journal Article,Journal Article
24044423,Comparative Study; Journal Article,Journal Article
38696840,Journal Article,Journal Article
25145555,Journal Article,Journal Article
24280958,Journal Article,Journal Article
35059616,Journal Article,Journal Article
25243164,Journal Article,Journal Article
41883950,Journal Article; Review,Review
24815510,Journal Article,Journal Article
24140719,Journal Article; Review,Review
39736306,Journal Article,Journal Article
40029411,Journal Article; Randomized Controlled Trial,RCT/Trial
26054986,Journal Article,Journal Article
33978353,Journal Article,Journal Article
41342141,Journal Article; Systematic Review,Review
41509653,Journal Article,Journal Article
24569401,Comparative Study; Journal Article; Review,Review
26375557,Journal Article,Journal Article
23965906,Journal Article,Journal Article
28216461,Journal Article; Review,Review
23127754,"Journal Article; Research Support, Non-U.S. Gov't",Journal Article
41834415,Journal Article; Practice Guideline,Journal Article
27352560,Journal Article,Journal Article
24575435,Journal Article; Comment,Editorial/Letter
25247366,Journal Article,Journal Article
23348163,Journal Article,Journal Article
23154268,"Evaluation Study; Journal Article; Research Support, Non-U.S. Gov't",Journal Article
24576191,Journal Article,Journal Article
24404484,Journal Article,Journal Article
23025883,Journal Article,Journal Article
25867816,"Journal Article; Meta-Analysis; Research Support, Non-U.S. Gov't; Systematic Review",Review
40835797,Journal Article,Journal Article
35685484,Journal Article,Journal Article
23363029,"Journal Article; Research Support, Non-U.S. Gov't",Journal Article
23375900,Journal Article; Review,Review
27687851,Journal Article; Multicenter Study; Randomized Controlled Trial,RCT/Trial
34454767,Journal Article,Journal Article
40377460,Journal Article,Journal Article
23941616,"Journal Article; Research Support, Non-U.S. Gov't",Journal Article
23731370,"Journal Article; Research Support, N.I.H., Extramural; Research Support, U.S. Gov't, Non-P.H.S.",Journal Article
26163624,Clinical Trial; Comparative Study; Journal Article,RCT/Trial
24648771,Journal Article; Review,Review
24768959,Journal Article; Systematic Review,Review
34715403,Journal Article,Journal Article
22714997,Journal Article,Journal Article
24741157,Journal Article,Journal Article
41568082,Case Reports; Journal Article,Case Report
24093143,Case Reports; Journal Article,Case Report
23296684,"Evaluation Study; Journal Article; Research Support, Non-U.S. Gov't",Journal Article
28255736,Comparative Study; Journal Article; Multicenter Study; Randomized Controlled Trial,RCT/Trial
26413889,Journal Article,Journal Article
39540412,Journal Article,Journal Article
28952185,Journal Article; Systematic Review,Review
26675056,Journal Article; Multicenter Study; Randomized Controlled Trial,RCT/Trial
34071837,Journal Article; Review,Review
26415858,Comparative Study; Journal Article; Observational Study,Observational Study
24461067,"Journal Article; Randomized Controlled Trial; Research Support, Non-U.S. Gov't",RCT/Trial
23052509,"Journal Article; Research Support, Non-U.S. Gov't",Journal Article
23404291,Letter; Comment,Editorial/Letter
24165448,Journal Article; Validation Study,Journal Article
23865030,Journal Article,Journal Article
37610781,Journal Article; Comment,Editorial/Letter
35306049,Journal Article,Journal Article
26309417,Journal Article; Review,Review
38246401,Journal Article,Journal Article
24081842,Journal Article; Review,Review
41405017,Journal Article,Journal Article
23084567,Historical Article; Journal Article; Review,Review
37465742,Journal Article,Journal Article
24094665,Comparative Study; Journal Article,Journal Article
25064405,Comparative Study; Journal Article,Journal Article
25756076,Journal Article,Journal Article
39507851,Journal Article,Journal Article
24732005,Evaluation Study; Journal Article,Journal Article
23635629,Journal Article,Journal Article
25893193,"Comparative Study; Evaluation Study; Journal Article; Research Support, Non-U.S. Gov't",Journal Article
25201548,"Journal Article; Research Support, Non-U.S. Gov't",Journal Article
30049658,"Evaluation Study; Journal Article; Research Support, Non-U.S. Gov't",Journal Article
25706420,Journal Article,Journal Article
25893137,Journal Article,Journal Article
24785858,Comparative Study; Journal Article,Journal Article
24709711,Journal Article,Journal Article
32756295,Journal Article,Journal Article
25150954,Comparative Study; Controlled Clinical Trial; Journal Article,RCT/Trial
25476809,"Journal Article; Research Support, Non-U.S. Gov't",Journal Article
25088860,Comparative Study; Journal Article; Randomized Controlled Trial,RCT/Trial
35695293,Journal Article,Journal Article
26647302,"Journal Article; Research Support, Non-U.S. Gov't; Systematic Review",Review
27001877,Journal Article,Journal Article
25730242,Letter; Comment,Editorial/Letter
25446490,Comparative Study; Journal Article; Randomized Controlled Trial,RCT/Trial
32624236,Journal Article; Multicenter Study,Journal Article
41790419,Journal Article,Journal Article
25108142,Clinical Trial; Comparative Study; Journal Article,RCT/Trial
25489208,Journal Article,Journal Article
25602869,"Journal Article; Research Support, N.I.H., Extramural; Research Support, Non-U.S. Gov't; Research Support, U.S. Gov't, P.H.S.",Journal Article
26428200,Journal Article; Randomized Controlled Trial,RCT/Trial
25529951,Journal Article,Journal Article
25796057,Journal Article,Journal Article
25577464,Controlled Clinical Trial; Journal Article,RCT/Trial
36123931,Journal Article,Journal Article
24165172,Journal Article; Observational Study,Observational Study
24239152,Journal Article,Journal Article
38850768,"Journal Article; Research Support, Non-U.S. Gov't",Journal Article
37128493,Journal Article,Journal Article
40828631,Journal Article,Journal Article
38426823,Journal Article,Journal Article
26592064,Clinical Study; Journal Article,Journal Article
24839546,Journal Article,Journal Article
24499763,"Journal Article; Randomized Controlled Trial; Research Support, Non-U.S. Gov't",RCT/Trial
30630732,Journal Article,Journal Article
40737978,Journal Article,Journal Article
41662904,Journal Article,Journal Article
25102988,Letter; Comment,Editorial/Letter
24463655,Editorial,Editorial/Letter
27637238,Journal Article,Journal Article
41889146,Letter,Editorial/Letter
30306582,Journal Article,Journal Article
26232726,Journal Article,Journal Article
30320102,Journal Article,Journal Article
24917888,Journal Article; Systematic Review,Review
24761082,Journal Article,Journal Article
28342394,Journal Article,Journal Article
24182408,Journal Article; Comment,Editorial/Letter
32694062,Journal Article,Journal Article
24361579,"Comparative Study; Journal Article; Research Support, N.I.H., Extramural",Journal Article
41859158,Journal Article; Systematic Review,Review
23265672,English Abstract; Journal Article; Review,Review
25840272,"Journal Article; Research Support, N.I.H., Extramural; Research Support, Non-U.S. Gov't",Journal Article
26409060,Journal Article,Journal Article
24962860,Journal Article,Journal Article
24528669,Journal Article; Review,Review
30771103,Journal Article,Journal Article
28316850,Case Reports; Journal Article,Case Report
30413866,Controlled Clinical Trial; Journal Article,RCT/Trial
25455870,Journal Article; Comment,Editorial/Letter
28315664,Comparative Study; Journal Article,Journal Article
24763157,"Evaluation Study; Journal Article; Multicenter Study; Research Support, Non-U.S. Gov't",Journal Article
40885380,Letter,Editorial/Letter
25218123,Evaluation Study; Journal Article; Video-Audio Media,Journal Article
24786138,Journal Article,Journal Article
25434837,"Journal Article; Randomized Controlled Trial; Research Support, Non-U.S. Gov't",RCT/Trial
25016079,Journal Article,Journal Article
28669895,Clinical Trial; Journal Article; Multicenter Study,RCT/Trial
37028551,"Journal Article; Research Support, Non-U.S. Gov't",Journal Article
36878154,Journal Article,Journal Article
24927292,Journal Article,Journal Article
40250755,Journal Article,Journal Article
41587411,Journal Article,Journal Article
26895919,Journal Article; Randomized Controlled Trial,RCT/Trial
38731060,Journal Article; Review,Review
26339279,Case Reports; Journal Article,Case Report
26223033,"Journal Article; Randomized Controlled Trial; Research Support, Non-U.S. Gov't",RCT/Trial
34461131,Journal Article,Journal Article
38445009,Case Reports; Journal Article,Case Report
26472151,"Journal Article; Research Support, Non-U.S. Gov't",Journal Article
30287060,Journal Article,Journal Article
25376454,Journal Article,Journal Article
25155119,Journal Article; Review,Review
38256580,Journal Article,Journal Article
25747220,English Abstract; Journal Article,Journal Article
37569458,Journal Article,Journal Article
25727760,"Journal Article; Research Support, Non-U.S. Gov't",Journal Article
25217304,Journal Article,Journal Article
24794315,Journal Article; Observational Study,Observational Study
34866891,Case Reports; Journal Article,Case Report
41452529,Journal Article; Review,Review
40833453,Journal Article,Journal Article
39325185,Journal Article,Journal Article
26290471,Editorial,Editorial/Letter
37080509,Case Reports; Video-Audio Media; Journal Article,Case Report
25569001,"Journal Article; Research Support, Non-U.S. Gov't",Journal Article
37734102,Letter; Comment,Editorial/Letter
26725017,Evaluation Study; Journal Article,Journal Article
26348168,Comparative Study; Journal Article,Journal Article
26119088,Journal Article; Meta-Analysis,Review
26411101,Journal Article,Journal Article
25479114,"Journal Article; Research Support, U.S. Gov't, Non-P.H.S.",Journal Article
40700868,Case Reports; Journal Article,Case Report
38743951,Systematic Review; Journal Article,Review
26552907,Comparative Study; Journal Article,Journal Article
28429119,Comparative Study; Evaluation Study; Journal Article; Multicenter Study,Journal Article
25132462,Journal Article,Journal Article
28369818,Evaluation Study; Journal Article,Journal Article
25634553,Journal Article,Journal Article
25684218,Case Reports; Journal Article; Video-Audio Media,Case Report
41596564,Journal Article; Review,Review
28217681,Case Reports; Journal Article,Case Report
26164629,Case Reports; Journal Article,Case Report
26905211,Comparative Study; Journal Article,Journal Article
26872761,Case Reports; Journal Article,Case Report
36293985,"Randomized Controlled Trial; Journal Article; Research Support, Non-U.S. Gov't",RCT/Trial
27038969,Journal Article; Review,Review
28348905,Case Reports; Journal Article,Case Report
30254908,Journal Article,Journal Article
27136485,Journal Article; Video-Audio Media,Journal Article
41242937,Journal Article,Journal Article
30471258,Journal Article,Journal Article
25803681,"Journal Article; Research Support, Non-U.S. Gov't",Journal Article
32649498,"Journal Article; Randomized Controlled Trial; Research Support, Non-U.S. Gov't",RCT/Trial
28880384,Journal Article,Journal Article
29038833,Journal Article; Video-Audio Media,Journal Article
26476825,Comparative Study; Journal Article,Journal Article
28484063,Journal Article; Meta-Analysis; Systematic Review,Review
37779067,Journal Article; Case Reports,Case Report
27665525,Comparative Study; Journal Article; Randomized Controlled Trial,RCT/Trial
27186042,Journal Article,Journal Article
26169902,"Journal Article; Research Support, Non-U.S. Gov't",Journal Article
29210163,Letter; Comment,Editorial/Letter
27008889,"Journal Article; Practice Guideline; Research Support, Non-U.S. Gov't",Journal Article
31328629,Journal Article,Journal Article
38061491,Journal Article,Journal Article
26180972,Journal Article,Journal Article
38631927,Journal Article; Review,Review
41091900,Letter,Editorial/Letter
37567494,Video-Audio Media; Journal Article,Journal Article
26885389,Journal Article,Journal Article
26682578,Journal Article; Multicenter Study; Randomized Controlled Trial,RCT/Trial
26097247,Journal Article,Journal Article
27196468,Comparative Study; Journal Article,Journal Article
25443440,Journal Article; Systematic Review,Review
26692776,Journal Article; Review,Review
26254388,"Journal Article; Research Support, Non-U.S. Gov't",Journal Article
36143301,Journal Article; Review,Review
34709539,Journal Article,Journal Article
35713673,Video-Audio Media; Journal Article,Journal Article
27879516,Journal Article,Journal Article
37455681,Journal Article; Review,Review
27039190,Case Reports; Journal Article,Case Report
25751196,Case Reports; Journal Article; Video-Audio Media,Case Report
41465350,Journal Article; Review,Review
37418794,Case Reports; Journal Article,Case Report
26270117,Journal Article,Journal Article
27226291,Letter; Comment,Editorial/Letter
38670335,Editorial,Editorial/Letter
29889113,Journal Article; Review,Review
33030877,"Journal Article; Research Support, N.I.H., Extramural; Research Support, Non-U.S. Gov't; Validation Study",Journal Article
40250756,Letter,Editorial/Letter
29428480,Journal Article; Review,Review
27491348,Case Reports; Journal Article,Case Report
31215195,"Journal Article; Research Support, Non-U.S. Gov't",Journal Article
40092379,Address,Journal Article
28416938,Case Reports; Journal Article,Case Report
30244479,Journal Article,Journal Article
26142912,Comparative Study; Journal Article,Journal Article
30388609,Journal Article,Journal Article
32349043,Journal Article; Systematic Review,Review
26117980,English Abstract; Journal Article; Review,Review
41571147,Journal Article,Journal Article
27465813,Journal Article,Journal Article
39322946,Journal Article; Observational Study,Observational Study
30534183,Journal Article,Journal Article
36539028,Journal Article,Journal Article
25301028,Comparative Study; Journal Article,Journal Article
26918001,Journal Article,Journal Article
28104403,Journal Article,Journal Article
28757438,Journal Article; Multicenter Study; Randomized Controlled Trial,RCT/Trial
26595561,Evaluation Study; Journal Article,Journal Article
28242959,Editorial,Editorial/Letter
40365089,Journal Article; Comparative Study,Journal Article
41933567,Letter,Editorial/Letter
26855091,"Journal Article; Research Support, Non-U.S. Gov't",Journal Article
31911536,Journal Article,Journal Article
27789066,Case Reports; Journal Article,Case Report
26596955,"Journal Article; Meta-Analysis; Research Support, Non-U.S. Gov't; Systematic Review",Review
26188777,Journal Article; Review,Review
30528839,Journal Article,Journal Article
28474775,"Journal Article; Research Support, Non-U.S. Gov't",Journal Article
27363928,Journal Article; Randomized Controlled Trial,RCT/Trial
28577618,Case Reports; Journal Article; Video-Audio Media,Case Report
27917727,Comparative Study; Journal Article,Journal Article
28099699,Comparative Study; Journal Article; Randomized Controlled Trial,RCT/Trial
31923185,"Journal Article; Research Support, Non-U.S. Gov't",Journal Article
35580531,Journal Article,Journal Article
39350662,Journal Article; Review,Review
39684483,Journal Article,Journal Article
28712950,Journal Article,Journal Article
35111936,Journal Article,Journal Article
31932107,Journal Article; Practice Guideline; Review,Review
26959209,Journal Article,Journal Article
28757376,News,Editorial/Letter
41847176,Journal Article; Review,Review
29138602,Journal Article,Journal Article
28642090,Journal Article,Journal Article
29359520,Journal Article,Journal Article
38333268,Journal Article; Review,Review
29527550,Journal Article; Review,Review
28134608,Journal Article; Review,Review
39146547,Journal Article,Journal Article
28067359,Journal Article,Journal Article
27106190,Case Reports; Journal Article,Case Report
25910611,Journal Article; Video-Audio Media,Journal Article
28161496,Journal Article,Journal Article
27655379,Evaluation Study; Journal Article,Journal Article
28439352,Journal Article; Randomized Controlled Trial,RCT/Trial
29907929,Comparative Study; Journal Article,Journal Article
29220337,Journal Article,Journal Article
27868325,Case Reports; Journal Article,Case Report
27365004,Comparative Study; Journal Article,Journal Article
27924388,Journal Article; Randomized Controlled Trial,RCT/Trial
37677843,Journal Article,Journal Article
41898400,Journal Article; Review,Review
27980085,Journal Article,Journal Article
26860976,Case Reports; Journal Article,Case Report
27234143,Case Reports; Journal Article,Case Report
27322107,Journal Article,Journal Article
41932474,Journal Article,Journal Article
30697559,Journal Article; Review,Review
41672949,Journal Article; Meta-Analysis; Systematic Review; Review,Review
26437835,Editorial,Editorial/Letter
34760563,Editorial,Editorial/Letter
29170091,"Journal Article; Research Support, Non-U.S. Gov't",Journal Article
29481670,Journal Article,Journal Article
26962803,"Journal Article; Observational Study; Research Support, Non-U.S. Gov't",Observational Study
27059971,Comparative Study; Journal Article; Randomized Controlled Trial,RCT/Trial
31879359,"Letter; Research Support, Non-U.S. Gov't",Editorial/Letter
40112300,Journal Article; Video-Audio Media,Journal Article
40217969,Journal Article,Journal Article
26096349,Journal Article; Randomized Controlled Trial,RCT/Trial
27403070,Journal Article,Journal Article
28691238,Journal Article,Journal Article
32229194,"Journal Article; Randomized Controlled Trial; Research Support, Non-U.S. Gov't",RCT/Trial
34259469,Journal Article; Validation Study,Journal Article
41953145,Journal Article,Journal Article
28951655,Journal Article,Journal Article
27221362,Journal Article,Journal Article
26875564,Journal Article,Journal Article
27336213,Comparative Study; Journal Article; Observational Study,Observational Study
28610880,Comparative Study; Journal Article; Randomized Controlled Trial,RCT/Trial
31172324,"Comparative Study; Journal Article; Multicenter Study; Randomized Controlled Trial; Research Support, Non-U.S. Gov't",RCT/Trial
28694681,Journal Article,Journal Article
25629500,"Journal Article; Research Support, Non-U.S. Gov't",Journal Article
27094982,Case Reports; Comparative Study; Journal Article,Case Report
27241922,Comparative Study; Journal Article; Multicenter Study,Journal Article
26616648,Editorial,Editorial/Letter
34369398,Journal Article,Journal Article
41833440,Journal Article,Journal Article
28208237,Journal Article,Journal Article
28351762,Journal Article; Multicenter Study,Journal Article
41645837,Journal Article; Comparative Study,Journal Article
38555067,Journal Article; Case Reports; Video-Audio Media,Case Report
41747744,Journal Article,Journal Article
28331901,Case Reports; Journal Article,Case Report
27890646,Comparative Study; Journal Article,Journal Article
40311814,Journal Article; Randomized Controlled Trial,RCT/Trial
29344213,Journal Article,Journal Article
33416792,"Journal Article; Research Support, Non-U.S. Gov't",Journal Article
28676450,Journal Article; Multicenter Study,Journal Article
34356280,Journal Article,Journal Article
41850423,Journal Article,Journal Article
29284631,Journal Article,Journal Article
37820827,Letter; Comment,Editorial/Letter
31741155,Journal Article,Journal Article
28434104,Journal Article; Review,Review
33110660,Journal Article,Journal Article
40679119,Journal Article,Journal Article
29692505,Journal Article,Journal Article
34354334,Case Reports; Journal Article,Case Report
41821222,Journal Article,Journal Article
28620794,Comparative Study; Journal Article,Journal Article
41851592,Journal Article,Journal Article
28412045,Letter,Editorial/Letter
28254678,Journal Article,Journal Article
28139068,"Clinical Trial, Phase III; Journal Article",RCT/Trial
30393822,Comparative Study; Journal Article,Journal Article
28607782,Case Reports; Journal Article,Case Report
40528065,Journal Article; Randomized Controlled Trial,RCT/Trial
31617772,Journal Article,Journal Article
28190041,Journal Article; Video-Audio Media,Journal Article
33747779,Journal Article,Journal Article
30734448,Journal Article; Comment,Editorial/Letter
27780702,Journal Article; Multicenter Study,Journal Article
29261551,Journal Article; Review,Review
28697116,Journal Article,Journal Article
28727124,Journal Article,Journal Article
28970835,Journal Article; Review,Review
28576694,Editorial,Editorial/Letter
28783660,Journal Article,Journal Article
28089684,Journal Article; Review,Review
29078975,Journal Article; Review,Review
28043841,Journal Article; Systematic Review,Review
29125206,Comparative Study; Journal Article,Journal Article
29667041,Journal Article,Journal Article
34869918,Journal Article,Journal Article
26307411,Biography; Historical Article; Journal Article,Journal Article
28027975,Journal Article; Randomized Controlled Trial,RCT/Trial
39957072,Journal Article,Journal Article
41735652,Journal Article,Journal Article
29322576,Journal Article; Review,Review
27566529,Evaluation Study; Journal Article,Journal Article
39511580,Journal Article; Multicenter Study; Clinical Trial,RCT/Trial
30303921,"Journal Article; Research Support, N.I.H., Extramural; Research Support, Non-U.S. Gov't",Journal Article
30650444,Controlled Clinical Trial; Journal Article,RCT/Trial
36764650,Video-Audio Media; Journal Article,Journal Article
30951890,Evaluation Study; Journal Article,Journal Article
35313876,"Journal Article; Research Support, Non-U.S. Gov't",Journal Article
31049643,Comparative Study; Journal Article,Journal Article
30626339,Journal Article,Journal Article
36449756,Observational Study; Journal Article,Observational Study
41295240,Journal Article,Journal Article
33631111,Journal Article,Journal Article
28532812,Journal Article,Journal Article
41884964,Journal Article,Journal Article
40770147,Journal Article; Comparative Study,Journal Article
28250769,Journal Article,Journal Article
41971178,Journal Article; Review,Review
29670382,Journal Article,Journal Article
30204922,Journal Article,Journal Article
30038526,Case Reports; Journal Article,Case Report
31317800,Journal Article; Multicenter Study,Journal Article
29609186,Clinical Trial; Journal Article; Multicenter Study,RCT/Trial
28007971,"Journal Article; Randomized Controlled Trial; Research Support, N.I.H., Extramural",RCT/Trial
28812157,"Journal Article; Research Support, Non-U.S. Gov't",Journal Article
40795006,Journal Article,Journal Article
34974932,Letter; Comment,Editorial/Letter
30641093,Journal Article,Journal Article
39617093,Journal Article; Case Reports; Video-Audio Media,Case Report
29130482,Journal Article; Observational Study,Observational Study
28669894,Journal Article,Journal Article
29545960,Case Reports; Journal Article,Case Report
27780776,Journal Article,Journal Article
28537948,Journal Article; Review,Review
36649317,Journal Article,Journal Article
28865542,Journal Article; Comment,Editorial/Letter
41909599,Journal Article,Journal Article
31037920,Journal Article,Journal Article
30612839,Journal Article,Journal Article
29164535,Journal Article,Journal Article
34116833,Case Reports; Video-Audio Media; Journal Article,Case Report
38307471,Letter,Editorial/Letter
39764856,Journal Article; Systematic Review,Review
39828414,Journal Article; Comparative Study,Journal Article
32266158,Journal Article,Journal Article
34729610,Journal Article,Journal Article
33181817,Case Reports; Journal Article; Review,Review
39125777,Journal Article; Comparative Study,Journal Article
33325078,Case Reports; Journal Article,Case Report
31165995,Comparative Study; Journal Article,Journal Article
40769654,Journal Article; Review,Review
30573987,Journal Article,Journal Article
31263977,Journal Article; Review,Review
31256328,Comparative Study; Journal Article; Randomized Controlled Trial,RCT/Trial
40660016,Journal Article,Journal Article
30476097,"Journal Article; Research Support, Non-U.S. Gov't",Journal Article
29978599,Journal Article,Journal Article
30045196,Letter; Comment,Editorial/Letter
30170687,Journal Article; Randomized Controlled Trial,RCT/Trial
38555066,Journal Article; Case Reports; Video-Audio Media,Case Report
31139411,Journal Article,Journal Article
37690596,Journal Article,Journal Article
29453729,Comparative Study; Journal Article,Journal Article
31197426,Case Reports; Journal Article,Case Report
29683559,Journal Article,Journal Article
28393285,Journal Article; Review,Review
37519598,Case Reports; Journal Article,Case Report
29894327,Case Reports; Journal Article,Case Report
32433940,Journal Article,Journal Article
29408993,"Journal Article; Research Support, N.I.H., Extramural; Research Support, Non-U.S. Gov't",Journal Article
30401567,Journal Article,Journal Article
30322280,Journal Article,Journal Article
37421745,Systematic Review; Journal Article,Review
31238383,Journal Article,Journal Article
40092393,Case Reports; Journal Article,Case Report
29420391,Journal Article; Review,Review
28887019,Journal Article,Journal Article
30676099,Journal Article; Systematic Review,Review
28830801,Clinical Trial; Journal Article,RCT/Trial
29730469,Journal Article,Journal Article
33163553,Journal Article,Journal Article
30945770,Journal Article,Journal Article
37956935,Editorial; Comment,Editorial/Letter
30106030,Journal Article,Journal Article
30253981,Journal Article,Journal Article
31003115,"Comparative Study; Journal Article; Research Support, Non-U.S. Gov't",Journal Article
37254517,Observational Study; Journal Article,Observational Study
30464855,Journal Article,Journal Article
29889764,"Clinical Trial, Phase III; Journal Article; Randomized Controlled Trial; Research Support, Non-U.S. Gov't",RCT/Trial
31517305,Journal Article,Journal Article
29911817,Editorial; Introductory Journal Article,Editorial/Letter
33253863,Letter; Comment,Editorial/Letter
32326374,Journal Article,Journal Article
31557556,Journal Article,Journal Article
31500786,Comparative Study; Journal Article,Journal Article
30476879,Journal Article; Multicenter Study,Journal Article
32686302,Journal Article,Journal Article
28956186,Journal Article; Review,Review
29333613,Journal Article; Randomized Controlled Trial,RCT/Trial
31112952,Journal Article; Randomized Controlled Trial,RCT/Trial
41507598,Journal Article; Multicenter Study,Journal Article
33413957,Historical Article; Journal Article; Review,Review
39935247,Journal Article,Journal Article
29525777,Consensus Statement; Journal Article,Journal Article
30738028,Historical Article; Journal Article,Journal Article
31546278,Journal Article; Systematic Review,Review
41244950,Journal Article,Journal Article
29958185,Editorial; Comment,Editorial/Letter
30299482,Journal Article; Randomized Controlled Trial,RCT/Trial
29442402,Journal Article,Journal Article
41850602,Journal Article,Journal Article
40387307,Letter,Editorial/Letter
28918994,Journal Article; Review,Review
35609350,Journal Article; Consensus Statement,Journal Article
40689454,Journal Article,Journal Article
30031640,Journal Article,Journal Article
33447005,Journal Article,Journal Article
32028639,Journal Article,Journal Article
39220672,Journal Article,Journal Article
41899705,Journal Article,Journal Article
41959726,Journal Article,Journal Article
30503139,Case Reports; Journal Article; Video-Audio Media,Case Report
31571921,Journal Article,Journal Article
30810740,"Journal Article; Multicenter Study; Research Support, Non-U.S. Gov't",Journal Article
31539642,Journal Article,Journal Article
31507208,Journal Article,Journal Article
32399488,Journal Article,Journal Article
41485765,Journal Article,Journal Article
31619194,Journal Article; Multicenter Study,Journal Article
35598864,"Journal Article; Research Support, N.I.H., Extramural",Journal Article
33424479,Journal Article,Journal Article
33038302,Journal Article; Review,Review
31961994,"Journal Article; Research Support, Non-U.S. Gov't",Journal Article
34136570,Journal Article; Randomized Controlled Trial,RCT/Trial
41748035,Journal Article,Journal Article
31373390,"Journal Article; Research Support, Non-U.S. Gov't",Journal Article
33879999,Journal Article,Journal Article
32572753,Journal Article,Journal Article
33052528,Journal Article,Journal Article
32811218,Journal Article,Journal Article
32207431,Journal Article,Journal Article
31518711,Journal Article; Technical Report; Video-Audio Media,Journal Article
30969209,"Journal Article; Randomized Controlled Trial; Research Support, N.I.H., Extramural",RCT/Trial
32520744,"Journal Article; Multicenter Study; Research Support, Non-U.S. Gov't",Journal Article
36349391,Randomized Controlled Trial; Journal Article,RCT/Trial
30874306,Journal Article,Journal Article
34910779,Journal Article,Journal Article
30807424,Comparative Study; Journal Article; Randomized Controlled Trial,RCT/Trial
37026774,Systematic Review; Case Reports; Journal Article,Review
30908874,Journal Article; Meta-Analysis; Systematic Review,Review
33509631,Editorial; Comment,Editorial/Letter
30864984,Journal Article,Journal Article
34937210,Journal Article; Comment,Editorial/Letter
31811970,Journal Article,Journal Article
39709002,Journal Article,Journal Article
32532486,Comparative Study; Journal Article; Multicenter Study,Journal Article
41129087,Journal Article,Journal Article
39565901,Journal Article,Journal Article
41540566,Journal Article,Journal Article
33080633,"Journal Article; Research Support, Non-U.S. Gov't; Review",Review
39723883,Journal Article; Validation Study,Journal Article
34155166,Journal Article; Review,Review
33786487,Journal Article,Journal Article
32451551,Journal Article,Journal Article
40879962,Journal Article; Review,Review
31345239,Journal Article; Systematic Review,Review
30629598,Journal Article; Systematic Review,Review
31957899,Journal Article,Journal Article
38138920,Journal Article,Journal Article
40633756,Journal Article; Case Reports,Case Report
38639108,Journal Article; Comparative Study,Journal Article
31468155,Journal Article,Journal Article
34012948,Journal Article,Journal Article
30702999,Journal Article,Journal Article
31154095,Comparative Study; Journal Article,Journal Article
32791133,Case Reports; Journal Article,Case Report
31012837,Journal Article,Journal Article
32233206,Journal Article,Journal Article
40650831,Letter,Editorial/Letter
30553665,Letter,Editorial/Letter
30383225,Journal Article,Journal Article
31311676,Journal Article; Meta-Analysis; Systematic Review,Review
31321533,Journal Article,Journal Article
33974082,Journal Article,Journal Article
30854797,Editorial; Comment,Editorial/Letter
31908242,Case Reports; Journal Article,Case Report
37674714,Journal Article; Preprint,Journal Article
30470551,"Journal Article; Research Support, N.I.H., Extramural; Research Support, Non-U.S. Gov't",Journal Article
30900436,Comparative Study; Journal Article,Journal Article
30967054,Journal Article,Journal Article
36526707,Journal Article,Journal Article
31151558,Journal Article,Journal Article
37659265,"Journal Article; Research Support, N.I.H., Extramural",Journal Article
35841391,Observational Study; Journal Article,Observational Study
31146086,Evaluation Study; Journal Article,Journal Article
31483293,Journal Article; Review,Review
30870280,"Journal Article; Research Support, N.I.H., Extramural",Journal Article
33229282,Journal Article,Journal Article
31851476,Video-Audio Media; Journal Article,Journal Article
33628549,Case Reports; Journal Article,Case Report
32226268,Journal Article,Journal Article
38248429,Journal Article; Review,Review
32831540,Comparative Study; Journal Article; Randomized Controlled Trial,RCT/Trial
35308513,Case Reports; Journal Article,Case Report
40809277,Journal Article; Review,Review
32337287,Journal Article,Journal Article
40143994,Journal Article,Journal Article
41946288,Journal Article,Journal Article
36434823,Randomized Controlled Trial; Journal Article,RCT/Trial
41891981,Journal Article,Journal Article
34427668,"Journal Article; Research Support, Non-U.S. Gov't",Journal Article
35210590,Published Erratum,Journal Article
33331712,Journal Article,Journal Article
39723204,Journal Article; Observational Study,Observational Study
33039394,Journal Article,Journal Article
34054100,Journal Article; Review,Review
39058311,Journal Article; Evaluation Study,Journal Article
33222292,Journal Article,Journal Article
38333379,Journal Article; Retracted Publication,Journal Article
35571337,Journal Article,Journal Article
33424684,Systematic Review; Journal Article,Review
32541289,"Journal Article; Multicenter Study; Research Support, Non-U.S. Gov't; Validation Study",Journal Article
41875241,Journal Article,Journal Article
32898287,Journal Article; Systematic Review,Review
32660724,Case Reports; Video-Audio Media; Journal Article,Case Report
31332562,Journal Article,Journal Article
35672417,"Journal Article; Research Support, Non-U.S. Gov't; Research Support, U.S. Gov't, Non-P.H.S.",Journal Article
32902244,Journal Article,Journal Article
33229410,"Journal Article; Research Support, Non-U.S. Gov't; Review",Review
33537283,"Journal Article; Research Support, N.I.H., Extramural; Research Support, Non-U.S. Gov't",Journal Article
33439280,Journal Article,Journal Article
40062162,Journal Article,Journal Article
39829341,Journal Article; Case Reports; Review,Review
32681350,Journal Article; Randomized Controlled Trial; Equivalence Trial,RCT/Trial
32604198,"Journal Article; Meta-Analysis; Research Support, Non-U.S. Gov't; Systematic Review",Review
32377801,Journal Article,Journal Article
32278265,"Journal Article; Research Support, Non-U.S. Gov't",Journal Article
30808247,"Journal Article; Research Support, Non-U.S. Gov't",Journal Article
38114018,Observational Study; Journal Article,Observational Study
32998288,Journal Article,Journal Article
32619233,Journal Article,Journal Article
33020832,"Journal Article; Meta-Analysis; Research Support, Non-U.S. Gov't; Systematic Review",Review
35231645,Journal Article,Journal Article
31595440,Comparative Study; Evaluation Study; Journal Article,Journal Article
35667420,"Journal Article; Randomized Controlled Trial; Research Support, Non-U.S. Gov't",RCT/Trial
32506459,Journal Article,Journal Article
41894808,Editorial,Editorial/Letter
32453128,Journal Article; Review,Review
38438671,"Journal Article; Research Support, Non-U.S. Gov't",Journal Article
33294577,Journal Article,Journal Article
35533682,Journal Article; Review,Review
38103634,Editorial; Comment,Editorial/Letter
32699102,Journal Article,Journal Article
38776238,Journal Article,Journal Article
35086789,"Journal Article; Multicenter Study; Research Support, Non-U.S. Gov't",Journal Article
33248377,Journal Article; Observational Study,Observational Study
33442774,Journal Article,Journal Article
35636815,Journal Article; Review,Review
38921979,Journal Article; Scoping Review,Review
33197813,Journal Article,Journal Article
31850944,Journal Article; Review,Review
30904341,Case Reports; Journal Article; Review,Review
41360452,Clinical Trial Protocol; Journal Article,RCT/Trial
32389550,Journal Article,Journal Article
34496128,Letter; Comment,Editorial/Letter
34011080,Case Reports; Journal Article; Video-Audio Media,Case Report
35515478,Journal Article,Journal Article
36982308,Journal Article,Journal Article
41724460,Journal Article,Journal Article
41067567,Journal Article; Practice Guideline,Journal Article
39219238,Journal Article,Journal Article
34457680,Journal Article,Journal Article
40355930,Journal Article; Comparative Study,Journal Article
41872666,Journal Article,Journal Article
35004030,Case Reports; Journal Article,Case Report
33241100,Journal Article; Review,Review
33202334,Journal Article,Journal Article
33644899,Clinical Trial; Journal Article,RCT/Trial
31930522,Journal Article; Systematic Review,Review
34319060,Journal Article,Journal Article
31589864,Comparative Study; Journal Article; Randomized Controlled Trial,RCT/Trial
32715585,Journal Article,Journal Article
33688198,Journal Article,Journal Article
40484029,Journal Article,Journal Article
41547515,Journal Article,Journal Article
36225927,"Journal Article; Research Support, Non-U.S. Gov't",Journal Article
37396823,Journal Article,Journal Article
40568263,Journal Article; Review,Review
32791126,Journal Article,Journal Article
31919570,Journal Article,Journal Article
35512971,Editorial; Comment,Editorial/Letter
35928096,Journal Article,Journal Article
33214216,"Journal Article; Meta-Analysis; Research Support, N.I.H., Extramural; Systematic Review",Review
35786305,Journal Article; Video-Audio Media,Journal Article
35263836,Journal Article,Journal Article
41692123,Journal Article,Journal Article
33879998,Case Reports; Journal Article; Review,Review
34567608,Journal Article,Journal Article
39544666,Journal Article,Journal Article
40560429,Journal Article,Journal Article
35896179,Journal Article,Journal Article
34231063,Journal Article,Journal Article
33259428,Journal Article; Randomized Controlled Trial,RCT/Trial
34752735,"Journal Article; Research Support, Non-U.S. Gov't",Journal Article
41521580,Journal Article,Journal Article
33122139,"Journal Article; Multicenter Study; Research Support, Non-U.S. Gov't; Validation Study",Journal Article
33849935,Case Reports; Journal Article; Video-Audio Media,Case Report
32702363,"Journal Article; Research Support, N.I.H., Extramural; Research Support, Non-U.S. Gov't",Journal Article
36370871,"Clinical Trial, Phase III; Journal Article; Randomized Controlled Trial; Research Support, N.I.H., Extramural; Research Support, Non-U.S. Gov't",RCT/Trial
40885258,Journal Article,Journal Article
33920844,Journal Article,Journal Article
41888309,Journal Article,Journal Article
34165779,Journal Article; Systematic Review,Review
35020188,Journal Article,Journal Article
34463871,"Journal Article; Research Support, Non-U.S. Gov't",Journal Article
37522105,Journal Article,Journal Article
34774522,Journal Article,Journal Article
35677700,Case Reports; Journal Article,Case Report
35984411,"Journal Article; Research Support, Non-U.S. Gov't",Journal Article
38418580,Comparative Study; Journal Article,Journal Article
33942160,Journal Article,Journal Article
33620905,"Journal Article; Multicenter Study; Randomized Controlled Trial; Research Support, Non-U.S. Gov't",RCT/Trial
36531342,Journal Article; Review,Review
41308470,Journal Article; Validation Study,Journal Article
38942912,Journal Article,Journal Article
33773807,"Journal Article; Research Support, N.I.H., Extramural",Journal Article
34481135,Journal Article,Journal Article
33485641,Journal Article; Multicenter Study,Journal Article
40907142,Journal Article,Journal Article
39134239,Journal Article,Journal Article
40641379,Journal Article,Journal Article
39053009,Journal Article; Randomized Controlled Trial,RCT/Trial
39863035,Journal Article,Journal Article
37284204,Systematic Review; Journal Article,Review
36738775,Case Reports; Journal Article,Case Report
37709142,Journal Article,Journal Article
34290942,Journal Article,Journal Article
40857752,Journal Article,Journal Article
33931372,Journal Article,Journal Article
38512491,Journal Article; Observational Study,Observational Study
41195923,Journal Article,Journal Article
40144526,Journal Article,Journal Article
36657049,Journal Article,Journal Article
34259330,Journal Article,Journal Article
36226787,Journal Article; Randomized Controlled Trial,RCT/Trial
40578870,Clinical Trial Protocol; Journal Article,RCT/Trial
41025907,Journal Article; Multicenter Study,Journal Article
35047096,Journal Article,Journal Article
33907807,Journal Article,Journal Article
34330080,Journal Article,Journal Article
41788033,Journal Article,Journal Article
35522730,Journal Article,Journal Article
37634528,"Randomized Controlled Trial; Clinical Trial, Phase III; Journal Article",RCT/Trial
36199074,Journal Article,Journal Article
40131593,Journal Article; Comparative Study; Review,Review
33486509,"Journal Article; Research Support, Non-U.S. Gov't",Journal Article
33902619,Journal Article,Journal Article
40756913,Journal Article; Review,Review
36033023,Journal Article,Journal Article
34248328,Journal Article,Journal Article
33083829,Journal Article,Journal Article
34111852,"Journal Article; Research Support, N.I.H., Extramural",Journal Article
35683608,Journal Article,Journal Article
35819664,Journal Article,Journal Article
34197963,Case Reports; Video-Audio Media; Journal Article,Case Report
34917488,Case Reports; Journal Article,Case Report
36816460,Case Reports; Journal Article,Case Report
34204894,Journal Article,Journal Article
40597336,Journal Article; Evaluation Study,Journal Article
33589138,Case Reports; Journal Article; Video-Audio Media,Case Report
36562673,English Abstract; Journal Article,Journal Article
35752301,Journal Article; Randomized Controlled Trial,RCT/Trial
38632219,Case Reports; Journal Article; Video-Audio Media,Case Report
38636771,Case Reports; Video-Audio Media; Journal Article,Case Report
35066884,Journal Article,Journal Article
41891058,Journal Article; Review,Review
35048754,Journal Article; Systematic Review,Review
41490433,Journal Article,Journal Article
35438444,Journal Article; Review,Review
34665361,Case Reports; Journal Article; Video-Audio Media,Case Report
35598492,Journal Article; Review,Review
36041694,Journal Article,Journal Article
33415842,Letter,Editorial/Letter
35638095,Journal Article,Journal Article
36233404,Journal Article,Journal Article
40038151,Journal Article,Journal Article
36553309,Case Reports; Journal Article,Case Report
40777594,Case Reports; Journal Article,Case Report
37090352,Case Reports; Journal Article,Case Report
38199787,Editorial; Comment,Editorial/Letter
35437146,Case Reports; Journal Article,Case Report
41827412,Journal Article,Journal Article
34363423,Journal Article,Journal Article
37116640,Journal Article,Journal Article
36212563,Journal Article,Journal Article
38906210,"Journal Article; Randomized Controlled Trial; Clinical Trial, Phase III; Multicenter Study",RCT/Trial
39711858,Journal Article,Journal Article
40194721,Journal Article,Journal Article
36901288,Journal Article,Journal Article
40632023,Journal Article; Review,Review
35953316,Editorial; Comment,Editorial/Letter
35497488,Journal Article,Journal Article
36494226,Meta-Analysis; Journal Article,Review
40624717,Journal Article; Review,Review
35610094,Journal Article,Journal Article
37142075,Randomized Controlled Trial; Journal Article,RCT/Trial
36402428,Video-Audio Media; Journal Article,Journal Article
36653813,"Journal Article; Research Support, Non-U.S. Gov't",Journal Article
37856060,Journal Article,Journal Article
34800328,Journal Article; Validation Study,Journal Article
36548105,Randomized Controlled Trial; Journal Article; Equivalence Trial,RCT/Trial
38489558,Journal Article; Review,Review
35801041,Editorial,Editorial/Letter
36171149,Case Reports; Journal Article,Case Report
36817006,Journal Article,Journal Article
35247321,"Journal Article; Randomized Controlled Trial; Research Support, Non-U.S. Gov't",RCT/Trial
41244020,Journal Article,Journal Article
35345550,Case Reports; Journal Article,Case Report
36441930,"Journal Article; Research Support, Non-U.S. Gov't",Journal Article
36817084,Case Reports; Journal Article,Case Report
41982229,Journal Article,Journal Article
35604420,Journal Article,Journal Article
35691722,Journal Article; Video-Audio Media,Journal Article
38337843,Journal Article; Review,Review
36756380,Journal Article,Journal Article
35621145,Journal Article,Journal Article
35895960,Journal Article; Review,Review
38392638,Journal Article; Review,Review
38472756,Journal Article,Journal Article
39358769,Journal Article,Journal Article
38342374,Journal Article,Journal Article
36432708,Journal Article,Journal Article
41432883,Journal Article,Journal Article
35372574,Journal Article; Review,Review
37025444,Journal Article; Review,Review
36175684,Meta-Analysis; Systematic Review; Journal Article,Review
37214062,Case Reports; Journal Article,Case Report
33331249,Journal Article,Journal Article
35249843,Journal Article,Journal Article
35426441,Systematic Review; Journal Article,Review
38657626,Journal Article,Journal Article
38561206,Journal Article,Journal Article
34973293,Journal Article,Journal Article
39025352,Case Reports; Video-Audio Media; Journal Article,Case Report
35367944,Journal Article,Journal Article
35688107,Journal Article,Journal Article
36000046,Journal Article,Journal Article
37021970,Journal Article,Journal Article
39019388,Journal Article; Randomized Controlled Trial; Multicenter Study,RCT/Trial
37244746,Practice Guideline; Journal Article,Journal Article
38504917,Journal Article; Review,Review
40952394,Journal Article; Meta-Analysis,Review
38914481,"Clinical Trial; Journal Article; Multicenter Study; Research Support, Non-U.S. Gov't",RCT/Trial
41841282,Journal Article,Journal Article
35296060,Journal Article,Journal Article
37951241,"Journal Article; Research Support, Non-U.S. Gov't",Journal Article
36682686,"Journal Article; Systematic Review; Research Support, N.I.H., Extramural",Review
39100656,Journal Article,Journal Article
36943660,"Journal Article; Research Support, Non-U.S. Gov't; Research Support, N.I.H., Extramural",Journal Article
38588946,Journal Article,Journal Article
38179401,Journal Article,Journal Article
36898699,"Journal Article; Research Support, Non-U.S. Gov't",Journal Article
39651573,Journal Article; Review,Review
38382700,Journal Article,Journal Article
38792407,Journal Article,Journal Article
38002393,Journal Article,Journal Article
36680545,"Journal Article; Research Support, N.I.H., Extramural",Journal Article
38433264,"Conference Proceedings; Research Support, Non-U.S. Gov't",Journal Article
36088988,Journal Article,Journal Article
38307807,Journal Article; Consensus Statement,Journal Article
41448361,Journal Article,Journal Article
39914650,Journal Article; Comparative Study,Journal Article
37856058,Meta-Analysis; Systematic Review; Journal Article,Review
37373878,Journal Article,Journal Article
37150283,Journal Article,Journal Article
38726676,Journal Article; Meta-Analysis; Systematic Review; Comparative Study,Review
36958459,"Journal Article; Research Support, N.I.H., Extramural",Journal Article
40606450,Journal Article,Journal Article
39862974,Journal Article,Journal Article
38797277,Journal Article; Randomized Controlled Trial,RCT/Trial
36444950,Journal Article,Journal Article
37060065,Journal Article,Journal Article
37663433,Journal Article,Journal Article
41583831,Journal Article,Journal Article
38546527,Journal Article; Multicenter Study,Journal Article
40838281,Journal Article,Journal Article
36749994,Journal Article,Journal Article
37192705,"Randomized Controlled Trial; Journal Article; Research Support, Non-U.S. Gov't",RCT/Trial
36932284,Journal Article; Scoping Review,Review
38677410,Journal Article,Journal Article
40791866,Journal Article,Journal Article
36526256,"Clinical Trial Protocol; Journal Article; Research Support, N.I.H., Extramural; Research Support, Non-U.S. Gov't",RCT/Trial
40645471,Journal Article; Comparative Study,Journal Article
41616500,Journal Article; Systematic Review; Meta-Analysis; Review,Review
36748262,Systematic Review; Journal Article,Review
35322695,Journal Article,Journal Article
38904755,Journal Article,Journal Article
37794775,Journal Article,Journal Article
40746163,Journal Article; Observational Study,Observational Study
41937912,Editorial,Editorial/Letter
41940375,Journal Article,Journal Article
39361076,Journal Article; Review,Review
38812787,Systematic Review; Journal Article,Review
37232055,"Journal Article; Research Support, N.I.H., Extramural",Journal Article
40426952,Journal Article,Journal Article
36801150,Journal Article,Journal Article
39260620,Journal Article,Journal Article
37948685,"Journal Article; Research Support, Non-U.S. Gov't",Journal Article
38664357,Journal Article; Scoping Review,Review
37127308,Journal Article,Journal Article
40769099,Journal Article,Journal Article
41952332,Journal Article,Journal Article
41807001,Journal Article; Clinical Trial Protocol,RCT/Trial
37064688,Systematic Review; Journal Article,Review
38520272,Journal Article,Journal Article
39870239,Journal Article,Journal Article
40598535,Journal Article; Review,Review
35499271,Randomized Controlled Trial; Journal Article,RCT/Trial
36996624,"Randomized Controlled Trial; Journal Article; Research Support, Non-U.S. Gov't",RCT/Trial
37210009,Observational Study; Journal Article,Observational Study
39578802,Journal Article,Journal Article
41611727,Journal Article,Journal Article
36527263,Journal Article,Journal Article
37176514,Journal Article; Review,Review
36647238,Meta-Analysis; Systematic Review; Journal Article,Review
38761917,Journal Article; Review,Review
36612556,Journal Article,Journal Article
41940647,Journal Article,Journal Article
41909999,Journal Article,Journal Article
36623640,"Editorial; Research Support, N.I.H., Extramural; Comment",Editorial/Letter
38267957,"Journal Article; Research Support, Non-U.S. Gov't",Journal Article
39490893,Journal Article,Journal Article
40466400,Journal Article; Observational Study; Multicenter Study,Observational Study
39200818,Journal Article; Review,Review
37741619,Journal Article,Journal Article
38008185,"Journal Article; Review; Research Support, N.I.H., Extramural; Research Support, Non-U.S. Gov't",Review
37740205,"Journal Article; Research Support, Non-U.S. Gov't",Journal Article
38614242,"Journal Article; Research Support, Non-U.S. Gov't",Journal Article
39922273,Journal Article; Observational Study,Observational Study
41914396,Journal Article,Journal Article
38913488,Journal Article; Comment,Editorial/Letter
41427529,Journal Article,Journal Article
41920896,Journal Article,Journal Article
38848990,Journal Article,Journal Article
41051771,Journal Article,Journal Article
41798459,Journal Article; Review,Review
38151094,Journal Article,Journal Article
39305983,Journal Article,Journal Article
38071460,Journal Article,Journal Article
37666383,"Randomized Controlled Trial; Journal Article; Research Support, N.I.H., Extramural",RCT/Trial
40075921,Journal Article,Journal Article
38547478,Journal Article,Journal Article
38673465,Journal Article; Review,Review
38991285,Journal Article; Validation Study,Journal Article
37988946,Journal Article,Journal Article
41455177,Journal Article; Multicenter Study; Comparative Study,Journal Article
38339066,Journal Article,Journal Article
41875051,Journal Article,Journal Article
40839882,Journal Article,Journal Article
39021061,Journal Article; Validation Study; Multicenter Study,Journal Article
39326839,Journal Article,Journal Article
38348799,Meta-Analysis; Systematic Review; Journal Article,Review
40655328,Journal Article,Journal Article
37922937,Journal Article,Journal Article
40143515,Journal Article; Review,Review
39470411,Journal Article,Journal Article
39007504,Journal Article; Randomized Controlled Trial,RCT/Trial
38190883,Journal Article,Journal Article
41666983,Journal Article,Journal Article
40037679,Journal Article; Clinical Trial Protocol,RCT/Trial
38133844,Journal Article,Journal Article
37964687,Journal Article; Review,Review
38473344,Journal Article; Review,Review
40034508,Journal Article,Journal Article
40260372,Journal Article,Journal Article
39525130,Journal Article; Review,Review
39753306,Journal Article,Journal Article
39618150,Journal Article,Journal Article
40106946,Case Reports; Journal Article,Case Report
38697259,Journal Article,Journal Article
40691413,Journal Article; Comparative Study,Journal Article
38959323,Journal Article,Journal Article
39520994,Letter,Editorial/Letter
39504845,Journal Article,Journal Article
41243041,Journal Article; Review,Review
39490891,Journal Article; Comparative Study,Journal Article
41583717,English Abstract; Journal Article,Journal Article
39964372,Journal Article; Review,Review
39955843,Journal Article,Journal Article
40217249,Journal Article,Journal Article
40228407,Journal Article,Journal Article
38769812,Case Reports; Journal Article,Case Report
38891962,Journal Article; Review,Review
39277104,Journal Article; Meta-Analysis; Systematic Review,Review
40139267,Journal Article; Randomized Controlled Trial; Multicenter Study,RCT/Trial
39265173,Journal Article; Randomized Controlled Trial; Equivalence Trial,RCT/Trial
39260558,Journal Article,Journal Article
37944155,Meta-Analysis; Systematic Review; Journal Article,Review
37271737,Journal Article,Journal Article
39307234,Journal Article,Journal Article
40521575,Journal Article,Journal Article
