abstract_id,npi_number,npi_match_score,npi_n_candidates,npi_match_strategy,npi_match_confidence,npi_gender,npi_state,npi_taxonomy,npi_enumeration_date,npi_years_in_practice,npi_acog_district,npi_subspecialty
AAGL2012_001,NA,40,1,initial,ambiguous,NA,NA,NA,NA,NA,NA,NA
AAGL2012_009,NA,0,0,NA,low,NA,NA,NA,NA,NA,NA,NA
AAGL2012_011,NA,0,0,NA,low,NA,NA,NA,NA,NA,NA,NA
AAGL2012_013,NA,30,6,initial,ambiguous,NA,NA,NA,NA,NA,NA,NA
AAGL2012_014,NA,0,0,NA,low,NA,NA,NA,NA,NA,NA,NA
AAGL2012_015,NA,0,0,NA,low,NA,NA,NA,NA,NA,NA,NA
AAGL2012_016,NA,0,0,NA,low,NA,NA,NA,NA,NA,NA,NA
AAGL2012_019,NA,20,2,initial,low,NA,NA,NA,NA,NA,NA,NA
AAGL2012_021,NA,30,6,initial,ambiguous,NA,NA,NA,NA,NA,NA,NA
AAGL2012_025,NA,0,0,NA,low,NA,NA,NA,NA,NA,NA,NA
AAGL2012_026,NA,30,1,initial,ambiguous,NA,NA,NA,NA,NA,NA,NA
AAGL2012_030,NA,40,1,initial,ambiguous,NA,NA,NA,NA,NA,NA,NA
AAGL2012_035,NA,0,0,NA,low,NA,NA,NA,NA,NA,NA,NA
AAGL2012_038,NA,0,0,NA,low,NA,NA,NA,NA,NA,NA,NA
AAGL2012_041,NA,0,0,NA,low,NA,NA,NA,NA,NA,NA,NA
AAGL2012_043,NA,0,0,NA,low,NA,NA,NA,NA,NA,NA,NA
AAGL2012_046,NA,0,0,NA,low,NA,NA,NA,NA,NA,NA,NA
AAGL2012_051,NA,30,5,initial,ambiguous,NA,NA,NA,NA,NA,NA,NA
AAGL2012_052,NA,40,2,initial,ambiguous,NA,NA,NA,NA,NA,NA,NA
AAGL2012_054,NA,0,0,NA,low,NA,NA,NA,NA,NA,NA,NA
AAGL2012_067,NA,0,0,NA,low,NA,NA,NA,NA,NA,NA,NA
AAGL2012_069,NA,0,0,NA,low,NA,NA,NA,NA,NA,NA,NA
AAGL2012_071,NA,0,0,NA,low,NA,NA,NA,NA,NA,NA,NA
AAGL2012_072,NA,0,0,NA,low,NA,NA,NA,NA,NA,NA,NA
AAGL2012_074,NA,0,0,NA,low,NA,NA,NA,NA,NA,NA,NA
AAGL2012_076,NA,0,0,NA,low,NA,NA,NA,NA,NA,NA,NA
AAGL2012_078,NA,0,0,NA,low,NA,NA,NA,NA,NA,NA,NA
AAGL2012_079,NA,0,0,NA,low,NA,NA,NA,NA,NA,NA,NA
AAGL2012_085,NA,30,2,initial,ambiguous,NA,NA,NA,NA,NA,NA,NA
AAGL2012_089,1982861340,60,1,initial,high,M,FL,207VG0400X,2008-05-21,4,XI,GYN_ONC
AAGL2012_090,NA,40,2,initial,ambiguous,NA,NA,NA,NA,NA,NA,NA
AAGL2012_092,NA,0,0,NA,low,NA,NA,NA,NA,NA,NA,NA
AAGL2012_093,NA,0,0,NA,low,NA,NA,NA,NA,NA,NA,NA
AAGL2012_095,NA,0,0,NA,low,NA,NA,NA,NA,NA,NA,NA
AAGL2013_001,NA,0,0,NA,low,NA,NA,NA,NA,NA,NA,NA
AAGL2013_004,NA,0,0,NA,low,NA,NA,NA,NA,NA,NA,NA
AAGL2013_005,NA,0,0,NA,low,NA,NA,NA,NA,NA,NA,NA
AAGL2013_006,NA,0,0,NA,low,NA,NA,NA,NA,NA,NA,NA
AAGL2013_007,1679701858,60,2,initial,high,F,NY,390200000X,2009-06-26,4,II,NA
AAGL2013_008,NA,0,0,NA,low,NA,NA,NA,NA,NA,NA,NA
AAGL2013_011,NA,30,2,initial,ambiguous,NA,NA,NA,NA,NA,NA,NA
AAGL2013_016,NA,0,0,NA,low,NA,NA,NA,NA,NA,NA,NA
AAGL2013_018,NA,0,0,NA,low,NA,NA,NA,NA,NA,NA,NA
AAGL2013_019,NA,0,0,NA,low,NA,NA,NA,NA,NA,NA,NA
AAGL2013_022,NA,0,0,NA,low,NA,NA,NA,NA,NA,NA,NA
AAGL2013_025,NA,0,0,NA,low,NA,NA,NA,NA,NA,NA,NA
AAGL2013_027,NA,0,0,NA,low,NA,NA,NA,NA,NA,NA,NA
AAGL2013_028,NA,0,0,NA,low,NA,NA,NA,NA,NA,NA,NA
AAGL2013_030,NA,0,0,NA,low,NA,NA,NA,NA,NA,NA,NA
AAGL2013_032,NA,50,5,initial,ambiguous,NA,NA,NA,NA,NA,NA,NA
AAGL2013_033,NA,30,10,initial,ambiguous,NA,NA,NA,NA,NA,NA,NA
AAGL2013_036,NA,0,0,NA,low,NA,NA,NA,NA,NA,NA,NA
AAGL2013_038,NA,0,0,NA,low,NA,NA,NA,NA,NA,NA,NA
AAGL2013_044,NA,0,0,NA,low,NA,NA,NA,NA,NA,NA,NA
AAGL2013_045,NA,0,0,NA,low,NA,NA,NA,NA,NA,NA,NA
AAGL2013_047,NA,0,0,NA,low,NA,NA,NA,NA,NA,NA,NA
AAGL2013_048,NA,0,0,NA,low,NA,NA,NA,NA,NA,NA,NA
AAGL2013_049,NA,0,0,NA,low,NA,NA,NA,NA,NA,NA,NA
AAGL2013_052,NA,0,0,NA,low,NA,NA,NA,NA,NA,NA,NA
AAGL2013_054,NA,30,1,initial,ambiguous,NA,NA,NA,NA,NA,NA,NA
AAGL2013_055,NA,0,0,NA,low,NA,NA,NA,NA,NA,NA,NA
AAGL2013_057,NA,0,0,NA,low,NA,NA,NA,NA,NA,NA,NA
AAGL2013_058,NA,0,0,NA,low,NA,NA,NA,NA,NA,NA,NA
AAGL2013_059,NA,0,0,NA,low,NA,NA,NA,NA,NA,NA,NA
AAGL2013_069,NA,0,0,NA,low,NA,NA,NA,NA,NA,NA,NA
AAGL2013_070,NA,0,0,NA,low,NA,NA,NA,NA,NA,NA,NA
AAGL2013_073,NA,40,2,initial,ambiguous,NA,NA,NA,NA,NA,NA,NA
AAGL2013_074,NA,0,0,NA,low,NA,NA,NA,NA,NA,NA,NA
AAGL2013_077,NA,0,0,NA,low,NA,NA,NA,NA,NA,NA,NA
AAGL2013_079,NA,0,0,NA,low,NA,NA,NA,NA,NA,NA,NA
AAGL2013_080,NA,0,0,NA,low,NA,NA,NA,NA,NA,NA,NA
AAGL2013_081,NA,0,0,NA,low,NA,NA,NA,NA,NA,NA,NA
AAGL2013_083,NA,0,0,NA,low,NA,NA,NA,NA,NA,NA,NA
AAGL2013_084,NA,0,0,NA,low,NA,NA,NA,NA,NA,NA,NA
AAGL2013_086,NA,0,0,NA,low,NA,NA,NA,NA,NA,NA,NA
AAGL2013_091,NA,0,0,NA,low,NA,NA,NA,NA,NA,NA,NA
AAGL2013_092,NA,0,0,NA,low,NA,NA,NA,NA,NA,NA,NA
AAGL2014_001,NA,0,0,NA,low,NA,NA,NA,NA,NA,NA,NA
AAGL2014_005,NA,0,0,NA,low,NA,NA,NA,NA,NA,NA,NA
AAGL2014_009,NA,0,0,NA,low,NA,NA,NA,NA,NA,NA,NA
AAGL2014_014,1508968231,60,1,initial,high,F,CA,207V00000X,2006-09-02,8,IX,general_OBGYN
AAGL2014_017,NA,0,0,NA,low,NA,NA,NA,NA,NA,NA,NA
AAGL2014_020,NA,0,0,NA,low,NA,NA,NA,NA,NA,NA,NA
AAGL2014_023,NA,0,0,NA,low,NA,NA,NA,NA,NA,NA,NA
AAGL2014_026,NA,0,0,NA,low,NA,NA,NA,NA,NA,NA,NA
AAGL2014_030,NA,30,2,initial,ambiguous,NA,NA,NA,NA,NA,NA,NA
AAGL2014_032,NA,0,0,NA,low,NA,NA,NA,NA,NA,NA,NA
AAGL2014_035,NA,0,0,NA,low,NA,NA,NA,NA,NA,NA,NA
AAGL2014_038,NA,0,0,NA,low,NA,NA,NA,NA,NA,NA,NA
AAGL2014_040,NA,0,0,NA,low,NA,NA,NA,NA,NA,NA,NA
AAGL2014_045,NA,0,0,NA,low,NA,NA,NA,NA,NA,NA,NA
AAGL2014_046,NA,0,0,NA,low,NA,NA,NA,NA,NA,NA,NA
AAGL2014_051,NA,30,5,initial,ambiguous,NA,NA,NA,NA,NA,NA,NA
AAGL2014_053,NA,0,0,NA,low,NA,NA,NA,NA,NA,NA,NA
AAGL2014_058,NA,0,0,NA,low,NA,NA,NA,NA,NA,NA,NA
AAGL2014_064,NA,40,1,initial,ambiguous,NA,NA,NA,NA,NA,NA,NA
AAGL2014_071,NA,30,2,initial,ambiguous,NA,NA,NA,NA,NA,NA,NA
AAGL2014_073,NA,0,0,NA,low,NA,NA,NA,NA,NA,NA,NA
AAGL2014_077,NA,0,0,NA,low,NA,NA,NA,NA,NA,NA,NA
AAGL2014_079,NA,0,0,NA,low,NA,NA,NA,NA,NA,NA,NA
AAGL2014_081,NA,0,0,NA,low,NA,NA,NA,NA,NA,NA,NA
AAGL2014_085,NA,0,0,NA,low,NA,NA,NA,NA,NA,NA,NA
AAGL2014_087,NA,0,0,NA,low,NA,NA,NA,NA,NA,NA,NA
AAGL2014_088,NA,30,4,initial,ambiguous,NA,NA,NA,NA,NA,NA,NA
AAGL2014_090,NA,0,0,NA,low,NA,NA,NA,NA,NA,NA,NA
AAGL2014_092,NA,0,0,NA,low,NA,NA,NA,NA,NA,NA,NA
AAGL2015_002,1144477530,75,1,exact,high,F,CT,207V00000X,2008-08-27,7,I,general_OBGYN
AAGL2015_004,NA,40,1,initial,ambiguous,NA,NA,NA,NA,NA,NA,NA
AAGL2015_005,NA,0,0,NA,low,NA,NA,NA,NA,NA,NA,NA
AAGL2015_007,NA,0,0,NA,low,NA,NA,NA,NA,NA,NA,NA
AAGL2015_008,NA,0,0,NA,low,NA,NA,NA,NA,NA,NA,NA
AAGL2015_013,NA,0,0,NA,low,NA,NA,NA,NA,NA,NA,NA
AAGL2015_015,NA,30,1,initial,ambiguous,NA,NA,NA,NA,NA,NA,NA
AAGL2015_016,NA,0,0,NA,low,NA,NA,NA,NA,NA,NA,NA
AAGL2015_021,NA,0,0,NA,low,NA,NA,NA,NA,NA,NA,NA
AAGL2015_023,NA,0,0,NA,low,NA,NA,NA,NA,NA,NA,NA
AAGL2015_025,NA,0,0,NA,low,NA,NA,NA,NA,NA,NA,NA
AAGL2015_026,NA,0,0,NA,low,NA,NA,NA,NA,NA,NA,NA
AAGL2015_030,NA,40,2,initial,ambiguous,NA,NA,NA,NA,NA,NA,NA
AAGL2015_035,NA,0,0,NA,low,NA,NA,NA,NA,NA,NA,NA
AAGL2015_038,NA,40,2,initial,ambiguous,NA,NA,NA,NA,NA,NA,NA
AAGL2015_039,NA,0,0,NA,low,NA,NA,NA,NA,NA,NA,NA
AAGL2015_041,NA,40,1,initial,ambiguous,NA,NA,NA,NA,NA,NA,NA
AAGL2015_042,1063705374,60,3,initial,high,F,NC,390200000X,2011-05-19,4,XI,NA
AAGL2015_043,NA,0,0,NA,low,NA,NA,NA,NA,NA,NA,NA
AAGL2015_051,1679831093,60,2,initial,high,F,TX,390200000X,2012-04-24,3,X,NA
AAGL2015_053,1639418452,75,1,exact,high,F,MN,207VX0201X,2013-02-14,2,VI,general_OBGYN
AAGL2015_056,NA,0,0,NA,low,NA,NA,NA,NA,NA,NA,NA
AAGL2015_060,NA,50,8,initial,ambiguous,NA,NA,NA,NA,NA,NA,NA
AAGL2015_063,NA,0,0,NA,low,NA,NA,NA,NA,NA,NA,NA
AAGL2015_067,NA,0,0,NA,low,NA,NA,NA,NA,NA,NA,NA
AAGL2015_069,NA,0,0,NA,low,NA,NA,NA,NA,NA,NA,NA
AAGL2015_071,NA,0,0,NA,low,NA,NA,NA,NA,NA,NA,NA
AAGL2015_072,NA,0,0,NA,low,NA,NA,NA,NA,NA,NA,NA
AAGL2015_073,NA,0,0,NA,low,NA,NA,NA,NA,NA,NA,NA
AAGL2015_074,NA,0,0,NA,low,NA,NA,NA,NA,NA,NA,NA
AAGL2015_079,NA,0,0,NA,low,NA,NA,NA,NA,NA,NA,NA
AAGL2015_082,NA,60,4,initial,ambiguous,NA,NA,NA,NA,NA,NA,NA
AAGL2015_086,NA,0,0,NA,low,NA,NA,NA,NA,NA,NA,NA
AAGL2015_087,NA,0,0,NA,low,NA,NA,NA,NA,NA,NA,NA
AAGL2015_088,NA,40,1,initial,ambiguous,NA,NA,NA,NA,NA,NA,NA
AAGL2015_093,NA,0,0,NA,low,NA,NA,NA,NA,NA,NA,NA
AAGL2015_095,NA,0,0,NA,low,NA,NA,NA,NA,NA,NA,NA
AAGL2016_003,NA,0,0,NA,low,NA,NA,NA,NA,NA,NA,NA
AAGL2016_006,NA,0,0,NA,low,NA,NA,NA,NA,NA,NA,NA
AAGL2016_007,NA,0,0,NA,low,NA,NA,NA,NA,NA,NA,NA
AAGL2016_009,1104137702,50,5,initial,high,F,CT,207V00000X,2010-06-29,6,I,general_OBGYN
AAGL2016_013,NA,0,0,NA,low,NA,NA,NA,NA,NA,NA,NA
AAGL2016_015,NA,40,1,initial,ambiguous,NA,NA,NA,NA,NA,NA,NA
AAGL2016_024,NA,0,0,NA,low,NA,NA,NA,NA,NA,NA,NA
AAGL2016_034,NA,60,2,initial,ambiguous,NA,NA,NA,NA,NA,NA,NA
AAGL2016_035,NA,0,0,NA,low,NA,NA,NA,NA,NA,NA,NA
AAGL2016_036,NA,0,0,NA,low,NA,NA,NA,NA,NA,NA,NA
AAGL2016_037,NA,0,0,NA,low,NA,NA,NA,NA,NA,NA,NA
AAGL2016_040,NA,0,0,NA,low,NA,NA,NA,NA,NA,NA,NA
AAGL2016_041,NA,0,0,NA,low,NA,NA,NA,NA,NA,NA,NA
AAGL2016_043,NA,0,0,NA,low,NA,NA,NA,NA,NA,NA,NA
AAGL2016_046,NA,0,0,NA,low,NA,NA,NA,NA,NA,NA,NA
AAGL2016_048,NA,30,2,initial,ambiguous,NA,NA,NA,NA,NA,NA,NA
AAGL2016_049,NA,0,0,NA,low,NA,NA,NA,NA,NA,NA,NA
AAGL2016_051,NA,30,1,initial,ambiguous,NA,NA,NA,NA,NA,NA,NA
AAGL2016_056,NA,0,0,NA,low,NA,NA,NA,NA,NA,NA,NA
AAGL2016_058,NA,30,1,initial,ambiguous,NA,NA,NA,NA,NA,NA,NA
AAGL2016_060,NA,30,4,initial,ambiguous,NA,NA,NA,NA,NA,NA,NA
AAGL2016_061,NA,0,0,NA,low,NA,NA,NA,NA,NA,NA,NA
AAGL2016_062,NA,40,1,initial,ambiguous,NA,NA,NA,NA,NA,NA,NA
AAGL2016_065,NA,0,0,NA,low,NA,NA,NA,NA,NA,NA,NA
AAGL2016_066,NA,0,0,NA,low,NA,NA,NA,NA,NA,NA,NA
AAGL2016_067,NA,0,0,NA,low,NA,NA,NA,NA,NA,NA,NA
AAGL2016_071,NA,30,1,initial,ambiguous,NA,NA,NA,NA,NA,NA,NA
AAGL2016_072,NA,0,0,NA,low,NA,NA,NA,NA,NA,NA,NA
AAGL2016_077,NA,0,0,NA,low,NA,NA,NA,NA,NA,NA,NA
AAGL2016_078,NA,0,0,NA,low,NA,NA,NA,NA,NA,NA,NA
AAGL2016_081,NA,0,0,NA,low,NA,NA,NA,NA,NA,NA,NA
AAGL2016_083,NA,0,0,NA,low,NA,NA,NA,NA,NA,NA,NA
AAGL2016_085,NA,0,0,NA,low,NA,NA,NA,NA,NA,NA,NA
AAGL2016_090,NA,40,1,initial,ambiguous,NA,NA,NA,NA,NA,NA,NA
AAGL2016_095,NA,0,0,NA,low,NA,NA,NA,NA,NA,NA,NA
AAGL2017_002,NA,0,0,NA,low,NA,NA,NA,NA,NA,NA,NA
AAGL2017_006,1932390051,50,6,initial,high,F,CA,207VG0400X,2007-08-05,10,IX,GYN_ONC
AAGL2017_007,NA,0,0,NA,low,NA,NA,NA,NA,NA,NA,NA
AAGL2017_009,NA,20,5,initial,low,NA,NA,NA,NA,NA,NA,NA
AAGL2017_011,NA,0,0,NA,low,NA,NA,NA,NA,NA,NA,NA
AAGL2017_016,NA,0,0,NA,low,NA,NA,NA,NA,NA,NA,NA
AAGL2017_020,NA,0,0,NA,low,NA,NA,NA,NA,NA,NA,NA
AAGL2017_024,1912131665,60,1,initial,high,M,OH,390200000X,2009-05-11,8,V,NA
AAGL2017_026,NA,30,4,initial,ambiguous,NA,NA,NA,NA,NA,NA,NA
AAGL2017_033,NA,0,0,NA,low,NA,NA,NA,NA,NA,NA,NA
AAGL2017_034,NA,30,3,initial,ambiguous,NA,NA,NA,NA,NA,NA,NA
AAGL2017_036,NA,75,2,exact,ambiguous,NA,NA,NA,NA,NA,NA,NA
AAGL2017_038,NA,40,2,initial,ambiguous,NA,NA,NA,NA,NA,NA,NA
AAGL2017_039,NA,0,0,NA,low,NA,NA,NA,NA,NA,NA,NA
AAGL2017_040,NA,0,0,NA,low,NA,NA,NA,NA,NA,NA,NA
AAGL2017_043,NA,0,0,NA,low,NA,NA,NA,NA,NA,NA,NA
AAGL2017_045,NA,0,0,NA,low,NA,NA,NA,NA,NA,NA,NA
AAGL2017_046,NA,0,0,NA,low,NA,NA,NA,NA,NA,NA,NA
AAGL2017_056,NA,0,0,NA,low,NA,NA,NA,NA,NA,NA,NA
AAGL2017_061,NA,40,1,initial,ambiguous,NA,NA,NA,NA,NA,NA,NA
AAGL2017_063,NA,0,0,NA,low,NA,NA,NA,NA,NA,NA,NA
AAGL2017_066,NA,0,0,NA,low,NA,NA,NA,NA,NA,NA,NA
AAGL2017_068,NA,0,0,NA,low,NA,NA,NA,NA,NA,NA,NA
AAGL2017_070,NA,0,0,NA,low,NA,NA,NA,NA,NA,NA,NA
AAGL2017_071,NA,0,0,NA,low,NA,NA,NA,NA,NA,NA,NA
AAGL2017_072,NA,0,0,NA,low,NA,NA,NA,NA,NA,NA,NA
AAGL2017_075,NA,0,0,NA,low,NA,NA,NA,NA,NA,NA,NA
AAGL2017_077,NA,30,3,initial,ambiguous,NA,NA,NA,NA,NA,NA,NA
AAGL2017_081,NA,0,0,NA,low,NA,NA,NA,NA,NA,NA,NA
AAGL2017_083,NA,0,0,NA,low,NA,NA,NA,NA,NA,NA,NA
AAGL2017_085,NA,0,0,NA,low,NA,NA,NA,NA,NA,NA,NA
AAGL2017_087,NA,30,2,initial,ambiguous,NA,NA,NA,NA,NA,NA,NA
AAGL2017_088,NA,0,0,NA,low,NA,NA,NA,NA,NA,NA,NA
AAGL2017_090,NA,0,0,NA,low,NA,NA,NA,NA,NA,NA,NA
AAGL2017_091,NA,0,0,NA,low,NA,NA,NA,NA,NA,NA,NA
AAGL2017_092,NA,30,6,initial,ambiguous,NA,NA,NA,NA,NA,NA,NA
AAGL2017_094,NA,0,0,NA,low,NA,NA,NA,NA,NA,NA,NA
AAGL2017_096,NA,0,0,NA,low,NA,NA,NA,NA,NA,NA,NA
AAGL2017_097,1053799395,95,1,exact,high,F,NY,390200000X,2015-05-07,2,II,NA
AAGL2018_001,NA,0,0,NA,low,NA,NA,NA,NA,NA,NA,NA
AAGL2018_002,NA,0,0,NA,low,NA,NA,NA,NA,NA,NA,NA
AAGL2018_005,NA,0,0,NA,low,NA,NA,NA,NA,NA,NA,NA
AAGL2018_010,NA,0,0,NA,low,NA,NA,NA,NA,NA,NA,NA
AAGL2018_013,NA,30,6,initial,ambiguous,NA,NA,NA,NA,NA,NA,NA
AAGL2018_014,NA,40,2,initial,ambiguous,NA,NA,NA,NA,NA,NA,NA
AAGL2018_015,NA,50,31,initial,ambiguous,NA,NA,NA,NA,NA,NA,NA
AAGL2018_016,NA,0,0,NA,low,NA,NA,NA,NA,NA,NA,NA
AAGL2018_017,NA,0,0,NA,low,NA,NA,NA,NA,NA,NA,NA
AAGL2018_018,NA,0,0,NA,low,NA,NA,NA,NA,NA,NA,NA
AAGL2018_021,NA,0,0,NA,low,NA,NA,NA,NA,NA,NA,NA
AAGL2018_022,NA,0,0,NA,low,NA,NA,NA,NA,NA,NA,NA
AAGL2018_025,NA,0,0,NA,low,NA,NA,NA,NA,NA,NA,NA
AAGL2018_031,NA,0,0,NA,low,NA,NA,NA,NA,NA,NA,NA
AAGL2018_034,NA,30,6,initial,ambiguous,NA,NA,NA,NA,NA,NA,NA
AAGL2018_038,NA,0,0,NA,low,NA,NA,NA,NA,NA,NA,NA
AAGL2018_046,NA,0,0,NA,low,NA,NA,NA,NA,NA,NA,NA
AAGL2018_050,NA,30,2,initial,ambiguous,NA,NA,NA,NA,NA,NA,NA
AAGL2018_051,NA,0,0,NA,low,NA,NA,NA,NA,NA,NA,NA
AAGL2018_052,NA,0,0,NA,low,NA,NA,NA,NA,NA,NA,NA
AAGL2018_058,NA,0,0,NA,low,NA,NA,NA,NA,NA,NA,NA
AAGL2018_059,NA,0,0,NA,low,NA,NA,NA,NA,NA,NA,NA
AAGL2018_065,NA,30,20,initial,ambiguous,NA,NA,NA,NA,NA,NA,NA
AAGL2018_071,NA,40,1,initial,ambiguous,NA,NA,NA,NA,NA,NA,NA
AAGL2018_074,NA,40,2,initial,ambiguous,NA,NA,NA,NA,NA,NA,NA
AAGL2018_079,NA,0,0,NA,low,NA,NA,NA,NA,NA,NA,NA
AAGL2018_080,NA,30,10,initial,ambiguous,NA,NA,NA,NA,NA,NA,NA
AAGL2018_081,NA,0,0,NA,low,NA,NA,NA,NA,NA,NA,NA
AAGL2018_085,NA,0,0,NA,low,NA,NA,NA,NA,NA,NA,NA
AAGL2018_086,NA,0,0,NA,low,NA,NA,NA,NA,NA,NA,NA
AAGL2018_089,NA,0,0,NA,low,NA,NA,NA,NA,NA,NA,NA
AAGL2018_091,NA,0,0,NA,low,NA,NA,NA,NA,NA,NA,NA
AAGL2018_092,NA,0,0,NA,low,NA,NA,NA,NA,NA,NA,NA
AAGL2018_093,NA,0,0,NA,low,NA,NA,NA,NA,NA,NA,NA
AAGL2018_095,NA,0,0,NA,low,NA,NA,NA,NA,NA,NA,NA
AAGL2019_001,NA,0,0,NA,low,NA,NA,NA,NA,NA,NA,NA
AAGL2019_002,NA,0,0,NA,low,NA,NA,NA,NA,NA,NA,NA
AAGL2019_004,1356877161,60,2,initial,high,M,TX,390200000X,2017-05-11,2,X,NA
AAGL2019_005,NA,0,0,NA,low,NA,NA,NA,NA,NA,NA,NA
AAGL2019_006,NA,0,0,NA,low,NA,NA,NA,NA,NA,NA,NA
AAGL2019_007,NA,0,0,NA,low,NA,NA,NA,NA,NA,NA,NA
AAGL2019_008,NA,30,15,initial,ambiguous,NA,NA,NA,NA,NA,NA,NA
AAGL2019_009,1548672371,50,8,initial,high,F,AZ,390200000X,2014-05-28,5,VIII,NA
AAGL2019_010,NA,30,10,initial,ambiguous,NA,NA,NA,NA,NA,NA,NA
AAGL2019_011,NA,0,0,NA,low,NA,NA,NA,NA,NA,NA,NA
AAGL2019_012,NA,30,3,initial,ambiguous,NA,NA,NA,NA,NA,NA,NA
AAGL2019_013,NA,0,0,NA,low,NA,NA,NA,NA,NA,NA,NA
AAGL2019_015,NA,0,0,NA,low,NA,NA,NA,NA,NA,NA,NA
AAGL2019_016,NA,0,0,NA,low,NA,NA,NA,NA,NA,NA,NA
AAGL2019_017,NA,0,0,NA,low,NA,NA,NA,NA,NA,NA,NA
AAGL2019_018,NA,0,0,NA,low,NA,NA,NA,NA,NA,NA,NA
AAGL2019_019,NA,0,0,NA,low,NA,NA,NA,NA,NA,NA,NA
AAGL2019_020,NA,0,0,NA,low,NA,NA,NA,NA,NA,NA,NA
AAGL2019_021,NA,0,0,NA,low,NA,NA,NA,NA,NA,NA,NA
AAGL2019_022,NA,0,0,NA,low,NA,NA,NA,NA,NA,NA,NA
AAGL2019_023,NA,40,1,initial,ambiguous,NA,NA,NA,NA,NA,NA,NA
AAGL2019_024,NA,40,1,initial,ambiguous,NA,NA,NA,NA,NA,NA,NA
AAGL2019_025,NA,40,1,initial,ambiguous,NA,NA,NA,NA,NA,NA,NA
AAGL2019_026,NA,0,0,NA,low,NA,NA,NA,NA,NA,NA,NA
AAGL2019_027,NA,40,1,initial,ambiguous,NA,NA,NA,NA,NA,NA,NA
AAGL2019_028,NA,40,1,initial,ambiguous,NA,NA,NA,NA,NA,NA,NA
AAGL2019_029,NA,0,0,NA,low,NA,NA,NA,NA,NA,NA,NA
AAGL2019_030,NA,0,0,NA,low,NA,NA,NA,NA,NA,NA,NA
AAGL2019_031,NA,0,0,NA,low,NA,NA,NA,NA,NA,NA,NA
AAGL2019_032,NA,0,0,NA,low,NA,NA,NA,NA,NA,NA,NA
AAGL2019_033,NA,0,0,NA,low,NA,NA,NA,NA,NA,NA,NA
AAGL2019_034,NA,40,1,initial,ambiguous,NA,NA,NA,NA,NA,NA,NA
AAGL2019_035,NA,0,0,NA,low,NA,NA,NA,NA,NA,NA,NA
AAGL2019_036,NA,0,0,NA,low,NA,NA,NA,NA,NA,NA,NA
AAGL2019_037,NA,0,0,NA,low,NA,NA,NA,NA,NA,NA,NA
AAGL2019_038,NA,30,7,initial,ambiguous,NA,NA,NA,NA,NA,NA,NA
AAGL2019_039,NA,0,0,NA,low,NA,NA,NA,NA,NA,NA,NA
AAGL2019_040,NA,0,0,NA,low,NA,NA,NA,NA,NA,NA,NA
AAGL2019_041,NA,30,24,initial,ambiguous,NA,NA,NA,NA,NA,NA,NA
AAGL2019_042,NA,0,0,NA,low,NA,NA,NA,NA,NA,NA,NA
AAGL2019_043,NA,0,0,NA,low,NA,NA,NA,NA,NA,NA,NA
AAGL2019_044,NA,0,0,NA,low,NA,NA,NA,NA,NA,NA,NA
AAGL2019_045,NA,0,0,NA,low,NA,NA,NA,NA,NA,NA,NA
AAGL2019_046,NA,0,0,NA,low,NA,NA,NA,NA,NA,NA,NA
AAGL2019_047,NA,0,0,NA,low,NA,NA,NA,NA,NA,NA,NA
AAGL2019_048,NA,0,0,NA,low,NA,NA,NA,NA,NA,NA,NA
AAGL2019_049,NA,30,3,initial,ambiguous,NA,NA,NA,NA,NA,NA,NA
AAGL2019_050,NA,30,3,initial,ambiguous,NA,NA,NA,NA,NA,NA,NA
AAGL2019_051,NA,0,0,NA,low,NA,NA,NA,NA,NA,NA,NA
AAGL2019_052,NA,0,0,NA,low,NA,NA,NA,NA,NA,NA,NA
AAGL2019_053,NA,50,33,initial,ambiguous,NA,NA,NA,NA,NA,NA,NA
AAGL2019_054,NA,0,0,NA,low,NA,NA,NA,NA,NA,NA,NA
AAGL2019_055,NA,60,3,initial,ambiguous,NA,NA,NA,NA,NA,NA,NA
AAGL2019_056,NA,0,0,NA,low,NA,NA,NA,NA,NA,NA,NA
AAGL2019_057,1962582213,60,1,initial,high,M,TX,207VG0400X,2006-10-17,13,X,GYN_ONC
AAGL2019_058,NA,30,33,initial,ambiguous,NA,NA,NA,NA,NA,NA,NA
AAGL2019_059,NA,0,0,NA,low,NA,NA,NA,NA,NA,NA,NA
AAGL2019_060,NA,40,1,initial,ambiguous,NA,NA,NA,NA,NA,NA,NA
AAGL2019_061,NA,0,0,NA,low,NA,NA,NA,NA,NA,NA,NA
AAGL2019_062,NA,40,2,initial,ambiguous,NA,NA,NA,NA,NA,NA,NA
AAGL2019_063,NA,40,2,initial,ambiguous,NA,NA,NA,NA,NA,NA,NA
AAGL2019_065,NA,0,0,NA,low,NA,NA,NA,NA,NA,NA,NA
AAGL2019_066,NA,30,3,initial,ambiguous,NA,NA,NA,NA,NA,NA,NA
AAGL2019_067,NA,0,0,NA,low,NA,NA,NA,NA,NA,NA,NA
AAGL2019_068,NA,0,0,NA,low,NA,NA,NA,NA,NA,NA,NA
AAGL2019_069,NA,50,8,initial,ambiguous,NA,NA,NA,NA,NA,NA,NA
AAGL2019_070,NA,0,0,NA,low,NA,NA,NA,NA,NA,NA,NA
AAGL2019_071,NA,0,0,NA,low,NA,NA,NA,NA,NA,NA,NA
AAGL2019_072,NA,0,0,NA,low,NA,NA,NA,NA,NA,NA,NA
AAGL2019_073,NA,0,0,NA,low,NA,NA,NA,NA,NA,NA,NA
AAGL2019_074,NA,0,0,NA,low,NA,NA,NA,NA,NA,NA,NA
AAGL2019_075,1427478908,60,1,initial,high,F,NC,207V00000X,2014-04-23,5,XI,general_OBGYN
AAGL2019_076,NA,0,0,NA,low,NA,NA,NA,NA,NA,NA,NA
AAGL2019_077,NA,0,0,NA,low,NA,NA,NA,NA,NA,NA,NA
AAGL2019_078,NA,30,15,initial,ambiguous,NA,NA,NA,NA,NA,NA,NA
AAGL2019_079,NA,0,0,NA,low,NA,NA,NA,NA,NA,NA,NA
AAGL2019_080,NA,40,2,initial,ambiguous,NA,NA,NA,NA,NA,NA,NA
AAGL2019_081,NA,0,0,NA,low,NA,NA,NA,NA,NA,NA,NA
AAGL2019_082,NA,0,0,NA,low,NA,NA,NA,NA,NA,NA,NA
AAGL2019_083,NA,20,28,initial,low,NA,NA,NA,NA,NA,NA,NA
AAGL2019_084,NA,0,0,NA,low,NA,NA,NA,NA,NA,NA,NA
AAGL2019_085,NA,0,0,NA,low,NA,NA,NA,NA,NA,NA,NA
AAGL2019_086,1295122927,50,9,initial,high,F,NY,390200000X,2015-04-21,4,II,NA
AAGL2019_087,NA,0,0,NA,low,NA,NA,NA,NA,NA,NA,NA
AAGL2019_088,NA,0,0,NA,low,NA,NA,NA,NA,NA,NA,NA
AAGL2019_089,NA,0,0,NA,low,NA,NA,NA,NA,NA,NA,NA
AAGL2019_090,NA,0,0,NA,low,NA,NA,NA,NA,NA,NA,NA
AAGL2019_091,NA,30,8,initial,ambiguous,NA,NA,NA,NA,NA,NA,NA
AAGL2019_092,NA,0,0,NA,low,NA,NA,NA,NA,NA,NA,NA
AAGL2019_093,NA,40,1,initial,ambiguous,NA,NA,NA,NA,NA,NA,NA
AAGL2019_094,NA,40,1,initial,ambiguous,NA,NA,NA,NA,NA,NA,NA
AAGL2019_095,NA,0,0,NA,low,NA,NA,NA,NA,NA,NA,NA
AAGL2019_096,NA,40,1,initial,ambiguous,NA,NA,NA,NA,NA,NA,NA
AAGL2020_001,NA,0,0,NA,low,NA,NA,NA,NA,NA,NA,NA
AAGL2020_002,NA,40,3,initial,ambiguous,NA,NA,NA,NA,NA,NA,NA
AAGL2020_003,NA,0,0,NA,low,NA,NA,NA,NA,NA,NA,NA
AAGL2020_004,NA,0,0,NA,low,NA,NA,NA,NA,NA,NA,NA
AAGL2020_005,NA,0,0,NA,low,NA,NA,NA,NA,NA,NA,NA
AAGL2020_006,1487218491,50,2,initial,high,M,NY,390200000X,2019-04-24,1,II,NA
AAGL2020_007,NA,0,0,NA,low,NA,NA,NA,NA,NA,NA,NA
AAGL2020_008,NA,0,0,NA,low,NA,NA,NA,NA,NA,NA,NA
AAGL2020_009,1558743864,60,2,initial,high,F,CT,390200000X,2015-06-23,5,I,NA
AAGL2020_010,NA,30,2,initial,ambiguous,NA,NA,NA,NA,NA,NA,NA
AAGL2020_011,NA,40,2,initial,ambiguous,NA,NA,NA,NA,NA,NA,NA
AAGL2020_012,NA,40,2,initial,ambiguous,NA,NA,NA,NA,NA,NA,NA
AAGL2020_013,NA,40,1,initial,ambiguous,NA,NA,NA,NA,NA,NA,NA
AAGL2020_014,NA,0,0,NA,low,NA,NA,NA,NA,NA,NA,NA
AAGL2020_015,1831262492,50,13,initial,high,M,NY,207VG0400X,2006-11-15,14,II,GYN_ONC
AAGL2020_016,NA,0,0,NA,low,NA,NA,NA,NA,NA,NA,NA
AAGL2020_017,NA,0,0,NA,low,NA,NA,NA,NA,NA,NA,NA
AAGL2020_018,NA,0,0,NA,low,NA,NA,NA,NA,NA,NA,NA
AAGL2020_019,NA,0,0,NA,low,NA,NA,NA,NA,NA,NA,NA
AAGL2020_020,NA,0,0,NA,low,NA,NA,NA,NA,NA,NA,NA
AAGL2020_021,NA,60,3,initial,ambiguous,NA,NA,NA,NA,NA,NA,NA
AAGL2020_022,NA,0,0,NA,low,NA,NA,NA,NA,NA,NA,NA
AAGL2020_023,NA,0,0,NA,low,NA,NA,NA,NA,NA,NA,NA
AAGL2020_024,NA,30,7,initial,ambiguous,NA,NA,NA,NA,NA,NA,NA
AAGL2020_025,NA,0,0,NA,low,NA,NA,NA,NA,NA,NA,NA
AAGL2020_026,NA,0,0,NA,low,NA,NA,NA,NA,NA,NA,NA
AAGL2020_027,NA,0,0,NA,low,NA,NA,NA,NA,NA,NA,NA
AAGL2020_028,NA,0,0,NA,low,NA,NA,NA,NA,NA,NA,NA
AAGL2020_029,NA,75,2,exact,ambiguous,NA,NA,NA,NA,NA,NA,NA
AAGL2020_030,NA,0,0,NA,low,NA,NA,NA,NA,NA,NA,NA
AAGL2020_031,NA,30,1,initial,ambiguous,NA,NA,NA,NA,NA,NA,NA
AAGL2020_032,NA,0,0,NA,low,NA,NA,NA,NA,NA,NA,NA
AAGL2020_033,NA,0,0,NA,low,NA,NA,NA,NA,NA,NA,NA
AAGL2020_034,1104489699,50,2,initial,high,F,AZ,390200000X,2019-04-19,1,VIII,NA
AAGL2020_035,NA,60,1,initial,ambiguous,NA,NA,NA,NA,NA,NA,NA
AAGL2020_036,NA,30,9,initial,ambiguous,NA,NA,NA,NA,NA,NA,NA
AAGL2020_037,NA,0,0,NA,low,NA,NA,NA,NA,NA,NA,NA
AAGL2020_038,NA,95,2,exact,ambiguous,NA,NA,NA,NA,NA,NA,NA
AAGL2020_039,NA,0,0,NA,low,NA,NA,NA,NA,NA,NA,NA
AAGL2020_040,NA,0,0,NA,low,NA,NA,NA,NA,NA,NA,NA
AAGL2020_041,NA,0,0,NA,low,NA,NA,NA,NA,NA,NA,NA
AAGL2020_042,NA,30,2,initial,ambiguous,NA,NA,NA,NA,NA,NA,NA
AAGL2020_043,NA,0,0,NA,low,NA,NA,NA,NA,NA,NA,NA
AAGL2020_044,NA,0,0,NA,low,NA,NA,NA,NA,NA,NA,NA
AAGL2020_045,NA,0,0,NA,low,NA,NA,NA,NA,NA,NA,NA
AAGL2020_046,NA,0,0,NA,low,NA,NA,NA,NA,NA,NA,NA
AAGL2020_047,NA,0,0,NA,low,NA,NA,NA,NA,NA,NA,NA
AAGL2020_048,NA,0,0,NA,low,NA,NA,NA,NA,NA,NA,NA
AAGL2020_049,NA,0,0,NA,low,NA,NA,NA,NA,NA,NA,NA
AAGL2020_050,NA,40,2,initial,ambiguous,NA,NA,NA,NA,NA,NA,NA
AAGL2020_051,NA,0,0,NA,low,NA,NA,NA,NA,NA,NA,NA
AAGL2020_052,NA,30,4,initial,ambiguous,NA,NA,NA,NA,NA,NA,NA
AAGL2020_053,NA,0,0,NA,low,NA,NA,NA,NA,NA,NA,NA
AAGL2020_054,NA,30,1,initial,ambiguous,NA,NA,NA,NA,NA,NA,NA
AAGL2020_055,NA,0,0,NA,low,NA,NA,NA,NA,NA,NA,NA
AAGL2020_056,NA,0,0,NA,low,NA,NA,NA,NA,NA,NA,NA
AAGL2020_057,NA,0,0,NA,low,NA,NA,NA,NA,NA,NA,NA
AAGL2020_058,NA,0,0,NA,low,NA,NA,NA,NA,NA,NA,NA
AAGL2020_059,NA,0,0,NA,low,NA,NA,NA,NA,NA,NA,NA
AAGL2020_060,NA,0,0,NA,low,NA,NA,NA,NA,NA,NA,NA
AAGL2020_061,NA,30,12,initial,ambiguous,NA,NA,NA,NA,NA,NA,NA
AAGL2020_062,NA,30,2,initial,ambiguous,NA,NA,NA,NA,NA,NA,NA
AAGL2020_063,NA,30,4,initial,ambiguous,NA,NA,NA,NA,NA,NA,NA
AAGL2020_064,NA,20,16,initial,low,NA,NA,NA,NA,NA,NA,NA
AAGL2020_065,NA,0,0,NA,low,NA,NA,NA,NA,NA,NA,NA
AAGL2020_066,NA,0,0,NA,low,NA,NA,NA,NA,NA,NA,NA
AAGL2020_067,NA,40,1,initial,ambiguous,NA,NA,NA,NA,NA,NA,NA
AAGL2020_068,NA,40,1,initial,ambiguous,NA,NA,NA,NA,NA,NA,NA
AAGL2020_069,NA,0,0,NA,low,NA,NA,NA,NA,NA,NA,NA
AAGL2020_070,NA,0,0,NA,low,NA,NA,NA,NA,NA,NA,NA
AAGL2020_071,NA,0,0,NA,low,NA,NA,NA,NA,NA,NA,NA
AAGL2020_072,NA,40,1,initial,ambiguous,NA,NA,NA,NA,NA,NA,NA
AAGL2020_073,NA,0,0,NA,low,NA,NA,NA,NA,NA,NA,NA
AAGL2020_074,NA,30,10,initial,ambiguous,NA,NA,NA,NA,NA,NA,NA
AAGL2020_075,NA,0,0,NA,low,NA,NA,NA,NA,NA,NA,NA
AAGL2020_076,NA,40,3,initial,ambiguous,NA,NA,NA,NA,NA,NA,NA
AAGL2020_077,NA,50,48,initial,ambiguous,NA,NA,NA,NA,NA,NA,NA
AAGL2020_078,NA,30,7,initial,ambiguous,NA,NA,NA,NA,NA,NA,NA
AAGL2020_079,NA,0,0,NA,low,NA,NA,NA,NA,NA,NA,NA
AAGL2020_080,NA,0,0,NA,low,NA,NA,NA,NA,NA,NA,NA
AAGL2020_081,NA,30,20,initial,ambiguous,NA,NA,NA,NA,NA,NA,NA
AAGL2020_082,NA,30,2,initial,ambiguous,NA,NA,NA,NA,NA,NA,NA
AAGL2020_083,NA,0,0,NA,low,NA,NA,NA,NA,NA,NA,NA
AAGL2020_084,NA,30,12,initial,ambiguous,NA,NA,NA,NA,NA,NA,NA
AAGL2020_085,NA,40,2,initial,ambiguous,NA,NA,NA,NA,NA,NA,NA
AAGL2020_086,NA,0,0,NA,low,NA,NA,NA,NA,NA,NA,NA
AAGL2020_087,1740691641,60,4,initial,high,M,AZ,390200000X,2014-05-13,6,VIII,NA
AAGL2020_088,NA,30,1,initial,ambiguous,NA,NA,NA,NA,NA,NA,NA
AAGL2020_089,NA,0,0,NA,low,NA,NA,NA,NA,NA,NA,NA
AAGL2020_090,NA,0,0,NA,low,NA,NA,NA,NA,NA,NA,NA
AAGL2020_091,NA,0,0,NA,low,NA,NA,NA,NA,NA,NA,NA
AAGL2020_092,NA,0,0,NA,low,NA,NA,NA,NA,NA,NA,NA
AAGL2020_093,NA,40,1,initial,ambiguous,NA,NA,NA,NA,NA,NA,NA
AAGL2020_094,NA,0,0,NA,low,NA,NA,NA,NA,NA,NA,NA
AAGL2020_095,NA,0,0,NA,low,NA,NA,NA,NA,NA,NA,NA
AAGL2021_001,NA,20,54,initial,low,NA,NA,NA,NA,NA,NA,NA
AAGL2021_002,NA,0,0,NA,low,NA,NA,NA,NA,NA,NA,NA
AAGL2021_003,NA,0,0,NA,low,NA,NA,NA,NA,NA,NA,NA
AAGL2021_004,NA,0,0,NA,low,NA,NA,NA,NA,NA,NA,NA
AAGL2021_005,NA,0,0,NA,low,NA,NA,NA,NA,NA,NA,NA
AAGL2021_006,NA,0,0,NA,low,NA,NA,NA,NA,NA,NA,NA
AAGL2021_007,NA,30,17,initial,ambiguous,NA,NA,NA,NA,NA,NA,NA
AAGL2021_008,NA,0,0,NA,low,NA,NA,NA,NA,NA,NA,NA
AAGL2021_009,NA,0,0,NA,low,NA,NA,NA,NA,NA,NA,NA
AAGL2021_010,NA,30,14,initial,ambiguous,NA,NA,NA,NA,NA,NA,NA
AAGL2021_011,NA,0,0,NA,low,NA,NA,NA,NA,NA,NA,NA
AAGL2021_012,NA,0,0,NA,low,NA,NA,NA,NA,NA,NA,NA
AAGL2021_013,NA,0,0,NA,low,NA,NA,NA,NA,NA,NA,NA
AAGL2021_014,NA,40,2,initial,ambiguous,NA,NA,NA,NA,NA,NA,NA
AAGL2021_015,1124434220,50,3,initial,high,F,NJ,390200000X,2014-07-09,7,III,NA
AAGL2021_016,NA,0,0,NA,low,NA,NA,NA,NA,NA,NA,NA
AAGL2021_017,NA,40,1,initial,ambiguous,NA,NA,NA,NA,NA,NA,NA
AAGL2021_018,NA,40,1,initial,ambiguous,NA,NA,NA,NA,NA,NA,NA
AAGL2021_019,NA,40,1,initial,ambiguous,NA,NA,NA,NA,NA,NA,NA
AAGL2021_020,NA,40,1,initial,ambiguous,NA,NA,NA,NA,NA,NA,NA
AAGL2021_021,NA,0,0,NA,low,NA,NA,NA,NA,NA,NA,NA
AAGL2021_022,NA,40,1,initial,ambiguous,NA,NA,NA,NA,NA,NA,NA
AAGL2021_023,NA,0,0,NA,low,NA,NA,NA,NA,NA,NA,NA
AAGL2021_024,NA,0,0,NA,low,NA,NA,NA,NA,NA,NA,NA
AAGL2021_025,NA,0,0,NA,low,NA,NA,NA,NA,NA,NA,NA
AAGL2021_026,NA,0,0,NA,low,NA,NA,NA,NA,NA,NA,NA
AAGL2021_027,NA,0,0,NA,low,NA,NA,NA,NA,NA,NA,NA
AAGL2021_028,1801391479,50,3,initial,high,F,FL,390200000X,2018-03-27,3,XI,NA
AAGL2021_029,1275198921,60,1,initial,high,F,CT,390200000X,2019-05-08,2,I,NA
AAGL2021_030,1073606455,95,1,exact,high,F,MI,207V00000X,2006-09-30,15,V,general_OBGYN
AAGL2021_031,NA,30,3,initial,ambiguous,NA,NA,NA,NA,NA,NA,NA
AAGL2021_032,NA,0,0,NA,low,NA,NA,NA,NA,NA,NA,NA
AAGL2021_033,1871545061,50,13,initial,high,F,SC,207VG0400X,2006-05-16,15,XI,GYN_ONC
AAGL2021_034,NA,0,0,NA,low,NA,NA,NA,NA,NA,NA,NA
AAGL2021_035,NA,0,0,NA,low,NA,NA,NA,NA,NA,NA,NA
AAGL2021_036,1891787693,95,1,exact,high,F,AZ,207VG0400X,2005-08-17,16,VIII,GYN_ONC
AAGL2021_037,NA,0,0,NA,low,NA,NA,NA,NA,NA,NA,NA
AAGL2021_038,NA,30,10,initial,ambiguous,NA,NA,NA,NA,NA,NA,NA
AAGL2021_039,NA,0,0,NA,low,NA,NA,NA,NA,NA,NA,NA
AAGL2021_040,NA,0,0,NA,low,NA,NA,NA,NA,NA,NA,NA
AAGL2021_041,NA,0,0,NA,low,NA,NA,NA,NA,NA,NA,NA
AAGL2021_042,NA,0,0,NA,low,NA,NA,NA,NA,NA,NA,NA
AAGL2021_043,NA,0,0,NA,low,NA,NA,NA,NA,NA,NA,NA
AAGL2021_044,NA,30,5,initial,ambiguous,NA,NA,NA,NA,NA,NA,NA
AAGL2021_045,NA,30,16,initial,ambiguous,NA,NA,NA,NA,NA,NA,NA
AAGL2021_046,NA,0,0,NA,low,NA,NA,NA,NA,NA,NA,NA
AAGL2021_047,NA,0,0,NA,low,NA,NA,NA,NA,NA,NA,NA
AAGL2021_048,NA,40,2,initial,ambiguous,NA,NA,NA,NA,NA,NA,NA
AAGL2021_049,NA,20,6,initial,low,NA,NA,NA,NA,NA,NA,NA
AAGL2021_050,NA,0,0,NA,low,NA,NA,NA,NA,NA,NA,NA
AAGL2021_051,NA,0,0,NA,low,NA,NA,NA,NA,NA,NA,NA
AAGL2021_052,NA,40,1,initial,ambiguous,NA,NA,NA,NA,NA,NA,NA
AAGL2021_053,NA,30,12,initial,ambiguous,NA,NA,NA,NA,NA,NA,NA
AAGL2021_054,NA,40,2,initial,ambiguous,NA,NA,NA,NA,NA,NA,NA
AAGL2021_055,NA,0,0,NA,low,NA,NA,NA,NA,NA,NA,NA
AAGL2021_056,NA,0,0,NA,low,NA,NA,NA,NA,NA,NA,NA
AAGL2021_057,1104059773,50,7,initial,high,F,NY,390200000X,2009-08-31,12,II,NA
AAGL2021_058,NA,0,0,NA,low,NA,NA,NA,NA,NA,NA,NA
AAGL2021_059,1841640786,60,2,initial,high,M,FL,207VF0040X,2016-06-21,5,XI,FPMRS
AAGL2021_060,NA,0,0,NA,low,NA,NA,NA,NA,NA,NA,NA
AAGL2021_061,NA,40,2,initial,ambiguous,NA,NA,NA,NA,NA,NA,NA
AAGL2021_062,NA,40,2,initial,ambiguous,NA,NA,NA,NA,NA,NA,NA
AAGL2021_063,NA,40,1,initial,ambiguous,NA,NA,NA,NA,NA,NA,NA
AAGL2021_064,NA,40,1,initial,ambiguous,NA,NA,NA,NA,NA,NA,NA
AAGL2021_065,NA,40,1,initial,ambiguous,NA,NA,NA,NA,NA,NA,NA
AAGL2021_066,NA,0,0,NA,low,NA,NA,NA,NA,NA,NA,NA
AAGL2021_067,NA,40,1,initial,ambiguous,NA,NA,NA,NA,NA,NA,NA
AAGL2021_068,NA,0,0,NA,low,NA,NA,NA,NA,NA,NA,NA
AAGL2021_069,1558913194,60,2,initial,high,F,CA,390200000X,2019-07-14,2,IX,NA
AAGL2021_070,NA,0,0,NA,low,NA,NA,NA,NA,NA,NA,NA
AAGL2021_071,NA,0,0,NA,low,NA,NA,NA,NA,NA,NA,NA
AAGL2021_072,NA,40,1,initial,ambiguous,NA,NA,NA,NA,NA,NA,NA
AAGL2021_073,NA,0,0,NA,low,NA,NA,NA,NA,NA,NA,NA
AAGL2021_074,NA,0,0,NA,low,NA,NA,NA,NA,NA,NA,NA
AAGL2021_075,NA,0,0,NA,low,NA,NA,NA,NA,NA,NA,NA
AAGL2021_076,NA,30,11,initial,ambiguous,NA,NA,NA,NA,NA,NA,NA
AAGL2021_077,NA,30,13,initial,ambiguous,NA,NA,NA,NA,NA,NA,NA
AAGL2021_078,NA,30,10,initial,ambiguous,NA,NA,NA,NA,NA,NA,NA
AAGL2021_079,NA,0,0,NA,low,NA,NA,NA,NA,NA,NA,NA
AAGL2021_080,1558724286,60,2,initial,high,F,MD,207V00000X,2016-03-31,5,IV,general_OBGYN
AAGL2021_081,NA,40,4,initial,ambiguous,NA,NA,NA,NA,NA,NA,NA
AAGL2021_082,NA,0,0,NA,low,NA,NA,NA,NA,NA,NA,NA
AAGL2021_083,NA,0,0,NA,low,NA,NA,NA,NA,NA,NA,NA
AAGL2021_084,NA,0,0,NA,low,NA,NA,NA,NA,NA,NA,NA
AAGL2021_085,NA,0,0,NA,low,NA,NA,NA,NA,NA,NA,NA
AAGL2021_086,NA,0,0,NA,low,NA,NA,NA,NA,NA,NA,NA
AAGL2021_087,NA,30,8,initial,ambiguous,NA,NA,NA,NA,NA,NA,NA
AAGL2021_088,NA,40,3,initial,ambiguous,NA,NA,NA,NA,NA,NA,NA
AAGL2021_089,NA,0,0,NA,low,NA,NA,NA,NA,NA,NA,NA
AAGL2021_090,1356769418,60,3,initial,high,F,FL,207V00000X,2014-04-04,7,XI,general_OBGYN
AAGL2021_091,NA,0,0,NA,low,NA,NA,NA,NA,NA,NA,NA
AAGL2021_092,NA,0,0,NA,low,NA,NA,NA,NA,NA,NA,NA
AAGL2021_093,NA,30,2,initial,ambiguous,NA,NA,NA,NA,NA,NA,NA
AAGL2021_094,NA,0,0,NA,low,NA,NA,NA,NA,NA,NA,NA
AAGL2021_095,NA,0,0,NA,low,NA,NA,NA,NA,NA,NA,NA
AAGL2021_096,NA,40,1,initial,ambiguous,NA,NA,NA,NA,NA,NA,NA
AAGL2021_097,NA,0,0,NA,low,NA,NA,NA,NA,NA,NA,NA
AAGL2021_098,NA,0,0,NA,low,NA,NA,NA,NA,NA,NA,NA
AAGL2022_001,NA,0,0,NA,low,NA,NA,NA,NA,NA,NA,NA
AAGL2022_002,NA,50,8,initial,ambiguous,NA,NA,NA,NA,NA,NA,NA
AAGL2022_003,NA,65,4,exact,ambiguous,NA,NA,NA,NA,NA,NA,NA
AAGL2022_004,NA,0,0,NA,low,NA,NA,NA,NA,NA,NA,NA
AAGL2022_005,NA,0,0,NA,low,NA,NA,NA,NA,NA,NA,NA
AAGL2022_006,NA,0,0,NA,low,NA,NA,NA,NA,NA,NA,NA
AAGL2022_007,NA,0,0,NA,low,NA,NA,NA,NA,NA,NA,NA
AAGL2022_008,NA,40,4,initial,ambiguous,NA,NA,NA,NA,NA,NA,NA
AAGL2022_009,NA,0,0,NA,low,NA,NA,NA,NA,NA,NA,NA
AAGL2022_010,NA,0,0,NA,low,NA,NA,NA,NA,NA,NA,NA
AAGL2022_011,NA,0,0,NA,low,NA,NA,NA,NA,NA,NA,NA
AAGL2022_012,1629537774,60,1,initial,high,M,CA,390200000X,2019-03-18,3,IX,NA
AAGL2022_013,NA,30,7,initial,ambiguous,NA,NA,NA,NA,NA,NA,NA
AAGL2022_014,NA,0,0,NA,low,NA,NA,NA,NA,NA,NA,NA
AAGL2022_015,NA,0,0,NA,low,NA,NA,NA,NA,NA,NA,NA
AAGL2022_016,NA,0,0,NA,low,NA,NA,NA,NA,NA,NA,NA
AAGL2022_017,1114587383,75,1,exact,high,F,MO,207V00000X,2019-06-19,3,VII,general_OBGYN
AAGL2022_018,NA,95,2,exact,ambiguous,NA,NA,NA,NA,NA,NA,NA
AAGL2022_019,1629530761,60,4,initial,high,M,NY,390200000X,2019-04-05,3,II,NA
AAGL2022_020,NA,40,1,initial,ambiguous,NA,NA,NA,NA,NA,NA,NA
AAGL2022_021,NA,0,0,NA,low,NA,NA,NA,NA,NA,NA,NA
AAGL2022_022,NA,0,0,NA,low,NA,NA,NA,NA,NA,NA,NA
AAGL2022_023,NA,0,0,NA,low,NA,NA,NA,NA,NA,NA,NA
AAGL2022_024,NA,0,0,NA,low,NA,NA,NA,NA,NA,NA,NA
AAGL2022_025,NA,30,4,initial,ambiguous,NA,NA,NA,NA,NA,NA,NA
AAGL2022_026,NA,0,0,NA,low,NA,NA,NA,NA,NA,NA,NA
AAGL2022_027,NA,60,2,initial,ambiguous,NA,NA,NA,NA,NA,NA,NA
AAGL2022_028,NA,40,1,initial,ambiguous,NA,NA,NA,NA,NA,NA,NA
AAGL2022_029,NA,75,2,exact,ambiguous,NA,NA,NA,NA,NA,NA,NA
AAGL2022_030,NA,40,4,initial,ambiguous,NA,NA,NA,NA,NA,NA,NA
AAGL2022_031,NA,0,0,NA,low,NA,NA,NA,NA,NA,NA,NA
AAGL2022_032,NA,0,0,NA,low,NA,NA,NA,NA,NA,NA,NA
AAGL2022_033,NA,40,2,initial,ambiguous,NA,NA,NA,NA,NA,NA,NA
AAGL2022_034,NA,0,0,NA,low,NA,NA,NA,NA,NA,NA,NA
AAGL2022_035,NA,0,0,NA,low,NA,NA,NA,NA,NA,NA,NA
AAGL2022_036,NA,0,0,NA,low,NA,NA,NA,NA,NA,NA,NA
AAGL2022_037,NA,50,30,initial,ambiguous,NA,NA,NA,NA,NA,NA,NA
AAGL2022_038,NA,0,0,NA,low,NA,NA,NA,NA,NA,NA,NA
AAGL2022_039,NA,0,0,NA,low,NA,NA,NA,NA,NA,NA,NA
AAGL2022_040,NA,0,0,NA,low,NA,NA,NA,NA,NA,NA,NA
AAGL2022_041,NA,40,2,initial,ambiguous,NA,NA,NA,NA,NA,NA,NA
AAGL2022_042,NA,0,0,NA,low,NA,NA,NA,NA,NA,NA,NA
AAGL2022_043,NA,0,0,NA,low,NA,NA,NA,NA,NA,NA,NA
AAGL2022_044,NA,0,0,NA,low,NA,NA,NA,NA,NA,NA,NA
AAGL2022_045,NA,40,1,initial,ambiguous,NA,NA,NA,NA,NA,NA,NA
AAGL2022_046,NA,30,5,initial,ambiguous,NA,NA,NA,NA,NA,NA,NA
AAGL2022_047,NA,0,0,NA,low,NA,NA,NA,NA,NA,NA,NA
AAGL2022_048,NA,40,1,initial,ambiguous,NA,NA,NA,NA,NA,NA,NA
AAGL2022_049,NA,0,0,NA,low,NA,NA,NA,NA,NA,NA,NA
AAGL2022_050,NA,0,0,NA,low,NA,NA,NA,NA,NA,NA,NA
AAGL2022_051,NA,60,2,initial,ambiguous,NA,NA,NA,NA,NA,NA,NA
AAGL2022_052,NA,30,36,initial,ambiguous,NA,NA,NA,NA,NA,NA,NA
AAGL2022_053,NA,0,0,NA,low,NA,NA,NA,NA,NA,NA,NA
AAGL2022_054,NA,0,0,NA,low,NA,NA,NA,NA,NA,NA,NA
AAGL2022_055,NA,0,0,NA,low,NA,NA,NA,NA,NA,NA,NA
AAGL2022_056,NA,0,0,NA,low,NA,NA,NA,NA,NA,NA,NA
AAGL2022_057,NA,0,0,NA,low,NA,NA,NA,NA,NA,NA,NA
AAGL2022_058,NA,40,2,initial,ambiguous,NA,NA,NA,NA,NA,NA,NA
AAGL2022_059,NA,40,1,initial,ambiguous,NA,NA,NA,NA,NA,NA,NA
AAGL2022_060,1124607734,60,1,initial,high,F,TX,390200000X,2021-04-02,1,X,NA
AAGL2022_061,NA,0,0,NA,low,NA,NA,NA,NA,NA,NA,NA
AAGL2022_062,NA,0,0,NA,low,NA,NA,NA,NA,NA,NA,NA
AAGL2022_063,NA,0,0,NA,low,NA,NA,NA,NA,NA,NA,NA
AAGL2022_064,NA,40,1,initial,ambiguous,NA,NA,NA,NA,NA,NA,NA
AAGL2022_065,NA,0,0,NA,low,NA,NA,NA,NA,NA,NA,NA
AAGL2022_066,NA,0,0,NA,low,NA,NA,NA,NA,NA,NA,NA
AAGL2022_067,NA,0,0,NA,low,NA,NA,NA,NA,NA,NA,NA
AAGL2022_068,NA,40,3,initial,ambiguous,NA,NA,NA,NA,NA,NA,NA
AAGL2022_069,NA,0,0,NA,low,NA,NA,NA,NA,NA,NA,NA
AAGL2022_070,NA,0,0,NA,low,NA,NA,NA,NA,NA,NA,NA
AAGL2022_071,NA,0,0,NA,low,NA,NA,NA,NA,NA,NA,NA
AAGL2022_072,NA,30,9,initial,ambiguous,NA,NA,NA,NA,NA,NA,NA
AAGL2022_073,NA,40,2,initial,ambiguous,NA,NA,NA,NA,NA,NA,NA
AAGL2022_074,NA,40,3,initial,ambiguous,NA,NA,NA,NA,NA,NA,NA
AAGL2022_075,NA,0,0,NA,low,NA,NA,NA,NA,NA,NA,NA
AAGL2022_076,NA,0,0,NA,low,NA,NA,NA,NA,NA,NA,NA
AAGL2022_077,NA,0,0,NA,low,NA,NA,NA,NA,NA,NA,NA
AAGL2022_078,NA,0,0,NA,low,NA,NA,NA,NA,NA,NA,NA
AAGL2022_079,1043770944,60,4,initial,high,F,NC,390200000X,2019-03-25,3,XI,NA
AAGL2022_080,NA,0,0,NA,low,NA,NA,NA,NA,NA,NA,NA
AAGL2022_081,NA,0,0,NA,low,NA,NA,NA,NA,NA,NA,NA
AAGL2022_082,NA,0,0,NA,low,NA,NA,NA,NA,NA,NA,NA
AAGL2022_083,NA,0,0,NA,low,NA,NA,NA,NA,NA,NA,NA
AAGL2022_084,NA,0,0,NA,low,NA,NA,NA,NA,NA,NA,NA
AAGL2022_085,NA,0,0,NA,low,NA,NA,NA,NA,NA,NA,NA
AAGL2022_086,NA,0,0,NA,low,NA,NA,NA,NA,NA,NA,NA
AAGL2022_087,NA,0,0,NA,low,NA,NA,NA,NA,NA,NA,NA
AAGL2022_088,NA,0,0,NA,low,NA,NA,NA,NA,NA,NA,NA
AAGL2022_089,NA,30,4,initial,ambiguous,NA,NA,NA,NA,NA,NA,NA
AAGL2022_090,NA,0,0,NA,low,NA,NA,NA,NA,NA,NA,NA
AAGL2023_001,NA,0,0,NA,low,NA,NA,NA,NA,NA,NA,NA
AAGL2023_002,NA,30,6,initial,ambiguous,NA,NA,NA,NA,NA,NA,NA
AAGL2023_003,NA,0,0,NA,low,NA,NA,NA,NA,NA,NA,NA
AAGL2023_004,NA,40,3,initial,ambiguous,NA,NA,NA,NA,NA,NA,NA
AAGL2023_005,NA,30,6,initial,ambiguous,NA,NA,NA,NA,NA,NA,NA
AAGL2023_006,NA,0,0,NA,low,NA,NA,NA,NA,NA,NA,NA
AAGL2023_007,NA,0,0,NA,low,NA,NA,NA,NA,NA,NA,NA
AAGL2023_008,NA,0,0,NA,low,NA,NA,NA,NA,NA,NA,NA
AAGL2023_009,NA,0,0,NA,low,NA,NA,NA,NA,NA,NA,NA
AAGL2023_010,NA,0,0,NA,low,NA,NA,NA,NA,NA,NA,NA
AAGL2023_011,NA,0,0,NA,low,NA,NA,NA,NA,NA,NA,NA
AAGL2023_012,NA,0,0,NA,low,NA,NA,NA,NA,NA,NA,NA
AAGL2023_013,NA,0,0,NA,low,NA,NA,NA,NA,NA,NA,NA
AAGL2023_014,NA,0,0,NA,low,NA,NA,NA,NA,NA,NA,NA
AAGL2023_015,NA,0,0,NA,low,NA,NA,NA,NA,NA,NA,NA
AAGL2023_016,NA,40,1,initial,ambiguous,NA,NA,NA,NA,NA,NA,NA
AAGL2023_017,NA,0,0,NA,low,NA,NA,NA,NA,NA,NA,NA
AAGL2023_018,NA,0,0,NA,low,NA,NA,NA,NA,NA,NA,NA
AAGL2023_019,NA,40,1,initial,ambiguous,NA,NA,NA,NA,NA,NA,NA
AAGL2023_020,1790425320,60,1,initial,high,F,FL,390200000X,2022-03-31,1,XI,NA
AAGL2023_021,NA,0,0,NA,low,NA,NA,NA,NA,NA,NA,NA
AAGL2023_022,NA,30,2,initial,ambiguous,NA,NA,NA,NA,NA,NA,NA
AAGL2023_023,NA,95,1,exact,ambiguous,NA,NA,NA,NA,NA,NA,NA
AAGL2023_024,NA,0,0,NA,low,NA,NA,NA,NA,NA,NA,NA
AAGL2023_025,NA,30,3,initial,ambiguous,NA,NA,NA,NA,NA,NA,NA
AAGL2023_026,NA,0,0,NA,low,NA,NA,NA,NA,NA,NA,NA
AAGL2023_027,NA,0,0,NA,low,NA,NA,NA,NA,NA,NA,NA
AAGL2023_028,NA,0,0,NA,low,NA,NA,NA,NA,NA,NA,NA
AAGL2023_029,1407219900,95,1,exact,high,F,PA,207V00000X,2016-04-01,7,III,general_OBGYN
AAGL2023_030,NA,0,0,NA,low,NA,NA,NA,NA,NA,NA,NA
AAGL2023_031,NA,40,1,initial,ambiguous,NA,NA,NA,NA,NA,NA,NA
AAGL2023_032,NA,0,0,NA,low,NA,NA,NA,NA,NA,NA,NA
AAGL2023_033,NA,0,0,NA,low,NA,NA,NA,NA,NA,NA,NA
AAGL2023_034,NA,50,18,initial,ambiguous,NA,NA,NA,NA,NA,NA,NA
AAGL2023_035,NA,0,0,NA,low,NA,NA,NA,NA,NA,NA,NA
AAGL2023_036,NA,0,0,NA,low,NA,NA,NA,NA,NA,NA,NA
AAGL2023_037,NA,0,0,NA,low,NA,NA,NA,NA,NA,NA,NA
AAGL2023_038,NA,0,0,NA,low,NA,NA,NA,NA,NA,NA,NA
AAGL2023_039,NA,40,3,initial,ambiguous,NA,NA,NA,NA,NA,NA,NA
AAGL2023_040,NA,0,0,NA,low,NA,NA,NA,NA,NA,NA,NA
AAGL2023_041,NA,0,0,NA,low,NA,NA,NA,NA,NA,NA,NA
AAGL2023_042,NA,30,2,initial,ambiguous,NA,NA,NA,NA,NA,NA,NA
AAGL2023_043,NA,0,0,NA,low,NA,NA,NA,NA,NA,NA,NA
AAGL2023_044,NA,40,1,initial,ambiguous,NA,NA,NA,NA,NA,NA,NA
AAGL2023_045,NA,40,3,initial,ambiguous,NA,NA,NA,NA,NA,NA,NA
AAGL2023_046,NA,0,0,NA,low,NA,NA,NA,NA,NA,NA,NA
AAGL2023_047,NA,30,10,initial,ambiguous,NA,NA,NA,NA,NA,NA,NA
AAGL2023_048,1417536087,50,18,initial,high,F,NC,390200000X,2021-04-02,2,XI,NA
AAGL2023_049,NA,40,2,initial,ambiguous,NA,NA,NA,NA,NA,NA,NA
AAGL2023_050,NA,40,2,initial,ambiguous,NA,NA,NA,NA,NA,NA,NA
AAGL2023_051,NA,0,0,NA,low,NA,NA,NA,NA,NA,NA,NA
AAGL2023_052,NA,0,0,NA,low,NA,NA,NA,NA,NA,NA,NA
AAGL2023_053,NA,0,0,NA,low,NA,NA,NA,NA,NA,NA,NA
AAGL2023_054,1336527555,50,13,initial,high,F,NY,390200000X,2015-05-07,8,II,NA
AAGL2023_055,NA,0,0,NA,low,NA,NA,NA,NA,NA,NA,NA
AAGL2023_056,NA,0,0,NA,low,NA,NA,NA,NA,NA,NA,NA
AAGL2023_057,NA,40,4,initial,ambiguous,NA,NA,NA,NA,NA,NA,NA
AAGL2023_058,NA,0,0,NA,low,NA,NA,NA,NA,NA,NA,NA
AAGL2023_059,NA,0,0,NA,low,NA,NA,NA,NA,NA,NA,NA
AAGL2023_060,NA,0,0,NA,low,NA,NA,NA,NA,NA,NA,NA
