abstract_id,aagl_author,oa_full_name,oa_first_name,oa_orcid,oa_n_authors,aagl_norm,oa_last,name_agrees
AAGL2012_001,R.S. Guido,Richard S. Guido,Richard,NA,7,GUIDO,GUIDO,TRUE
AAGL2012_002,E. Banks,Erika Banks,Erika,NA,7,BANKS,BANKS,TRUE
AAGL2012_003,A. Garza-Cavazos,A. Garza-Cavazos,A.,NA,7,GARZA-CAVAZOS,GARZA-CAVAZOS,TRUE
AAGL2012_004,K.N. Wright,Kelly N. Wright,Kelly,https://orcid.org/0000-0003-0321-1535,3,WRIGHT,WRIGHT,TRUE
AAGL2012_005,K.A. Bernhard,Kiley A. Bernhard,Kiley,NA,4,BERNHARD,BERNHARD,TRUE
AAGL2012_006,K.E. Hew,Karina E. Hew,Karina,https://orcid.org/0000-0002-9785-7208,3,HEW,HEW,TRUE
AAGL2012_007,C.M. Lewis,Christa Lewis,Christa,NA,5,LEWIS,LEWIS,TRUE
AAGL2012_008,A.E. Oshinowo,A Oshinowo,A,NA,4,OSHINOWO,OSHINOWO,TRUE
AAGL2012_009,K.L. Sasada,Kazuki SASADA,Kazuki,NA,2,SASADA,SASADA,TRUE
AAGL2012_010,R.K. Sidhu,Roop Kanwar Sidhu,Roop,NA,5,SIDHU,SIDHU,TRUE
AAGL2012_011,C.H. Gould,Claire Gould,Claire,https://orcid.org/0000-0001-8264-0463,4,GOULD,GOULD,TRUE
AAGL2012_012,J.Q. Huang,Jiaqiang Huang,Jiaqiang,https://orcid.org/0000-0002-6610-8159,3,HUANG,HUANG,TRUE
AAGL2012_013,M.R. Hoffman,Mark Hoffman,Mark,NA,6,NA,HOFFMAN,FALSE
AAGL2012_014,R. Sangha,Roopina Sangha,Roopina,https://orcid.org/0000-0003-2014-3028,8,SANGHA,SANGHA,TRUE
AAGL2012_015,L. Hashemi,Lobat Hashemi,Lobat,https://orcid.org/0009-0000-9272-779X,3,HASHEMI,HASHEMI,TRUE
AAGL2012_016,P. Santulli,Piétro Santulli,Piétro,https://orcid.org/0000-0002-4985-7326,7,SANTULLI,SANTULLI,TRUE
AAGL2012_017,C. Chapron,Charles Chapron,Charles,https://orcid.org/0000-0003-2578-3163,6,CHAPRON,CHAPRON,TRUE
AAGL2012_018,B. Borghese,Bruno Borghese,Bruno,https://orcid.org/0000-0002-6385-5829,8,BORGHESE,BORGHESE,TRUE
AAGL2012_019,J.Z.P. Wei,Jenny Wei,Jenny,https://orcid.org/0000-0001-5572-7205,5,WEI,WEI,TRUE
AAGL2012_020,C. Chapron,Charles Chapron,Charles,https://orcid.org/0000-0003-2578-3163,6,CHAPRON,CHAPRON,TRUE
AAGL2012_021,P.S. Patel,Pavan Patel,Pavan,https://orcid.org/0000-0001-8082-6272,2,PATEL,PATEL,TRUE
AAGL2012_022,L.C. Aragao,Lílian Carvalho Aragão,Lílian,NA,7,ARAGAO,ARAGÃO,FALSE
AAGL2012_023,D.C. Martin,Dan C. Martin,Dan,https://orcid.org/0000-0002-1904-1449,4,MARTIN,MARTIN,TRUE
AAGL2012_024,J. Van der Wat,Johan van der Wat,Johan,NA,2,VAN DER WAT,WAT,FALSE
AAGL2012_025,P. Messori,P. Messori,P.,NA,5,MESSORI,MESSORI,TRUE
AAGL2012_026,R.Y. Desai,Riddhi Desai,Riddhi,NA,4,DESAI,DESAI,TRUE
AAGL2012_027,C.R. King,C. King,C.,NA,2,KING,KING,TRUE
AAGL2012_028,M.E. Orady,M.E. Orady,M.E.,NA,1,ORADY,ORADY,TRUE
AAGL2012_029,D. Lum,Deirdre Lum,Deirdre,https://orcid.org/0000-0002-0480-145X,3,LUM,LUM,TRUE
AAGL2012_030,D.J. Chamsy,Dina Chamsy,Dina,https://orcid.org/0000-0002-9387-8255,2,CHAMSY,CHAMSY,TRUE
AAGL2012_031,M.W. Dassel,M. Dassel,M.,NA,2,DASSEL,DASSEL,TRUE
AAGL2012_032,J.C. Pons,Juan Carlos Pons,Juan,NA,4,PONS,PONS,TRUE
AAGL2012_033,J.S. Choi,Joong Sub Choi,Joong,https://orcid.org/0000-0001-7182-2501,5,CHOI,CHOI,TRUE
AAGL2012_034,J. Cardenas Goicoechea,Joel Cardenas Goicoechea,Joel,NA,9,GOICOECHEA,GOICOECHEA,TRUE
AAGL2012_035,T. Finger,T. Finger,T.,NA,4,FINGER,FINGER,TRUE
AAGL2012_036,A. Konopacka,Alexandra Konopacka,Alexandra,NA,5,KONOPACKA,KONOPACKA,TRUE
AAGL2012_037,J.W. Bae,Jong Woon Bae,Jong,https://orcid.org/0000-0003-3423-852X,5,BAE,BAE,TRUE
AAGL2012_038,T. Singer,Thomas P. Singer,Thomas,https://orcid.org/0000-0003-2495-4151,6,SINGER,SINGER,TRUE
AAGL2012_039,S. Bodur,Serkan Bodur,Serkan,https://orcid.org/0000-0003-4461-9174,3,BODUR,BODUR,TRUE
AAGL2012_040,K. Hellman,Kevin M. Hellman,Kevin,https://orcid.org/0000-0001-9420-5602,3,HELLMAN,HELLMAN,TRUE
AAGL2012_041,J.C. Sgroi,Joseph Sgroi,Joseph,NA,3,SGROI,SGROI,TRUE
AAGL2012_042,H.-C. Hur,H.-C. Hur,H.-C.,NA,4,HUR,HUR,TRUE
AAGL2012_043,P. Santulli,Piétro Santulli,Piétro,https://orcid.org/0000-0002-4985-7326,7,SANTULLI,SANTULLI,TRUE
AAGL2012_044,T.M. Walsh,TM Walsh,TM,NA,7,WALSH,WALSH,TRUE
AAGL2012_045,M. Harris,M Harris,M,https://orcid.org/0000-0002-2304-4765,6,HARRIS,HARRIS,TRUE
AAGL2012_046,O.L. Tapisiz,Ömer Lütfi Tapısız,Ömer,https://orcid.org/0000-0002-7128-8086,7,TAPISIZ,TAPISIZ,TRUE
AAGL2012_047,A.Y. Lee,A.Y. Lee,A.Y.,NA,3,LEE,LEE,TRUE
AAGL2012_048,S. Jost,Sabine Jost,Sabine,NA,6,JOST,JOST,TRUE
AAGL2012_049,P.Y. Laberge,Philippe Y. Laberge,Philippe,https://orcid.org/0000-0001-7731-9579,6,LABERGE,LABERGE,TRUE
AAGL2012_050,J.M. Berman,J.M. Berman,J.M.,NA,5,BERMAN,BERMAN,TRUE
AAGL2012_051,A.L. Garcia,Amy Garcia,Amy,https://orcid.org/0000-0002-9757-3504,1,GARCIA,GARCIA,TRUE
AAGL2012_052,S. Rizk,Sara Rizk,Sara,https://orcid.org/0000-0001-5529-2969,5,RIZK,RIZK,TRUE
AAGL2012_053,D. Kulbersh,D. Kulbersh,D.,NA,2,KULBERSH,KULBERSH,TRUE
AAGL2012_054,J.Z. Davison,J.Z. Davison,J.Z.,NA,5,DAVISON,DAVISON,TRUE
AAGL2012_055,R.J. Gimpelson,R.J. Gimpelson,R.J.,NA,1,GIMPELSON,GIMPELSON,TRUE
AAGL2012_056,E.L. Deraleau,E.L. Deraleau,E.L.,NA,2,DERALEAU,DERALEAU,TRUE
AAGL2012_057,H. Fernandez,H. Fernandez,H.,https://orcid.org/0000-0002-6463-1018,4,FERNANDEZ,FERNANDEZ,TRUE
AAGL2012_058,R.Y. Desai,Riddhi Desai,Riddhi,NA,4,DESAI,DESAI,TRUE
AAGL2012_059,C.A. Wagner,C.A. Wagner,C.A.,https://orcid.org/0000-0001-6404-8773,3,WAGNER,WAGNER,TRUE
AAGL2012_060,D.R. Karp,Deborah R. Karp,Deborah,NA,2,NA,KARP,FALSE
AAGL2012_061,P.L. Rosenblatt,P.L. Rosenblatt,P.L.,NA,2,ROSENBLATT,ROSENBLATT,TRUE
AAGL2012_062,E.L. Gurshumov,Emil Gurshumov,Emil,NA,4,GURSHUMOV,GURSHUMOV,TRUE
AAGL2012_063,C.M. Mosbrucker,C.M. Mosbrucker,C.M.,https://orcid.org/0000-0001-5619-1289,1,MOSBRUCKER,MOSBRUCKER,TRUE
AAGL2012_064,J. Tatalovich,J. Tatalovich,J.,NA,4,TATALOVICH,TATALOVICH,TRUE
AAGL2012_065,H.L. Curlin,H. Curlin,H.,https://orcid.org/0000-0001-8252-418X,4,CURLIN,CURLIN,TRUE
AAGL2012_066,S.E. Smith,Stephen Smith,Stephen,https://orcid.org/0000-0003-4180-573X,2,SMITH,SMITH,TRUE
AAGL2012_067,J.P.M. Penninx,Josien Penninx,Josien,https://orcid.org/0000-0001-5490-3940,5,PENNINX,PENNINX,TRUE
AAGL2012_068,G.W. Yeung,Grace Yeung,Grace,NA,6,YEUNG,YEUNG,TRUE
AAGL2012_069,P. Panel,P. Panel,P.,https://orcid.org/0000-0002-2163-3435,14,PANEL,PANEL,TRUE
AAGL2012_070,L. Ahlborg,L. Ahlborg,L.,NA,5,AHLBORG,AHLBORG,TRUE
AAGL2012_071,N.R. Chavan,Niraj R. Chavan,Niraj,https://orcid.org/0000-0003-1750-390X,3,CHAVAN,CHAVAN,TRUE
AAGL2012_072,V.S. Ng,V.S. Ng,V.S.,NA,2,NG,NG,TRUE
AAGL2012_073,E. Tunitsky-Bitton,Elena Tunitsky-Bitton,Elena,https://orcid.org/0000-0002-9378-0979,5,TUNITSKY-BITTON,TUNITSKY-BITTON,TRUE
AAGL2012_074,A. Fazel,Alireza Fazel,Alireza,https://orcid.org/0000-0002-1470-619X,4,FAZEL,FAZEL,TRUE
AAGL2012_075,E.A. George,Elizabeth George,Elizabeth,https://orcid.org/0000-0003-2020-7810,8,GEORGE,GEORGE,TRUE
AAGL2012_076,S. Lokuge,Sonali Lokuge,Sonali,NA,6,LOKUGE,LOKUGE,TRUE
AAGL2012_077,K.L. Bixel,Kristin Bixel,Kristin,https://orcid.org/0000-0003-2414-3375,5,BIXEL,BIXEL,TRUE
AAGL2012_078,D.D. Antosh,Danielle D. Antosh,Danielle,https://orcid.org/0000-0002-0762-4196,7,ANTOSH,ANTOSH,TRUE
AAGL2012_079,M.W. Dassel,M. Dassel,M.,NA,3,DASSEL,DASSEL,TRUE
AAGL2012_080,H. Jung,Hyuk Jae Jung,Hyuk,https://orcid.org/0000-0003-3407-5855,2,JUNG,JUNG,TRUE
AAGL2012_081,E. Buescher,Elizabeth Buescher,Elizabeth,NA,4,BUESCHER,BUESCHER,TRUE
AAGL2012_082,J.B. Nijjar,J.B. Nijjar,J.B.,NA,6,NIJJAR,NIJJAR,TRUE
AAGL2012_083,A. Alas,Alexandriah Alas,Alexandriah,https://orcid.org/0000-0002-2516-2941,3,ALAS,ALAS,TRUE
AAGL2012_084,M. Levie,M. Levie,M.,NA,4,LEVIE,LEVIE,TRUE
AAGL2012_085,M. Masone,M. Masone,M.,NA,3,MASONE,MASONE,TRUE
AAGL2012_086,S.R. Adams,Sonia R. Adams,Sonia,NA,3,ADAMS,ADAMS,TRUE
AAGL2012_087,R.R. Shroff,R.R. Shroff,R.R.,NA,3,SHROFF,SHROFF,TRUE
AAGL2012_088,A.M. Ecker,Amanda M. Ecker,Amanda,NA,5,ECKER,ECKER,TRUE
AAGL2012_089,A. Gyang,Anthony Gyang,Anthony,NA,5,GYANG,GYANG,TRUE
AAGL2012_090,E.J. Stanford,Edward J. Stanford,Edward,NA,8,STANFORD,STANFORD,TRUE
AAGL2012_091,L.A. Yurteri-Kaplan,Ladin A. Yurteri-Kaplan,Ladin,NA,7,YURTERI-KAPLAN,YURTERI-KAPLAN,TRUE
AAGL2012_092,C.K. Gross,C.K. Gross,C.K.,NA,4,GROSS,GROSS,TRUE
AAGL2012_093,R.M. Alinsod,Red Alinsod,Red,NA,3,ALINSOD,ALINSOD,TRUE
AAGL2012_094,R.F. Flora,R.F. Flora,R.F.,NA,2,FLORA,FLORA,TRUE
AAGL2012_095,S. Merali,Sabrina Merali,Sabrina,NA,3,MERALI,MERALI,TRUE
AAGL2013_001,E.C. Dun,Erica C. Dun,Erica,https://orcid.org/0000-0003-0891-1717,3,DUN,DUN,TRUE
AAGL2013_002,R.S. Guido,Richard S. Guido,Richard,NA,6,GUIDO,GUIDO,TRUE
AAGL2013_003,S.Y. Brucker,S Brücker,S,NA,6,BRUCKER,BRÜCKER,FALSE
AAGL2013_004,S. Ferrero,Simone Ferrero,Simone,https://orcid.org/0000-0003-2225-5568,4,FERRERO,FERRERO,TRUE
AAGL2013_005,L.C. Ellett,Lenore Ellett,Lenore,https://orcid.org/0000-0001-7939-3043,5,ELLETT,ELLETT,TRUE
AAGL2013_006,L. El Hachem,Lena El Hachem,Lena,https://orcid.org/0000-0001-6016-3555,8,HACHEM,HACHEM,TRUE
AAGL2013_007,C. Prabakar,Cheruba Prabakar,Cheruba,NA,4,PRABAKAR,PRABAKAR,TRUE
AAGL2013_008,E. Chapman-Davis,Eloise Chapman‐Davis,Eloise,https://orcid.org/0000-0002-1349-8579,2,CHAPMAN-DAVIS,CHAPMAN‐DAVIS,FALSE
AAGL2013_009,P. Barton-Smith,Peter Barton‐Smith,Peter,NA,2,BARTON-SMITH,BARTON‐SMITH,FALSE
AAGL2013_010,K.A. Kho,Kimberly A. Kho,Kimberly,https://orcid.org/0000-0003-3607-5779,5,KHO,KHO,TRUE
AAGL2013_011,J.L. Green,J.L. Green,J.L.,NA,5,GREEN,GREEN,TRUE
AAGL2013_012,J. Yi,Johnny Yi,Johnny,https://orcid.org/0000-0002-7480-6344,6,YI,YI,TRUE
AAGL2013_013,G.Y. Yang,Guopeng Yang,Guopeng,NA,4,YANG,YANG,TRUE
AAGL2013_014,M.N. Wasson,Megan Wasson,Megan,https://orcid.org/0009-0004-0510-6792,3,WASSON,WASSON,TRUE
AAGL2013_015,I. Sirota,Ido Sirota,Ido,https://orcid.org/0000-0002-8062-2269,2,SIROTA,SIROTA,TRUE
AAGL2013_016,N.A. Gomez,N.A. Gomez,N.A.,https://orcid.org/0000-0002-9389-2858,6,GOMEZ,GOMEZ,TRUE
AAGL2013_017,O. Buchweitz,O. Buchweitz,O.,NA,8,BUCHWEITZ,BUCHWEITZ,TRUE
AAGL2013_018,I.J. Fulop,István Fülöp,István,NA,4,FULOP,FÜLÖP,FALSE
AAGL2013_019,C. Zacharopoulou,Chrysoula Zacharopoulou,Chrysoula,NA,5,ZACHAROPOULOU,ZACHAROPOULOU,TRUE
AAGL2013_020,L. Muzii,Ludovico Muzii,Ludovico,https://orcid.org/0000-0001-7195-9583,9,MUZII,MUZII,TRUE
AAGL2013_021,B.K. Attilia,Balpreet Attilia,Balpreet,NA,3,ATTILIA,ATTILIA,TRUE
AAGL2013_022,E. Spagnolo,Emanuela Spagnolo,Emanuela,https://orcid.org/0000-0001-5566-8479,10,SPAGNOLO,SPAGNOLO,TRUE
AAGL2013_023,D.E. Luciano,D. Luciano,D.,NA,6,LUCIANO,LUCIANO,TRUE
AAGL2013_024,L.F.C. Fernandes,Luiz Flávio Cordeiro Fernandes,Luiz,https://orcid.org/0000-0002-1512-5071,5,FERNANDES,FERNANDES,TRUE
AAGL2013_025,F.J.S. Correa,Frederico JS Correa,Frederico,NA,6,CORREA,CORREA,TRUE
AAGL2013_026,D.S. Siddiqui,Danish S. Siddiqui,Danish,NA,5,SIDDIQUI,SIDDIQUI,TRUE
AAGL2013_027,N.R. Guirguis,N.R. Guirguis,N.R.,NA,5,GUIRGUIS,GUIRGUIS,TRUE
AAGL2013_028,C.S. Lim,Courtney S. Lim,Courtney,https://orcid.org/0000-0002-4721-7093,5,LIM,LIM,TRUE
AAGL2013_029,R. Sangha,Roopina Sangha,Roopina,https://orcid.org/0000-0003-2014-3028,3,SANGHA,SANGHA,TRUE
AAGL2013_030,JP Lenihan,JP Lenihan,JP,NA,2,LENIHAN,LENIHAN,TRUE
AAGL2013_031,M.T. Siedhoff,Matthew T. Siedhoff,Matthew,https://orcid.org/0000-0001-7524-2467,5,SIEDHOFF,SIEDHOFF,TRUE
AAGL2013_032,J.T. Price,Jamie Price,Jamie,https://orcid.org/0000-0002-3169-344X,2,PRICE,PRICE,TRUE
AAGL2013_033,J.A. Harris,John A. Harris,John,https://orcid.org/0000-0002-7907-8139,3,HARRIS,HARRIS,TRUE
AAGL2013_034,K.J. Sasaki,Kirsten Sasaki,Kirsten,https://orcid.org/0000-0001-5309-7588,4,SASAKI,SASAKI,TRUE
AAGL2013_035,Andryjowicz Esteban,Esteban Andryjowicz,Esteban,NA,6,ESTEBAN,ANDRYJOWICZ,FALSE
AAGL2013_036,C.J. Stanley,C.J. Stanley,C.J.,NA,1,STANLEY,STANLEY,TRUE
AAGL2013_037,A. Lawande,A. Lawande,A.,NA,5,LAWANDE,LAWANDE,TRUE
AAGL2013_038,Y. Shiki,Yasuhiko Shiki,Yasuhiko,NA,2,SHIKI,SHIKI,TRUE
AAGL2013_039,S. Puntambekar,S. Puntambekar,S.,NA,5,PUNTAMBEKAR,PUNTAMBEKAR,TRUE
AAGL2013_040,J. Bae,Jaeman Bae,Jaeman,https://orcid.org/0000-0001-7453-1443,8,BAE,BAE,TRUE
AAGL2013_041,B.T. Lyngdoh,B.T. Lyngdoh,B.T.,NA,1,LYNGDOH,LYNGDOH,TRUE
AAGL2013_042,J.S. Choi,Joong Sub Choi,Joong,https://orcid.org/0000-0001-7182-2501,5,CHOI,CHOI,TRUE
AAGL2013_043,S. Puntambekar,S. Puntambekar,S.,NA,5,PUNTAMBEKAR,PUNTAMBEKAR,TRUE
AAGL2013_044,D. Lum,Deirdre Lum,Deirdre,https://orcid.org/0000-0002-0480-145X,7,LUM,LUM,TRUE
AAGL2013_045,R. Venturella,Roberta Venturella,Roberta,https://orcid.org/0000-0003-1359-770X,8,VENTURELLA,VENTURELLA,TRUE
AAGL2013_046,K.M. Esselen,Katharine M. Esselen,Katharine,https://orcid.org/0000-0002-6750-8699,5,ESSELEN,ESSELEN,TRUE
AAGL2013_047,J.B. Pakish,Janelle B. Pakish,Janelle,NA,7,PAKISH,PAKISH,TRUE
AAGL2013_048,H. Xu,Hui Xu,Hui,https://orcid.org/0000-0002-7238-2779,6,XU,XU,TRUE
AAGL2013_049,B. Borghese,Bruno Borghese,Bruno,https://orcid.org/0000-0002-6385-5829,8,BORGHESE,BORGHESE,TRUE
AAGL2013_050,M.A. Borahay,Mostafa A. Borahay,Mostafa,https://orcid.org/0000-0002-0554-132X,5,BORAHAY,BORAHAY,TRUE
AAGL2013_051,NA,NA,NA,NA,NA,NA,NA,FALSE
AAGL2013_052,A. Di Cello,Annalisa Di Cello,Annalisa,https://orcid.org/0000-0002-2454-1413,9,DI CELLO,CELLO,FALSE
AAGL2013_053,R. Mashiach,R. Mashiach,R.,NA,5,MASHIACH,MASHIACH,TRUE
AAGL2013_054,M.P. Diamond,Michael P. Diamond,Michael,https://orcid.org/0000-0001-6353-4489,5,DIAMOND,DIAMOND,TRUE
AAGL2013_055,N.P. Kuijsters,N.P. Kuijsters,N.P.,https://orcid.org/0000-0001-9182-8767,5,KUIJSTERS,KUIJSTERS,TRUE
AAGL2013_056,M.P. Diamond,Michael P. Diamond,Michael,https://orcid.org/0000-0001-6353-4489,6,DIAMOND,DIAMOND,TRUE
AAGL2013_057,E.V. Piskunova,E.V. Piskunova,E.V.,NA,1,PISKUNOVA,PISKUNOVA,TRUE
AAGL2013_058,C.J. Iwanoff,Christopher J. Iwanoff,Christopher,https://orcid.org/0000-0002-9964-8768,7,IWANOFF,IWANOFF,TRUE
AAGL2013_059,E. Zupi,Errico Zupi,Errico,https://orcid.org/0000-0003-0735-6301,7,ZUPI,ZUPI,TRUE
AAGL2013_060,L.F.B. Harvey,Lara Harvey,Lara,https://orcid.org/0000-0001-9727-5892,6,HARVEY,HARVEY,TRUE
AAGL2013_061,P. Rosenblatt,P.L. Rosenblatt,P.L.,NA,2,ROSENBLATT,ROSENBLATT,TRUE
AAGL2013_062,V.A. Bosque,V.A. Bosque,V.A.,NA,5,BOSQUE,BOSQUE,TRUE
AAGL2013_063,D. Chamsy,Dina Chamsy,Dina,https://orcid.org/0000-0002-9387-8255,2,CHAMSY,CHAMSY,TRUE
AAGL2013_064,S. Puntambekar,S. Puntambekar,S.,NA,5,PUNTAMBEKAR,PUNTAMBEKAR,TRUE
AAGL2013_065,E. Tunitsky-Bitton,Elena Tunitsky-Bitton,Elena,https://orcid.org/0000-0002-9378-0979,4,TUNITSKY-BITTON,TUNITSKY-BITTON,TRUE
AAGL2013_066,P.A. Nosti,Patrick A. Nosti,Patrick,NA,2,NOSTI,NOSTI,TRUE
AAGL2013_067,M.P.H. Vleugels,M.P.H. Vleugels,M.P.H.,https://orcid.org/0000-0002-7954-2800,2,VLEUGELS,VLEUGELS,TRUE
AAGL2013_068,A.Y. Lee,A.Y. Lee,A.Y.,NA,2,LEE,LEE,TRUE
AAGL2013_069,B. Sohn,Byeong Seok Sohn,Byeong,https://orcid.org/0000-0002-6294-9591,6,SOHN,SOHN,TRUE
AAGL2013_070,A. Oraif,Ayman Oraif,Ayman,https://orcid.org/0000-0002-6768-3155,6,ORAIF,ORAIF,TRUE
AAGL2013_071,M.D. Levie,M. Levie,M.,NA,4,LEVIE,LEVIE,TRUE
AAGL2013_072,V. Kumar,Vinod Kumar,Vinod,https://orcid.org/0000-0002-4438-8735,2,KUMAR,KUMAR,TRUE
AAGL2013_073,S.A. Oman,Susan Oman,Susan,https://orcid.org/0000-0002-5723-0830,2,OMAN,OMAN,TRUE
AAGL2013_074,A. Murji,Ally Murji,Ally,https://orcid.org/0000-0002-4216-4172,5,MURJI,MURJI,TRUE
AAGL2013_075,G. Moawad,Gaby Moawad,Gaby,https://orcid.org/0000-0002-3240-1496,4,MOAWAD,MOAWAD,TRUE
AAGL2013_076,C. Powers,C. Powers,C.,NA,3,POWERS,POWERS,TRUE
AAGL2013_077,M.M. Hanafi,M.M. Hanafi,M.M.,NA,1,HANAFI,HANAFI,TRUE
AAGL2013_078,L. Ahlborg,Liv Ahlborg,Liv,NA,7,AHLBORG,AHLBORG,TRUE
AAGL2013_079,E.E. Washburn,Erin E. Washburn,Erin,https://orcid.org/0000-0003-0096-1832,6,WASHBURN,WASHBURN,TRUE
AAGL2013_080,D. Twijnstra,D. Twijnstra,D.,NA,2,TWIJNSTRA,TWIJNSTRA,TRUE
AAGL2013_081,K.M. Braun,Kelli Braun,Kelli,NA,5,BRAUN,BRAUN,TRUE
AAGL2013_082,L.C. Ellett,Lenore Ellett,Lenore,https://orcid.org/0000-0001-7939-3043,5,ELLETT,ELLETT,TRUE
AAGL2013_083,S.T. Mun,Seong Taek Mun,Seong,NA,1,MUN,MUN,TRUE
AAGL2013_084,P. Santulli,Piétro Santulli,Piétro,https://orcid.org/0000-0002-4985-7326,7,SANTULLI,SANTULLI,TRUE
AAGL2013_085,P.P. Yeung,P.P. Yeung,P.P.,NA,10,YEUNG,YEUNG,TRUE
AAGL2013_086,A.S. Weavil,A.S. Weavil,A.S.,NA,3,WEAVIL,WEAVIL,TRUE
AAGL2013_087,Y. Takaesu,Yotaro Takaesu,Yotaro,NA,6,TAKAESU,TAKAESU,TRUE
AAGL2013_088,Emanuela Spagnolo,Emanuela Spagnolo,Emanuela,https://orcid.org/0000-0001-5566-8479,10,SPAGNOLO,SPAGNOLO,TRUE
AAGL2013_089,O. Elsaccar,O. Elsaccar,O.,NA,5,ELSACCAR,ELSACCAR,TRUE
AAGL2013_090,A. Ussia,Anastasia Ussia,Anastasia,https://orcid.org/0000-0001-8793-8867,4,USSIA,USSIA,TRUE
AAGL2013_091,A. Zanatta,Alberto Zanatta,Alberto,https://orcid.org/0000-0002-9326-611X,9,ZANATTA,ZANATTA,TRUE
AAGL2013_092,C. Exacoustos,C. Exacoustós,C.,https://orcid.org/0000-0003-3821-201X,5,EXACOUSTOS,EXACOUSTÓS,FALSE
AAGL2013_093,A.M. Ecker,Amanda M. Ecker,Amanda,NA,3,ECKER,ECKER,TRUE
AAGL2013_094,M. Andou,M. Andou,M.,NA,4,ANDOU,ANDOU,TRUE
AAGL2013_095,M. Takano,M Takano,M,NA,8,TAKANO,TAKANO,TRUE
AAGL2013_096,R.S. Juran,Rupal Juran,Rupal,NA,2,JURAN,JURAN,TRUE
AAGL2014_001,C.J. Ascher-Walsh,C. Ascher-Walsh,C.,NA,7,ASCHER-WALSH,ASCHER-WALSH,TRUE
AAGL2014_002,A.M. Ecker,Amanda M. Ecker,Amanda,NA,2,ECKER,ECKER,TRUE
AAGL2014_003,N. Mahnert,Nichole D. Mahnert,Nichole,https://orcid.org/0000-0002-2650-7585,4,MAHNERT,MAHNERT,TRUE
AAGL2014_004,K.J.E. Stepp,Kevin J. Stepp,Kevin,NA,1,STEPP,STEPP,TRUE
AAGL2014_005,K.A. Hartzell,Katherine A Hartzell,Katherine,NA,3,HARTZELL,HARTZELL,TRUE
AAGL2014_006,B. Winner,Brooke Winner,Brooke,NA,3,WINNER,WINNER,TRUE
AAGL2014_007,K. Van Heertum,Kristin Van Heertum,Kristin,https://orcid.org/0000-0002-4831-8611,10,VAN HEERTUM,HEERTUM,FALSE
AAGL2014_008,E.A. Khalil,E. Abi Khalil,E.,NA,6,KHALIL,KHALIL,TRUE
AAGL2014_009,S. Bina,S. Bina,S.,NA,3,BINA,BINA,TRUE
AAGL2014_010,J.S. Levy,Jack S. McKoy Levy,Jack,NA,3,LEVY,LEVY,TRUE
AAGL2014_011,B.N. Adams,Bella Adams,Bella,NA,2,ADAMS,ADAMS,TRUE
AAGL2014_012,Y. Chen,Yanxin Chen,Yanxin,https://orcid.org/0000-0003-3769-3317,4,CHEN,CHEN,TRUE
AAGL2014_013,M. Gungor,Mete Güngör,Mete,https://orcid.org/0000-0001-8010-4181,5,GUNGOR,GÜNGÖR,FALSE
AAGL2014_014,E. Zaritsky,Eve Zaritsky,Eve,https://orcid.org/0000-0003-3147-6020,3,ZARITSKY,ZARITSKY,TRUE
AAGL2014_015,M.T. Breen,MT Breen,MT,NA,1,BREEN,BREEN,TRUE
AAGL2014_016,A. Akdemir,Ali Akdemir,Ali,https://orcid.org/0000-0001-8723-5889,5,AKDEMIR,AKDEMIR,TRUE
AAGL2014_017,A.K. Sinno,A. Sinno,A.,NA,4,SINNO,SINNO,TRUE
AAGL2014_018,S. Joshi,S. Joshi,S.,NA,5,JOSHI,JOSHI,TRUE
AAGL2014_019,D. Chung,Dawn Chung,Dawn,https://orcid.org/0000-0002-4495-1559,2,CHUNG,CHUNG,TRUE
AAGL2014_020,K. Hua,Keqin Hua,Keqin,https://orcid.org/0000-0001-5359-8841,2,HUA,HUA,TRUE
AAGL2014_021,L. Liu,L. Liu,L.,NA,4,LIU,LIU,TRUE
AAGL2014_022,K. Arendas,Kristina Arendas,Kristina,https://orcid.org/0000-0002-6158-9766,4,ARENDAS,ARENDAS,TRUE
AAGL2014_023,A. Tejerizo,A. Tejerizo,A.,NA,7,TEJERIZO,TEJERIZO,TRUE
AAGL2014_024,S. Nahas,Samar Nahas,Samar,https://orcid.org/0000-0002-3771-6139,1,NAHAS,NAHAS,TRUE
AAGL2014_025,J.R. Miklos,John R. Miklos,John,NA,3,MIKLOS,MIKLOS,TRUE
AAGL2014_026,H.S. Moon,Hwa Sook Moon,Hwa,https://orcid.org/0000-0002-2946-0882,5,MOON,MOON,TRUE
AAGL2014_027,S.A. Samuel,S. Samuel,S.,NA,3,SAMUEL,SAMUEL,TRUE
AAGL2014_028,K.S. Williams,Kathryn S. Williams,Kathryn,NA,4,WILLIAMS,WILLIAMS,TRUE
AAGL2014_029,J. Mangel,Jeffrey Mangel,Jeffrey,NA,2,MANGEL,MANGEL,TRUE
AAGL2014_030,J.F. Carrillo,J.F. Carrillo,J.F.,NA,3,CARRILLO,CARRILLO,TRUE
AAGL2014_031,A. Agrawal,Amrit Kumar Agrawal,Amrit,https://orcid.org/0000-0002-1176-1716,3,AGRAWAL,AGRAWAL,TRUE
AAGL2014_032,C.M. Mosbrucker,C.M. Mosbrucker,C.M.,https://orcid.org/0000-0001-5619-1289,1,MOSBRUCKER,MOSBRUCKER,TRUE
AAGL2014_033,A.C. Balica,Adrian Balica,Adrian,https://orcid.org/0000-0002-6756-1350,5,BALICA,BALICA,TRUE
AAGL2014_034,H. Titiz,Hafize Titiz,Hafize,NA,1,TITIZ,TITIZ,TRUE
AAGL2014_035,A. Fazel,Alireza Fazel,Alireza,https://orcid.org/0000-0002-1470-619X,6,FAZEL,FAZEL,TRUE
AAGL2014_036,T. Kincy,T. Kincy,T.,NA,3,KINCY,KINCY,TRUE
AAGL2014_037,M. Andou,M. Andou,M.,NA,4,ANDOU,ANDOU,TRUE
AAGL2014_038,S. Ricci,Stephanie Ricci,Stephanie,https://orcid.org/0009-0001-2500-7407,8,RICCI,RICCI,TRUE
AAGL2014_039,S.P. Puntambekar,S. Puntambekar,S.,NA,4,PUNTAMBEKAR,PUNTAMBEKAR,TRUE
AAGL2014_040,J. Kroft,Jamie Kroft,Jamie,https://orcid.org/0000-0002-6796-9823,6,KROFT,KROFT,TRUE
AAGL2014_041,A. Kent,Andrew Kent,Andrew,NA,6,KENT,KENT,TRUE
AAGL2014_042,NA,NA,NA,NA,NA,NA,NA,FALSE
AAGL2014_043,E. Saridogan,Ertan Sarıdoğan,Ertan,https://orcid.org/0000-0001-9736-4107,4,SARIDOGAN,SARIDOĞAN,FALSE
AAGL2014_044,H. Jan,H. Jan,H.,NA,4,JAN,JAN,TRUE
AAGL2014_045,O. Uzunlar,Özlem Uzunlar,Özlem,https://orcid.org/0000-0003-3453-3852,8,UZUNLAR,UZUNLAR,TRUE
AAGL2014_046,A. Di Cello,Annalisa Di Cello,Annalisa,https://orcid.org/0000-0002-2454-1413,10,DI CELLO,CELLO,FALSE
AAGL2014_047,K.A. Rooney,Kathleen A Rooney,Kathleen,NA,3,ROONEY,ROONEY,TRUE
AAGL2014_048,Z. Khan,Zaraq Khan,Zaraq,https://orcid.org/0000-0002-5227-0753,5,KHAN,KHAN,TRUE
AAGL2014_049,S. Ferrero,Simone Ferrero,Simone,https://orcid.org/0000-0003-2225-5568,5,FERRERO,FERRERO,TRUE
AAGL2014_050,E.R. Ramirez,E.R. Ramirez,E.R.,NA,4,RAMIREZ,RAMIREZ,TRUE
AAGL2014_051,J.A. Greenberg,J.A. Greenberg,J.A.,NA,9,GREENBERG,GREENBERG,TRUE
AAGL2014_052,E. Mikhail,Emad Mikhail,Emad,https://orcid.org/0000-0003-1502-3654,3,MIKHAIL,MIKHAIL,TRUE
AAGL2014_053,R. Sangha,Roopina Sangha,Roopina,https://orcid.org/0000-0003-2014-3028,3,SANGHA,SANGHA,TRUE
AAGL2014_054,L. Muzii,Ludovico Muzii,Ludovico,https://orcid.org/0000-0001-7195-9583,13,MUZII,MUZII,TRUE
AAGL2014_055,S. Brucker,Sara Y. Brucker,Sara,https://orcid.org/0000-0001-5162-1542,6,BRUCKER,BRUCKER,TRUE
AAGL2014_056,Q. Lu,Qin-Chi Lu,Qin-Chi,NA,3,LU,LU,TRUE
AAGL2014_057,K.A. Hobbs,K.A. Hobbs,K.A.,NA,5,HOBBS,HOBBS,TRUE
AAGL2014_058,P.S. Mangeshikar,Prashant Mangeshikar,Prashant,NA,2,MANGESHIKAR,MANGESHIKAR,TRUE
AAGL2014_059,N.L. Noel,Nyia L. Noel,Nyia,https://orcid.org/0000-0003-0519-6455,5,NOEL,NOEL,TRUE
AAGL2014_060,J.M. Berman,J.M. Berman,J.M.,NA,6,BERMAN,BERMAN,TRUE
AAGL2014_061,D.M. Ribeiro,D.M. Ribeiro,D.M.,NA,5,RIBEIRO,RIBEIRO,TRUE
AAGL2014_062,G.A. Feuer,G Feuer,G,NA,2,FEUER,FEUER,TRUE
AAGL2014_063,N.E. Deveneau,Nicolette E. Deveneau,Nicolette,NA,3,DEVENEAU,DEVENEAU,TRUE
AAGL2014_064,M.J. Gentry,Michael Gentry,Michael,NA,3,GENTRY,GENTRY,TRUE
AAGL2014_065,S. Gonzalez Ramos,S. Gonzalez Ramos,S.,NA,3,RAMOS,RAMOS,TRUE
AAGL2014_066,A. Maniu,Adina Maniu,Adina,NA,2,MANIU,MANIU,TRUE
AAGL2014_067,A.S. Benton,Andrea Benton,Andrea,https://orcid.org/0000-0002-3525-2377,4,BENTON,BENTON,TRUE
AAGL2014_068,M.P. Yamamoto,Mitsutaro Yamamoto,Mitsutaro,NA,1,YAMAMOTO,YAMAMOTO,TRUE
AAGL2014_069,I. Santkovsky,I. Santkovsky,I.,NA,2,SANTKOVSKY,SANTKOVSKY,TRUE
AAGL2014_070,H. Fornalik,Hubert Fornalik,Hubert,https://orcid.org/0000-0001-8407-7192,3,FORNALIK,FORNALIK,TRUE
AAGL2014_071,K.C. Wang,K.C. Wang,K.C.,https://orcid.org/0009-0001-9944-6146,4,WANG,WANG,TRUE
AAGL2014_072,M. Truong,Mireille Truong,Mireille,https://orcid.org/0000-0002-7848-4151,2,TRUONG,TRUONG,TRUE
AAGL2014_073,M. Wesa,M. Wesa,M.,NA,1,WESA,WESA,TRUE
AAGL2014_074,L.D. Kammire,L.D. Kammire,L.D.,NA,2,KAMMIRE,KAMMIRE,TRUE
AAGL2014_075,M.W. Mackenzie,M. Mackenzie,M.,NA,2,MACKENZIE,MACKENZIE,TRUE
AAGL2014_076,M.E. Pratts,M.E. Pratts,M.E.,NA,3,PRATTS,PRATTS,TRUE
AAGL2014_077,E.D. Tepperman,E. Tepperman,E.,NA,4,TEPPERMAN,TEPPERMAN,TRUE
AAGL2014_078,R.W. Farnam,R.W. Farnam,R.W.,NA,1,FARNAM,FARNAM,TRUE
AAGL2014_079,S.R. Tandulwadkar,Sunita Tandulwadkar,Sunita,https://orcid.org/0000-0001-6969-1119,1,TANDULWADKAR,TANDULWADKAR,TRUE
AAGL2014_080,A. Di Spiezio Sardo,Attilio Di Spiezio Sardo,Attilio,https://orcid.org/0000-0001-6485-5735,7,SARDO,SARDO,TRUE
AAGL2014_081,K.M. Haber,K.M. Haber,K.M.,NA,3,HABER,HABER,TRUE
AAGL2014_082,N. Bizzarri,Nicolò Bizzarri,Nicolò,https://orcid.org/0000-0002-1727-904X,5,BIZZARRI,BIZZARRI,TRUE
AAGL2014_083,N.A. Ryan,Nicholas A. Ryan,Nicholas,NA,2,RYAN,RYAN,TRUE
AAGL2014_084,L. van Hanegem,L. van Hanegem,L.,NA,5,VAN HANEGEM,HANEGEM,FALSE
AAGL2014_085,T. Issat,Tadeusz Issat,Tadeusz,https://orcid.org/0000-0002-3647-3550,5,ISSAT,ISSAT,TRUE
AAGL2014_086,M. Billow,M. Billow,M.,https://orcid.org/0009-0002-6908-0873,5,BILLOW,BILLOW,TRUE
AAGL2014_087,S. St. Louis,Sarah St. Louis,Sarah,NA,10,ST. LOUIS,LOUIS,FALSE
AAGL2014_088,C. Taylor,Carrie Taylor,Carrie,NA,3,TAYLOR,TAYLOR,TRUE
AAGL2014_089,M. Dhanani,M. Dhanani,M.,NA,3,DHANANI,DHANANI,TRUE
AAGL2014_090,N.P. Kuijsters,N.P. Kuijsters,N.P.,https://orcid.org/0000-0001-9182-8767,5,KUIJSTERS,KUIJSTERS,TRUE
AAGL2014_091,J.E. Coad,J.E. Coad,J.E.,NA,3,COAD,COAD,TRUE
AAGL2014_092,M.A. Borahay,Mostafa A. Borahay,Mostafa,https://orcid.org/0000-0002-0554-132X,5,BORAHAY,BORAHAY,TRUE
AAGL2014_093,H. Brölmann,Hans A.M. Brölmann,Hans,NA,7,BRÖLMANN,BRÖLMANN,TRUE
AAGL2015_001,J Stanhiser,Jamie Stanhiser,Jamie,https://orcid.org/0000-0003-0918-5569,6,STANHISER,STANHISER,TRUE
AAGL2015_002,A Lyapis,Anna Lyapis,Anna,NA,6,LYAPIS,LYAPIS,TRUE
AAGL2015_003,KI Barron,KI Barron,KI,NA,4,BARRON,BARRON,TRUE
AAGL2015_004,W Nugent,W. Nugent,W.,NA,9,NUGENT,NUGENT,TRUE
AAGL2015_005,SP Puntambekar,SP Puntambekar,SP,NA,4,PUNTAMBEKAR,PUNTAMBEKAR,TRUE
AAGL2015_006,MA Stuparich,MA Stuparich,MA,NA,3,STUPARICH,STUPARICH,TRUE
AAGL2015_007,ML Hechanova,ML Hechanova,ML,NA,4,HECHANOVA,HECHANOVA,TRUE
AAGL2015_008,F Martinelli,Fabio Martinelli,Fabio,https://orcid.org/0000-0002-4863-1747,6,MARTINELLI,MARTINELLI,TRUE
AAGL2015_009,A Fazel,Alireza Fazel,Alireza,https://orcid.org/0000-0002-1470-619X,7,FAZEL,FAZEL,TRUE
AAGL2015_010,Y Wang,Yan‐Jiang Wang,Yan‐Jiang,https://orcid.org/0000-0002-6227-6112,5,WANG,WANG,TRUE
AAGL2015_011,K ElSahwi,K. ElSahwi,K.,NA,1,ELSAHWI,ELSAHWI,TRUE
AAGL2015_012,M Andou,M. Andou,M.,NA,5,ANDOU,ANDOU,TRUE
AAGL2015_013,A Oraif,Ayman Oraif,Ayman,https://orcid.org/0000-0002-6768-3155,6,ORAIF,ORAIF,TRUE
AAGL2015_014,A Di Spiezio Sardo,A Di Spiezio Sardo,A,NA,7,SARDO,SARDO,TRUE
AAGL2015_015,CM Santiago,CM Santiago,CM,NA,2,SANTIAGO,SANTIAGO,TRUE
AAGL2015_016,T Shokeir,Tarek Shokeir,Tarek,https://orcid.org/0000-0003-3173-2311,2,SHOKEIR,SHOKEIR,TRUE
AAGL2015_017,MWH Suen,Michael W.H. Suen,Michael,https://orcid.org/0000-0002-3108-4791,3,SUEN,SUEN,TRUE
AAGL2015_018,C Rajakumar,C Rajakumar,C,NA,2,RAJAKUMAR,RAJAKUMAR,TRUE
AAGL2015_019,KJ Sasaki,KJ Sasaki,KJ,NA,5,SASAKI,SASAKI,TRUE
AAGL2015_020,TA Deimling,Timothy Deimling,Timothy,https://orcid.org/0000-0002-4757-7646,5,DEIMLING,DEIMLING,TRUE
AAGL2015_021,Z Tsafrir,Ziv Tsafrir,Ziv,https://orcid.org/0000-0002-5151-8091,10,TSAFRIR,TSAFRIR,TRUE
AAGL2015_022,I Livinti,I Livinti,I,NA,6,LIVINTI,LIVINTI,TRUE
AAGL2015_023,AY Abdelbadee,AY Abdelbadee,AY,NA,7,ABDELBADEE,ABDELBADEE,TRUE
AAGL2015_024,KM Simpson,KM Simpson,KM,NA,5,SIMPSON,SIMPSON,TRUE
AAGL2015_025,AM Khafagy,A.M. Khafagy,A.M.,NA,5,KHAFAGY,KHAFAGY,TRUE
AAGL2015_026,A Mandelberger,A Mandelberger,A,NA,5,MANDELBERGER,MANDELBERGER,TRUE
AAGL2015_027,M Andou,M. Andou,M.,NA,5,ANDOU,ANDOU,TRUE
AAGL2015_028,EM George,EM George,EM,NA,3,GEORGE,GEORGE,TRUE
AAGL2015_029,MN Wasson,MN Wasson,MN,NA,4,WASSON,WASSON,TRUE
AAGL2015_030,P Guha,Paramita Guha,Paramita,https://orcid.org/0000-0001-6696-4812,3,GUHA,GUHA,TRUE
AAGL2015_031,L Zhu,Lan Zhu,Lan,https://orcid.org/0000-0001-5753-5426,3,ZHU,ZHU,TRUE
AAGL2015_032,NA,NA,NA,NA,NA,NA,NA,FALSE
AAGL2015_033,PL Rosenblatt,P.L. Rosenblatt,P.L.,NA,3,ROSENBLATT,ROSENBLATT,TRUE
AAGL2015_034,CR Hanes,CR Hanes,CR,NA,1,HANES,HANES,TRUE
AAGL2015_035,E Mikhail,Emad Mikhail,Emad,https://orcid.org/0000-0003-1502-3654,6,MIKHAIL,MIKHAIL,TRUE
AAGL2015_036,M Hanstede,Miriam M.F. Hanstede,Miriam,https://orcid.org/0000-0001-7837-5070,2,HANSTEDE,HANSTEDE,TRUE
AAGL2015_037,Luthra A.M.,Luthra A.M.,Luthra,NA,1,A.M.,A.M.,TRUE
AAGL2015_038,N Malhotra,Neena Malhotra,Neena,https://orcid.org/0000-0001-7837-5361,2,MALHOTRA,MALHOTRA,TRUE
AAGL2015_039,A Mandelberger,A Mandelberger,A,NA,4,MANDELBERGER,MANDELBERGER,TRUE
AAGL2015_040,CC Shenoy,Chandra C. Shenoy,Chandra,https://orcid.org/0000-0002-2537-3482,2,SHENOY,SHENOY,TRUE
AAGL2015_041,CK Cui,CK Cui,CK,NA,3,CUI,CUI,TRUE
AAGL2015_042,SR Till,SR Till,SR,NA,5,TILL,TILL,TRUE
AAGL2015_043,J Rosenbaum,Jeffrey M. Rosenbaum,Jeffrey,NA,4,ROSENBAUM,ROSENBAUM,TRUE
AAGL2015_044,C Eswar,Chinnamani Eswar,Chinnamani,NA,3,ESWAR,ESWAR,TRUE
AAGL2015_045,N Lemos,Nucelio Lemos,Nucelio,https://orcid.org/0000-0002-3184-8229,5,LEMOS,LEMOS,TRUE
AAGL2015_046,S Wagner,Stephen Wagner,Stephen,https://orcid.org/0000-0002-7677-7663,4,WAGNER,WAGNER,TRUE
AAGL2015_047,P Crochet,Patrice Crochet,Patrice,https://orcid.org/0000-0002-7618-653X,6,CROCHET,CROCHET,TRUE
AAGL2015_048,J Kroft,Jamie Kroft,Jamie,https://orcid.org/0000-0002-6796-9823,6,KROFT,KROFT,TRUE
AAGL2015_049,DJ Sanderson,Derrick J. Sanderson,Derrick,https://orcid.org/0000-0001-5682-8999,2,SANDERSON,SANDERSON,TRUE
AAGL2015_050,R Elkattah,Rayan Elkattah,Rayan,https://orcid.org/0000-0003-3182-6203,2,ELKATTAH,ELKATTAH,TRUE
AAGL2015_051,EJ Cooney,E.J. Cooney,E.J.,NA,3,COONEY,COONEY,TRUE
AAGL2015_052,MR Polin,MR Polin,MR,NA,7,NA,POLIN,FALSE
AAGL2015_053,L Thomaier,Lauren Thomaier,Lauren,https://orcid.org/0000-0002-9729-3166,4,THOMAIER,THOMAIER,TRUE
AAGL2015_054,CC DeStephano,CC DeStephano,CC,NA,7,DESTEPHANO,DESTEPHANO,TRUE
AAGL2015_055,Truong,Mireille Truong,Mireille,https://orcid.org/0000-0002-7848-4151,4,NA,TRUONG,FALSE
AAGL2015_056,X Guan,Xiaoming Guan,Xiaoming,https://orcid.org/0000-0002-2744-4512,4,GUAN,GUAN,TRUE
AAGL2015_057,C-H Chen,Chun‐Houh Chen,Chun‐Houh,https://orcid.org/0000-0003-0899-7477,3,CHEN,CHEN,TRUE
AAGL2015_058,JD Woodall,JD Woodall,JD,NA,4,WOODALL,WOODALL,TRUE
AAGL2015_059,T Zigras,Tiffany Zigras,Tiffany,NA,4,ZIGRAS,ZIGRAS,TRUE
AAGL2015_060,S Sharma,Shefali Sharma,Shefali,https://orcid.org/0000-0002-8821-6652,4,SHARMA,SHARMA,TRUE
AAGL2015_061,H-H Chen,Chien‐Jen Chen,Chien‐Jen,https://orcid.org/0000-0002-5799-6705,3,CHEN,CHEN,TRUE
AAGL2015_062,YG Kim,Yong‐Gil Kim,Yong‐Gil,https://orcid.org/0000-0002-8029-7355,7,KIM,KIM,TRUE
AAGL2015_063,P Katebi Kashi,Payam Katebi Kashi,Payam,https://orcid.org/0000-0002-0138-5868,7,KASHI,KASHI,TRUE
AAGL2015_064,A Robbins,Anthony Robbins,Anthony,NA,5,ROBBINS,ROBBINS,TRUE
AAGL2015_065,A Grant,Adrian Grant,Adrian,NA,3,GRANT,GRANT,TRUE
AAGL2015_066,B Gerges,B. Gerges,B.,https://orcid.org/0000-0001-8559-7050,7,GERGES,GERGES,TRUE
AAGL2015_067,S Reid,S. Reid,S.,https://orcid.org/0000-0003-4227-9559,5,REID,REID,TRUE
AAGL2015_068,P Maher,P. Maher,P.,NA,10,MAHER,MAHER,TRUE
AAGL2015_069,A Racca,Annalisa Racca,Annalisa,https://orcid.org/0000-0002-2494-9830,7,RACCA,RACCA,TRUE
AAGL2015_070,J-S Yuk,Jin‐Sung Yuk,Jin‐Sung,https://orcid.org/0000-0002-5478-634X,4,YUK,YUK,TRUE
AAGL2015_071,F Shakir,Fevzi Shakir,Fevzi,https://orcid.org/0000-0002-6784-4473,6,SHAKIR,SHAKIR,TRUE
AAGL2015_072,J Thorne,Jeffrey Thorne,Jeffrey,https://orcid.org/0000-0002-1937-4315,4,THORNE,THORNE,TRUE
AAGL2015_073,JOA Falcao-Junior,J.O.A. Falcão-Junior,J.O.A.,NA,8,FALCAO-JUNIOR,FALCÃO-JUNIOR,FALSE
AAGL2015_074,DM Ribeiro,D.M. Ribeiro,D.M.,NA,6,RIBEIRO,RIBEIRO,TRUE
AAGL2015_075,CA Saad,C.A. Saad,C.A.,NA,4,SAAD,SAAD,TRUE
AAGL2015_076,CS Roedner,CS Roedner,CS,NA,6,ROEDNER,ROEDNER,TRUE
AAGL2015_077,B Rabischong,B. Rabischong,B.,NA,7,RABISCHONG,RABISCHONG,TRUE
AAGL2015_078,PJ Bongers,PJ Bongers,PJ,NA,5,BONGERS,BONGERS,TRUE
AAGL2015_079,T Achjian,Tamar Achjian,Tamar,NA,5,ACHJIAN,ACHJIAN,TRUE
AAGL2015_080,KM Braun,KM Braun,KM,NA,4,BRAUN,BRAUN,TRUE
AAGL2015_081,J Opoku-Anane,Jessica Opoku‐Anane,Jessica,https://orcid.org/0000-0003-2252-1571,7,OPOKU-ANANE,OPOKU‐ANANE,FALSE
AAGL2015_082,S Senapati,S. Senapati,S.,NA,3,SENAPATI,SENAPATI,TRUE
AAGL2015_083,CCG Chen,CCG Chen,CCG,NA,8,CHEN,CHEN,TRUE
AAGL2015_084,NV Clark,NV Clark,NV,NA,5,CLARK,CLARK,TRUE
AAGL2015_085,C Taylor,Cath Taylor,Cath,https://orcid.org/0000-0001-6239-4744,9,TAYLOR,TAYLOR,TRUE
AAGL2015_086,RH Demir,RH Demir,RH,NA,1,DEMIR,DEMIR,TRUE
AAGL2015_087,A Murji,Ally Murji,Ally,https://orcid.org/0000-0002-4216-4172,4,MURJI,MURJI,TRUE
AAGL2015_088,SI Mohling,SI Mohling,SI,NA,7,MOHLING,MOHLING,TRUE
AAGL2015_089,MO Ajao,MO Ajao,MO,NA,10,AJAO,AJAO,TRUE
AAGL2015_090,EL Mowers,EL Mowers,EL,NA,5,MOWERS,MOWERS,TRUE
AAGL2015_091,Y-C Chuang,Y-C Chuang,Y-C,NA,4,CHUANG,CHUANG,TRUE
AAGL2015_092,B Zeybek,Burak Zeybek,Burak,https://orcid.org/0000-0003-4146-8614,5,ZEYBEK,ZEYBEK,TRUE
AAGL2015_093,F Moiety,Fady M. Shawky Moiety,Fady,https://orcid.org/0000-0002-4016-9420,3,MOIETY,MOIETY,TRUE
AAGL2015_094,F Fanfani,Francesco Fanfani,Francesco,https://orcid.org/0000-0003-1991-7284,9,FANFANI,FANFANI,TRUE
AAGL2015_095,MV Vargas,MV Vargas,MV,NA,6,VARGAS,VARGAS,TRUE
AAGL2016_001,SR Till,SR Till,SR,NA,7,TILL,TILL,TRUE
AAGL2016_002,TJ Ma,TJ Ma,TJ,NA,6,MA,MA,TRUE
AAGL2016_003,KI Barron,KI Barron,KI,NA,7,BARRON,BARRON,TRUE
AAGL2016_004,L Luketic,Lea Luketic,Lea,NA,8,LUKETIC,LUKETIC,TRUE
AAGL2016_005,X Guan,Xiaoming Guan,Xiaoming,https://orcid.org/0000-0002-2744-4512,3,GUAN,GUAN,TRUE
AAGL2016_006,S Nakajima,S. Nakajima,S.,NA,5,NAKAJIMA,NAKAJIMA,TRUE
AAGL2016_007,AH Mandelberger,AH Mandelberger,AH,NA,3,MANDELBERGER,MANDELBERGER,TRUE
AAGL2016_008,Y Wang,Yan‐Jiang Wang,Yan‐Jiang,https://orcid.org/0000-0002-6227-6112,5,WANG,WANG,TRUE
AAGL2016_009,AM Hill,Alison M. Hill,Alison,https://orcid.org/0000-0002-6732-4224,2,HILL,HILL,TRUE
AAGL2016_010,MT Siedhoff,Matthew T. Siedhoff,Matthew,https://orcid.org/0000-0001-7524-2467,7,SIEDHOFF,SIEDHOFF,TRUE
AAGL2016_011,M Andou,M. Andou,M.,NA,5,ANDOU,ANDOU,TRUE
AAGL2016_012,P Magtibay,Paul M. Magtibay,Paul,https://orcid.org/0000-0001-5494-3731,3,MAGTIBAY,MAGTIBAY,TRUE
AAGL2016_013,MH Emanuel,MH Emanuel,MH,NA,4,EMANUEL,EMANUEL,TRUE
AAGL2016_014,M Hanstede,Miriam M.F. Hanstede,Miriam,https://orcid.org/0000-0001-7837-5070,2,HANSTEDE,HANSTEDE,TRUE
AAGL2016_015,H Fernandez,H. Fernandez,H.,https://orcid.org/0000-0002-6463-1018,3,FERNANDEZ,FERNANDEZ,TRUE
AAGL2016_016,JC Rosa-e-Silva,JC Rosa‐e‐Silva,JC,NA,6,ROSA-E-SILVA,ROSA‐E‐SILVA,FALSE
AAGL2016_017,D Xu,Dabao Xu,Dabao,https://orcid.org/0000-0002-5455-5592,5,XU,XU,TRUE
AAGL2016_018,M Lutz,M. Lutz,M.,https://orcid.org/0009-0009-8141-8006,3,LUTZ,LUTZ,TRUE
AAGL2016_019,MV Vargas,MV Vargas,MV,NA,7,VARGAS,VARGAS,TRUE
AAGL2016_020,WY Kim,WY Kim,WY,NA,2,KIM,KIM,TRUE
AAGL2016_021,S Choussein,S Choussein,S,NA,9,CHOUSSEIN,CHOUSSEIN,TRUE
AAGL2016_022,NA,NA,NA,NA,NA,NA,NA,FALSE
AAGL2016_023,Koops SE Schraffordt,Koops SE Schraffordt,Koops,NA,4,SCHRAFFORDT,SCHRAFFORDT,TRUE
AAGL2016_024,PC Lim,P.C. Lim,P.C.,NA,3,LIM,LIM,TRUE
AAGL2016_025,PC Lim,P.C. Lim,P.C.,NA,2,LIM,LIM,TRUE
AAGL2016_026,OS Madueke-Laveaux,OS Madueke-Laveaux,OS,NA,3,MADUEKE-LAVEAUX,MADUEKE-LAVEAUX,TRUE
AAGL2016_027,YS Lee,Yong Sup Lee,Yong,https://orcid.org/0000-0001-6523-6979,1,LEE,LEE,TRUE
AAGL2016_028,V To,Vsh To,Vsh,NA,5,TO,TO,TRUE
AAGL2016_029,X Zhang,X Zhang,X,NA,5,ZHANG,ZHANG,TRUE
AAGL2016_030,SE Schraffordt Koops,SE Schraffordt Koops,SE,NA,5,KOOPS,KOOPS,TRUE
AAGL2016_031,MN Wasson,MN Wasson,MN,NA,3,WASSON,WASSON,TRUE
AAGL2016_032,KJ Stepp,KJ Stepp,KJ,NA,4,STEPP,STEPP,TRUE
AAGL2016_033,JL Hudgens,J.L. Hudgens,J.L.,NA,3,HUDGENS,HUDGENS,TRUE
AAGL2016_034,M Hijaz,Miriana Hijaz,Miriana,NA,3,HIJAZ,HIJAZ,TRUE
AAGL2016_035,C Sahin,Çağdaş Şahin,Çağdaş,https://orcid.org/0000-0001-7346-3987,7,SAHIN,ŞAHIN,FALSE
AAGL2016_036,M Mára,Miriam Mara,Miriam,NA,4,MÁRA,MARA,FALSE
AAGL2016_037,A Arakelyan,A.S. Arakelyan,A.S.,https://orcid.org/0000-0002-3217-1141,8,ARAKELYAN,ARAKELYAN,TRUE
AAGL2016_038,RM Sawant,RM Sawant,RM,NA,5,SAWANT,SAWANT,TRUE
AAGL2016_039,A Lavelanet,Antonella Lavelanet,Antonella,https://orcid.org/0000-0003-2159-2570,4,LAVELANET,LAVELANET,TRUE
AAGL2016_040,I Patanwala,Insiyyah Patanwala,Insiyyah,https://orcid.org/0000-0001-6858-4186,3,PATANWALA,PATANWALA,TRUE
AAGL2016_041,J Aoun,Joelle Aoun,Joelle,NA,4,AOUN,AOUN,TRUE
AAGL2016_042,NM Abualnadi,NM Abualnadi,NM,NA,5,ABUALNADI,ABUALNADI,TRUE
AAGL2016_043,G Vazirabadi,Golnar Vazirabadi,Golnar,NA,12,VAZIRABADI,VAZIRABADI,TRUE
AAGL2016_044,S Vilasagar,S Vilasagar,S,https://orcid.org/0000-0001-7384-0105,2,VILASAGAR,VILASAGAR,TRUE
AAGL2016_045,MA Stuparich,MA Stuparich,MA,NA,2,STUPARICH,STUPARICH,TRUE
AAGL2016_046,AS Lichtman,AS Lichtman,AS,NA,9,LICHTMAN,LICHTMAN,TRUE
AAGL2016_047,R Alammari,Roa Alammari,Roa,NA,5,ALAMMARI,ALAMMARI,TRUE
AAGL2016_048,LR Matthews,LR Matthews,LR,NA,3,MATTHEWS,MATTHEWS,TRUE
AAGL2016_049,E Blanton,Emily Blanton,Emily,https://orcid.org/0000-0002-9723-123X,2,BLANTON,BLANTON,TRUE
AAGL2016_050,P Mattingly,Patricia Mattingly,Patricia,https://orcid.org/0000-0001-7561-2886,5,MATTINGLY,MATTINGLY,TRUE
AAGL2016_051,A Dave,Amar Dave,Amar,NA,2,DAVE,DAVE,TRUE
AAGL2016_052,B Gerges,B. Gerges,B.,https://orcid.org/0000-0001-8559-7050,4,GERGES,GERGES,TRUE
AAGL2016_053,Truong,Mireille Truong,Mireille,https://orcid.org/0000-0002-7848-4151,2,NA,TRUONG,FALSE
AAGL2016_054,V Lerner,Veronica Lerner,Veronica,https://orcid.org/0000-0001-6697-2070,3,LERNER,LERNER,TRUE
AAGL2016_055,YS Lee,Yung Seng Lee,Yung,https://orcid.org/0000-0002-1253-0557,2,LEE,LEE,TRUE
AAGL2016_056,JB Ton,JB Ton,JB,NA,6,TON,TON,TRUE
AAGL2016_057,D Garg,Deepika Garg,Deepika,https://orcid.org/0000-0001-9243-8541,5,GARG,GARG,TRUE
AAGL2016_058,RE Estape,RE Estape,RE,NA,4,ESTAPE,ESTAPE,TRUE
AAGL2016_059,L Moukarzel,Lea A. Moukarzel,Lea,https://orcid.org/0000-0002-6987-6962,3,MOUKARZEL,MOUKARZEL,TRUE
AAGL2016_060,SD Henderson,SD Henderson,SD,NA,4,HENDERSON,HENDERSON,TRUE
AAGL2016_061,H Ito,Hiroe Ito,Hiroe,https://orcid.org/0000-0002-8613-3845,5,ITO,ITO,TRUE
AAGL2016_062,AG Aguirre,A.G. Aguirre,A.G.,NA,3,AGUIRRE,AGUIRRE,TRUE
AAGL2016_063,Y Aznaurova,Y.B. Aznaurova,Y.B.,NA,5,AZNAUROVA,AZNAUROVA,TRUE
AAGL2016_064,C Crispi,Claudio Peixoto Crispi,Claudio,https://orcid.org/0000-0002-4371-4754,2,CRISPI,CRISPI,TRUE
AAGL2016_065,M-Z Maria Angeles,M-Z Maria Angeles,M-Z,NA,5,ANGELES,ANGELES,TRUE
AAGL2016_066,N Zhang,N Zhang,N,NA,7,ZHANG,ZHANG,TRUE
AAGL2016_067,M Mabrouk,Mohamed Mabrouk,Mohamed,https://orcid.org/0000-0002-9762-6979,11,MABROUK,MABROUK,TRUE
AAGL2016_068,A Caceres,Aileen Caceres,Aileen,https://orcid.org/0000-0002-0170-0784,3,CACERES,CACERES,TRUE
AAGL2016_069,LCP Raiza,LCP Raiza,LCP,NA,7,RAIZA,RAIZA,TRUE
AAGL2016_070,C Exacoustos,C. Exacoustós,C.,https://orcid.org/0000-0003-3821-201X,6,EXACOUSTOS,EXACOUSTÓS,FALSE
AAGL2016_071,SD Henderson,SD Henderson,SD,NA,4,HENDERSON,HENDERSON,TRUE
AAGL2016_072,EM Jorgensen,EM Jorgensen,EM,NA,5,JORGENSEN,JORGENSEN,TRUE
AAGL2016_073,S Petersen,Shariska Petersen,Shariska,NA,4,PETERSEN,PETERSEN,TRUE
AAGL2016_074,P Li,P Li,P,NA,2,LI,LI,TRUE
AAGL2016_075,EF Robinson,EF Robinson,EF,NA,5,ROBINSON,ROBINSON,TRUE
AAGL2016_076,CH Han,Han Ch,Han,NA,3,HAN,CH,FALSE
AAGL2016_077,J-j Qiu,J. Qiu,J.,NA,2,QIU,QIU,TRUE
AAGL2016_078,MT Breen,MT Breen,MT,NA,1,BREEN,BREEN,TRUE
AAGL2016_079,N Williams,Nefyn Williams,Nefyn,https://orcid.org/0000-0002-8078-409X,3,WILLIAMS,WILLIAMS,TRUE
AAGL2016_080,EL Stockwell,E. Stockwell,E.,NA,3,STOCKWELL,STOCKWELL,TRUE
AAGL2016_081,R Bends,Ralf Bends,Ralf,https://orcid.org/0000-0001-5997-8570,4,BENDS,BENDS,TRUE
AAGL2016_082,K Lefholz,K Lefholz,K,NA,1,LEFHOLZ,LEFHOLZ,TRUE
AAGL2016_083,J Huirne,Judith A.F. Huirne,Judith,https://orcid.org/0000-0002-8248-2677,2,HUIRNE,HUIRNE,TRUE
AAGL2016_084,K Roy,K. Roy,K.,https://orcid.org/0009-0003-3238-0810,6,ROY,ROY,TRUE
AAGL2016_085,P Chauvet,Pauline Chauvet,Pauline,https://orcid.org/0000-0001-9103-860X,6,CHAUVET,CHAUVET,TRUE
AAGL2016_086,T Usta,Taner Usta,Taner,https://orcid.org/0000-0002-2208-3316,6,USTA,USTA,TRUE
AAGL2016_087,GA Vilos,GA Vilos,GA,NA,4,VILOS,VILOS,TRUE
AAGL2016_088,Sawah E Al,Sawah E Al,Sawah,NA,5,AL,AL,TRUE
AAGL2016_089,G Moawad,Gaby Moawad,Gaby,https://orcid.org/0000-0002-3240-1496,5,MOAWAD,MOAWAD,TRUE
AAGL2016_090,MV Vargas,MV Vargas,MV,NA,7,VARGAS,VARGAS,TRUE
AAGL2016_091,LFB Harvey,LFB Harvey,LFB,NA,3,HARVEY,HARVEY,TRUE
AAGL2016_092,J Sentance,J Sentance,J,NA,5,SENTANCE,SENTANCE,TRUE
AAGL2016_093,K Croft,K.M. Croft,K.M.,NA,4,CROFT,CROFT,TRUE
AAGL2016_094,JN Casey,JN Casey,JN,NA,3,CASEY,CASEY,TRUE
AAGL2016_095,DN Ginn,D.N. Ginn,D.N.,NA,7,GINN,GINN,TRUE
AAGL2016_096,KB Isaacson,KB Isaacson,KB,NA,6,ISAACSON,ISAACSON,TRUE
AAGL2017_001,L. Feng,Liqiang Feng,Liqiang,https://orcid.org/0000-0001-6811-2074,7,FENG,FENG,TRUE
AAGL2017_002,A. Vegas,A. Vegas,A.,NA,8,VEGAS,VEGAS,TRUE
AAGL2017_003,L.G. Oliveira Brito,Luiz Gustavo Oliveira Brito,Luiz,https://orcid.org/0000-0002-7364-4718,4,BRITO,BRITO,TRUE
AAGL2017_004,M.S. Cramer,Meagan S. Cramer,Meagan,https://orcid.org/0000-0002-1005-530X,3,NA,CRAMER,FALSE
AAGL2017_005,A.L. Vilkins,Annmarie Vilkins,Annmarie,NA,4,VILKINS,VILKINS,TRUE
AAGL2017_006,K.N. Wright,Kelly N. Wright,Kelly,https://orcid.org/0000-0003-0321-1535,2,WRIGHT,WRIGHT,TRUE
AAGL2017_007,G. Bogani,Giorgio Bogani,Giorgio,https://orcid.org/0000-0001-8373-8569,8,BOGANI,BOGANI,TRUE
AAGL2017_008,F.A. Alvi,F.A. Alvi,F.A.,NA,6,ALVI,ALVI,TRUE
AAGL2017_009,M. Zhang,M. Zhang,M.,NA,5,ZHANG,ZHANG,TRUE
AAGL2017_010,A. Fazel,Alireza Fazel,Alireza,https://orcid.org/0000-0002-1470-619X,7,FAZEL,FAZEL,TRUE
AAGL2017_011,D. El-Neemany,D. El-Neemany,D.,NA,5,EL-NEEMANY,EL-NEEMANY,TRUE
AAGL2017_012,R. Vargas,Roberto Vargas,Roberto,https://orcid.org/0000-0003-4262-7824,3,VARGAS,VARGAS,TRUE
AAGL2017_013,P.C. Lim,P.C. Lim,P.C.,NA,2,LIM,LIM,TRUE
AAGL2017_014,E. Matanes,Emad Matanes,Emad,https://orcid.org/0000-0002-6990-9592,7,MATANES,MATANES,TRUE
AAGL2017_015,B. Kaaki,Bilal Kaaki,Bilal,https://orcid.org/0000-0003-4817-5101,1,KAAKI,KAAKI,TRUE
AAGL2017_016,M. Espinal,Mariana Espinal,Mariana,NA,7,ESPINAL,ESPINAL,TRUE
AAGL2017_017,Y. Chen,Y. Chen,Y.,NA,6,CHEN,CHEN,TRUE
AAGL2017_018,G. Menderes,Gulden Menderes,Gulden,https://orcid.org/0000-0002-3140-3860,4,MENDERES,MENDERES,TRUE
AAGL2017_019,J. Mourad,Jamal Mourad,Jamal,https://orcid.org/0000-0002-0670-4530,1,MOURAD,MOURAD,TRUE
AAGL2017_020,L.P. Aitchison,Lucy P. Aitchison,Lucy,https://orcid.org/0000-0002-5875-0272,5,AITCHISON,AITCHISON,TRUE
AAGL2017_021,N. Sample,N. Sample,N.,NA,4,SAMPLE,SAMPLE,TRUE
AAGL2017_022,L. Liu,L. Liu,L.,NA,3,LIU,LIU,TRUE
AAGL2017_023,Y. Daykan,Yair Daykan,Yair,https://orcid.org/0000-0002-0447-2414,9,DAYKAN,DAYKAN,TRUE
AAGL2017_024,D. Sheyn,David Sheyn,David,https://orcid.org/0000-0003-1030-3067,5,SHEYN,SHEYN,TRUE
AAGL2017_025,L.H. Palavalli Parsons,L.H. Palavalli Parsons,L.H.,NA,4,PARSONS,PARSONS,TRUE
AAGL2017_026,A. Wang,Anya Wang,Anya,https://orcid.org/0009-0001-9133-027X,2,WANG,WANG,TRUE
AAGL2017_027,M.C. Wong,Marron Wong,Marron,https://orcid.org/0000-0002-3042-5283,2,WONG,WONG,TRUE
AAGL2017_028,P.M. Frazzini Padilla,P.M. Frazzini Padilla,P.M.,NA,4,PADILLA,PADILLA,TRUE
AAGL2017_029,C.I. Ramirez,C.I. Ramirez,C.I.,NA,2,RAMIREZ,RAMIREZ,TRUE
AAGL2017_030,R. Elkattah,Rayan Elkattah,Rayan,https://orcid.org/0000-0003-3182-6203,5,ELKATTAH,ELKATTAH,TRUE
AAGL2017_031,J.D. Eugenio-Colon,J.D. Eugenio-Colon,J.D.,NA,6,EUGENIO-COLON,EUGENIO-COLON,TRUE
AAGL2017_032,Q. Zhou,Qi Zhou,Qi,https://orcid.org/0000-0002-6598-6486,4,ZHOU,ZHOU,TRUE
AAGL2017_033,N. Jia,Nan Jia,Nan,https://orcid.org/0000-0001-8685-9526,2,JIA,JIA,TRUE
AAGL2017_034,C.E. Bretschneider,C. Emi Bretschneider,C.,https://orcid.org/0000-0002-8129-9643,5,BRETSCHNEIDER,BRETSCHNEIDER,TRUE
AAGL2017_035,M. Andou,M. Andou,M.,NA,6,ANDOU,ANDOU,TRUE
AAGL2017_036,D.A. Bastawros,Dina Bastawros,Dina,NA,3,BASTAWROS,BASTAWROS,TRUE
AAGL2017_037,R. Clarizia,Roberto Clarizia,Roberto,https://orcid.org/0000-0003-1628-6317,6,CLARIZIA,CLARIZIA,TRUE
AAGL2017_038,B.A. Lessey,Bruce A. Lessey,Bruce,https://orcid.org/0000-0002-8451-2817,7,LESSEY,LESSEY,TRUE
AAGL2017_039,O. Barel,Oshri Barel,Oshri,https://orcid.org/0000-0003-3535-5314,5,BAREL,BAREL,TRUE
AAGL2017_040,Y.B. Aznaurova,Y.B. Aznaurova,Y.B.,NA,5,AZNAUROVA,AZNAUROVA,TRUE
AAGL2017_041,M.A. Stuparich,Mallory Stuparich,Mallory,https://orcid.org/0000-0001-6185-6097,2,STUPARICH,STUPARICH,TRUE
AAGL2017_042,L. Chao,Lisa Chao,Lisa,https://orcid.org/0000-0002-8133-2626,2,CHAO,CHAO,TRUE
AAGL2017_043,A.P. Hutchinson,Anne P. Hutchinson,Anne,https://orcid.org/0000-0001-7401-8682,6,HUTCHINSON,HUTCHINSON,TRUE
AAGL2017_044,S. Maheux-Lacroix,Sarah Maheux‐Lacroix,Sarah,https://orcid.org/0000-0003-4187-3708,6,MAHEUX-LACROIX,MAHEUX‐LACROIX,FALSE
AAGL2017_045,N. Smorgick,Noam Smorgick,Noam,https://orcid.org/0000-0002-4561-7659,6,SMORGICK,SMORGICK,TRUE
AAGL2017_046,X. Yi,X. Yi,X.,NA,5,YI,YI,TRUE
AAGL2017_047,S. Krantz,Sanford B. Krantz,Sanford,NA,3,KRANTZ,KRANTZ,TRUE
AAGL2017_048,A. Kotlyar,Alexander Kotlyar,Alexander,https://orcid.org/0000-0003-0556-6145,3,KOTLYAR,KOTLYAR,TRUE
AAGL2017_049,I. Patanwala,Insiyyah Patanwala,Insiyyah,https://orcid.org/0000-0001-6858-4186,6,PATANWALA,PATANWALA,TRUE
AAGL2017_050,M.S.F. Taheri,Melody Taheri,Melody,NA,3,TAHERI,TAHERI,TRUE
AAGL2017_051,L. Hammons,L.M. Hammons,L.M.,NA,5,HAMMONS,HAMMONS,TRUE
AAGL2017_052,E.M. Jorgensen,Elisa M. Jorgensen,Elisa,https://orcid.org/0000-0002-6405-867X,6,JORGENSEN,JORGENSEN,TRUE
AAGL2017_053,R. Sangha,Roopina Sangha,Roopina,https://orcid.org/0000-0003-2014-3028,4,SANGHA,SANGHA,TRUE
AAGL2017_054,H. Young,Hannah Young,Hannah,https://orcid.org/0000-0002-4249-9060,7,YOUNG,YOUNG,TRUE
AAGL2017_055,S.R. Till,Sara R. Till,Sara,https://orcid.org/0000-0001-6790-132X,6,TILL,TILL,TRUE
AAGL2017_056,S. Puntambekar,S. Puntambekar,S.,NA,5,PUNTAMBEKAR,PUNTAMBEKAR,TRUE
AAGL2017_057,B.D. Beran,Benjamin Beran,Benjamin,https://orcid.org/0000-0002-2137-5843,3,BERAN,BERAN,TRUE
AAGL2017_058,L.K. Ely,L. Kirsten Ely,L.,NA,3,ELY,ELY,TRUE
AAGL2017_059,R. Clarizia,R. Clarizia,R.,NA,6,CLARIZIA,CLARIZIA,TRUE
AAGL2017_060,N.S. Fogelson,Nicholas S. Fogelson,Nicholas,NA,3,FOGELSON,FOGELSON,TRUE
AAGL2017_061,A. Arena,Alessandro Arena,Alessandro,https://orcid.org/0000-0003-0448-3540,8,ARENA,ARENA,TRUE
AAGL2017_062,N.V. Clark,Nisse V. Clark,Nisse,https://orcid.org/0000-0001-7860-286X,7,CLARK,CLARK,TRUE
AAGL2017_063,E. Surrey,Eric S. Surrey,Eric,NA,10,SURREY,SURREY,TRUE
AAGL2017_064,J. Zhang,J. Zhang,J.,https://orcid.org/0009-0006-5453-2880,2,ZHANG,ZHANG,TRUE
AAGL2017_065,M.G. Hanna,M. Hanna,M.,NA,3,HANNA,HANNA,TRUE
AAGL2017_066,N.S. Tenzel,N.S. Tenzel,N.S.,NA,5,TENZEL,TENZEL,TRUE
AAGL2017_067,M. Hanafi,M.M. Hanafi,M.M.,NA,1,HANAFI,HANAFI,TRUE
AAGL2017_068,M.. Gungor,Mete Güngör,Mete,https://orcid.org/0000-0001-8010-4181,6,GUNGOR,GÜNGÖR,FALSE
AAGL2017_069,P.C. Lim,P.C. Lim,P.C.,NA,2,LIM,LIM,TRUE
AAGL2017_070,J. Ton,Jessica Ton,Jessica,https://orcid.org/0000-0001-8929-0742,4,TON,TON,TRUE
AAGL2017_071,K. Jeong,Kyungah Jeong,Kyungah,https://orcid.org/0000-0002-9673-1152,3,JEONG,JEONG,TRUE
AAGL2017_072,J. Nie,Jichan Nie,Jichan,https://orcid.org/0000-0001-8900-9607,3,NIE,NIE,TRUE
AAGL2017_073,R.G. Arms,Richard G. Arms,Richard,NA,2,ARMS,ARMS,TRUE
AAGL2017_074,B.-J. Lu,Buo‐Jia Lu,Buo‐Jia,https://orcid.org/0000-0003-1104-5311,3,LU,LU,TRUE
AAGL2017_075,H. Cun,Han Cun,Han,https://orcid.org/0000-0002-1465-2267,7,CUN,CUN,TRUE
AAGL2017_076,S. Wang,S. Wang,S.,NA,2,WANG,WANG,TRUE
AAGL2017_077,Y. Wang,Y. Wang,Y.,NA,5,WANG,WANG,TRUE
AAGL2017_078,T. Song,TJ Song,TJ,NA,1,SONG,SONG,TRUE
AAGL2017_079,P. Bortoletto,Pietro Bortoletto,Pietro,https://orcid.org/0000-0003-4329-3141,3,BORTOLETTO,BORTOLETTO,TRUE
AAGL2017_080,S.L. Cohen,Sharon Cohen,Sharon,https://orcid.org/0000-0001-9955-940X,10,COHEN,COHEN,TRUE
AAGL2017_081,S. Rimbach,S. Rimbach,S.,https://orcid.org/0000-0002-5493-6563,2,RIMBACH,RIMBACH,TRUE
AAGL2017_082,J. Mishra,Jyoti Mishra,Jyoti,https://orcid.org/0000-0001-6612-4557,2,MISHRA,MISHRA,TRUE
AAGL2017_083,O. Bougie,O. Bougie,O.,NA,4,BOUGIE,BOUGIE,TRUE
AAGL2017_084,L.G. Oliveira Brito,Luiz Gustavo Oliveira Brito,Luiz,https://orcid.org/0000-0002-7364-4718,5,BRITO,BRITO,TRUE
AAGL2017_085,A. Borisova,Anna V. Borisova,Anna,https://orcid.org/0000-0003-4716-2886,9,BORISOVA,BORISOVA,TRUE
AAGL2017_086,L. Yong,L. Yong,L.,NA,1,YONG,YONG,TRUE
AAGL2017_087,C.A. Wagner,Carsten A. Wagner,Carsten,https://orcid.org/0000-0002-9874-8898,2,WAGNER,WAGNER,TRUE
AAGL2017_088,J. Ottolina,Jessica Ottolina,Jessica,https://orcid.org/0000-0002-3798-7342,8,OTTOLINA,OTTOLINA,TRUE
AAGL2017_089,E. Zupi,Errico Zupi,Errico,https://orcid.org/0000-0003-0735-6301,6,ZUPI,ZUPI,TRUE
AAGL2017_090,K.M. Dzhamaludinova,K.M. Dzhamaludinova,K.M.,NA,5,DZHAMALUDINOVA,DZHAMALUDINOVA,TRUE
AAGL2017_091,D. Zi,Di Zi,Di,NA,5,ZI,ZI,TRUE
AAGL2017_092,N.T. Nguyen,Nancy Nguyen,Nancy,https://orcid.org/0000-0002-2598-2587,6,NGUYEN,NGUYEN,TRUE
AAGL2017_093,R. Elkattah,Rayan Elkattah,Rayan,https://orcid.org/0000-0003-3182-6203,6,ELKATTAH,ELKATTAH,TRUE
AAGL2017_094,G.A. Pados,George Pados,George,https://orcid.org/0000-0002-3952-5483,5,PADOS,PADOS,TRUE
AAGL2017_095,M. Vardy,Michael D. Vardy,Michael,NA,4,VARDY,VARDY,TRUE
AAGL2017_096,A. Motwani,Anita Motwani,Anita,NA,2,MOTWANI,MOTWANI,TRUE
AAGL2017_097,M. Arabkhazaeli,Moona Arabkhazaeli,Moona,NA,4,ARABKHAZAELI,ARABKHAZAELI,TRUE
AAGL2018_001,A. Di Spiezio Sardo,Attilio Di Spiezio Sardo,Attilio,https://orcid.org/0000-0001-6485-5735,5,SARDO,SARDO,TRUE
AAGL2018_002,L.P. Sasaki,L.P. Sasaki,L.P.,NA,5,SASAKI,SASAKI,TRUE
AAGL2018_003,M. Franchini,Mario Franchini,Mario,https://orcid.org/0000-0001-5065-1379,6,FRANCHINI,FRANCHINI,TRUE
AAGL2018_004,A. Kumar,A. Kumar,A.,NA,2,KUMAR,KUMAR,TRUE
AAGL2018_005,A. Sanders,Ari P. Sanders,Ari,https://orcid.org/0000-0002-7904-4879,2,SANDERS,SANDERS,TRUE
AAGL2018_006,A. Sanders,Ari P. Sanders,Ari,https://orcid.org/0000-0002-7904-4879,3,SANDERS,SANDERS,TRUE
AAGL2018_007,A. Fazel,Alireza Fazel,Alireza,https://orcid.org/0000-0002-1470-619X,7,FAZEL,FAZEL,TRUE
AAGL2018_008,J. Qiu,Jiaxin Qiu,Jiaxin,NA,2,QIU,QIU,TRUE
AAGL2018_009,S. Joergensen,Siv L. Joergensen,Siv,NA,7,JOERGENSEN,JOERGENSEN,TRUE
AAGL2018_010,A.R. Carrubba,Aakriti R. Carrubba,Aakriti,https://orcid.org/0000-0002-8673-7825,6,CARRUBBA,CARRUBBA,TRUE
AAGL2018_011,R.R. Padhy,R.R. Padhy,R.R.,NA,2,PADHY,PADHY,TRUE
AAGL2018_012,M. Andou,M. Andou,M.,NA,4,ANDOU,ANDOU,TRUE
AAGL2018_013,B. Park,B. Park,B.,NA,2,PARK,PARK,TRUE
AAGL2018_014,K. Chaves,K. Chaves,K.,NA,3,CHAVES,CHAVES,TRUE
AAGL2018_015,A. Smith,Aimee L. Smith,Aimee,NA,3,SMITH,SMITH,TRUE
AAGL2018_016,M.T. Breen,Mary Breen,Mary,NA,3,BREEN,BREEN,TRUE
AAGL2018_017,F.J. Rau,Friederike Rau,Friederike,NA,3,RAU,RAU,TRUE
AAGL2018_018,D.M. Ribeiro,D.M. Ribeiro,D.M.,NA,6,RIBEIRO,RIBEIRO,TRUE
AAGL2018_019,S.P. Yu,S.P. Yu,S.P.,NA,8,YU,YU,TRUE
AAGL2018_020,F. Shen,Fang Shen,Fang,https://orcid.org/0000-0001-6737-6502,4,SHEN,SHEN,TRUE
AAGL2018_021,P.M. Frazzini Padilla,P.M. Frazzini Padilla,P.M.,NA,5,PADILLA,PADILLA,TRUE
AAGL2018_022,P. Tyan,Paul Tyan,Paul,https://orcid.org/0000-0003-2291-2679,7,TYAN,TYAN,TRUE
AAGL2018_023,J. Huang,Jian Huang,Jian,https://orcid.org/0009-0006-0506-7783,5,HUANG,HUANG,TRUE
AAGL2018_024,M. Ceccaroni,Marcello Ceccaroni,Marcello,https://orcid.org/0000-0002-6797-4876,8,CECCARONI,CECCARONI,TRUE
AAGL2018_025,J. Namkung,Jeong Namkung,Jeong,NA,5,NAMKUNG,NAMKUNG,TRUE
AAGL2018_026,H. Jan,H. Jan,H.,NA,3,JAN,JAN,TRUE
AAGL2018_027,B. Nee,B. Nee,B.,NA,1,NEE,NEE,TRUE
AAGL2018_028,C.I. Ramirez,C.I. Ramirez,C.I.,NA,2,RAMIREZ,RAMIREZ,TRUE
AAGL2018_029,D. Bastawros,Dina Bastawros,Dina,NA,6,BASTAWROS,BASTAWROS,TRUE
AAGL2018_030,M.R. Paraiso,M.R. Paraiso,M.R.,NA,7,NA,PARAISO,FALSE
AAGL2018_031,J. Laufer,J Laufer,J,https://orcid.org/0000-0002-8554-8280,4,LAUFER,LAUFER,TRUE
AAGL2018_032,M. Miró Matos,M. Miró Matos,M.,NA,9,MATOS,MATOS,TRUE
AAGL2018_033,C.I. Ramirez,C.I. Ramirez,C.I.,NA,2,RAMIREZ,RAMIREZ,TRUE
AAGL2018_034,D. Thomas,Dominique Thomas,Dominique,https://orcid.org/0000-0002-0748-1746,4,THOMAS,THOMAS,TRUE
AAGL2018_035,A. Ovakimyan,A. S. Ovakimyan,A.,NA,7,OVAKIMYAN,OVAKIMYAN,TRUE
AAGL2018_036,A. Fazel,A Fazel,A,NA,22,FAZEL,FAZEL,TRUE
AAGL2018_037,K. Farkhat,K. N. Farkhat,K.,NA,4,FARKHAT,FARKHAT,TRUE
AAGL2018_038,O. Bougie,Olga Bougie,Olga,https://orcid.org/0000-0001-8043-9344,5,BOUGIE,BOUGIE,TRUE
AAGL2018_039,R.M. Pereira,Ricardo Pereira,Ricardo,https://orcid.org/0000-0002-1319-8752,5,PEREIRA,PEREIRA,TRUE
AAGL2018_040,N.V. Clark,Nisse V. Clark,Nisse,https://orcid.org/0000-0001-7860-286X,3,CLARK,CLARK,TRUE
AAGL2018_041,A. Dave,Anupama Dave,Anupama,https://orcid.org/0000-0002-6418-3892,1,DAVE,DAVE,TRUE
AAGL2018_042,S. Tamakuwala,Sejal Tamakuwala,Sejal,https://orcid.org/0000-0001-8256-4667,8,TAMAKUWALA,TAMAKUWALA,TRUE
AAGL2018_043,S. Quinn,Stephen Quinn,Stephen,https://orcid.org/0000-0001-5254-9546,5,QUINN,QUINN,TRUE
AAGL2018_044,T. Kim,Tae Yeong Kim,Tae,NA,7,KIM,KIM,TRUE
AAGL2018_045,A. Cholkeri-Singh,Aarathi Cholkeri-Singh,Aarathi,https://orcid.org/0000-0003-2231-8418,2,CHOLKERI-SINGH,CHOLKERI-SINGH,TRUE
AAGL2018_046,L.K. Newcomb,Laura K. Newcomb,Laura,NA,2,NEWCOMB,NEWCOMB,TRUE
AAGL2018_047,J. Opoku-Anane,Jessica Opoku‐Anane,Jessica,https://orcid.org/0000-0003-2252-1571,6,OPOKU-ANANE,OPOKU‐ANANE,FALSE
AAGL2018_048,L. Chao,L. Chao,L.,NA,2,CHAO,CHAO,TRUE
AAGL2018_049,J.D. Miller,Jeffrey D. Miller,Jeffrey,https://orcid.org/0000-0002-7916-6366,5,MILLER,MILLER,TRUE
AAGL2018_050,K. Vu,Kim‐Nhien Vu,Kim‐Nhien,https://orcid.org/0000-0003-3154-6463,9,VU,VU,TRUE
AAGL2018_051,S. Skroppa,S. Skrøppa,S.,NA,3,SKROPPA,SKRØPPA,FALSE
AAGL2018_052,R. Ribak,Rachel Ribak,Rachel,NA,6,RIBAK,RIBAK,TRUE
AAGL2018_053,E. Stockwell,E. Stockwell,E.,NA,5,STOCKWELL,STOCKWELL,TRUE
AAGL2018_054,A. Melnyk,Alexandra I. Melnyk,Alexandra,https://orcid.org/0000-0003-4560-912X,3,MELNYK,MELNYK,TRUE
AAGL2018_055,J.J. Woo,J.J. Woo,J.J.,https://orcid.org/0000-0002-6111-9377,1,WOO,WOO,TRUE
AAGL2018_056,S.E. Bradley,Seamus Bradley,Seamus,NA,5,BRADLEY,BRADLEY,TRUE
AAGL2018_057,E. Pshenichnyuk,Pshenichnyuk E.Yu. Pshenichnyuk,Pshenichnyuk,https://orcid.org/0000-0003-3805-3530,5,PSHENICHNYUK,PSHENICHNYUK,TRUE
AAGL2018_058,D.M. Rodrigues,Daisy Martins Rodrigues,Daisy,NA,6,RODRIGUES,RODRIGUES,TRUE
AAGL2018_059,F.P. Valerio,Fernando Passador Valério,Fernando,https://orcid.org/0000-0002-4049-0185,5,VALERIO,VALÉRIO,FALSE
AAGL2018_060,O. Abuzeid,Omar Abuzeid,Omar,https://orcid.org/0000-0001-5848-2856,6,ABUZEID,ABUZEID,TRUE
AAGL2018_061,G. Lanzo,Gabriele Lanzo,Gabriele,https://orcid.org/0000-0002-0850-6503,5,LANZO,LANZO,TRUE
AAGL2018_062,A.F. Vigueras Smith,Amy Smith,Amy,NA,5,SMITH,SMITH,TRUE
AAGL2018_063,M.B. Secter,Michael Secter,Michael,NA,4,SECTER,SECTER,TRUE
AAGL2018_064,A.M. Jaramillo-Cardoso,Adrian Jaramillo‐Cardoso,Adrian,https://orcid.org/0000-0002-7617-0757,7,JARAMILLO-CARDOSO,JARAMILLO‐CARDOSO,FALSE
AAGL2018_065,K. Lee,Kil‐yong Lee,Kil‐yong,https://orcid.org/0000-0002-7949-0166,5,LEE,LEE,TRUE
AAGL2018_066,N. Amirlatifi,Nikki Amirlatifi,Nikki,NA,3,AMIRLATIFI,AMIRLATIFI,TRUE
AAGL2018_067,E. Matanes,Emad Matanes,Emad,https://orcid.org/0000-0002-6990-9592,6,MATANES,MATANES,TRUE
AAGL2018_068,E. Paik,E Sun Paik,E,https://orcid.org/0000-0002-6172-5860,6,PAIK,PAIK,TRUE
AAGL2018_069,P. Movilla,Peter Movilla,Peter,https://orcid.org/0000-0003-3488-2892,4,MOVILLA,MOVILLA,TRUE
AAGL2018_070,K. Ling,Koi Yi Ling,Koi,NA,2,LING,LING,TRUE
AAGL2018_071,H. Zhou,Hong Zhou,Hong,https://orcid.org/0000-0002-9376-4637,5,ZHOU,ZHOU,TRUE
AAGL2018_072,P.C. Lim,P.C. Lim,P.C.,NA,1,LIM,LIM,TRUE
AAGL2018_073,C. Liu,Chuting Liu,Chuting,https://orcid.org/0009-0001-6810-3634,2,LIU,LIU,TRUE
AAGL2018_074,J.L. Kenner,Jamaan L. Kenner,Jamaan,NA,2,KENNER,KENNER,TRUE
AAGL2018_075,V.L. Lawn,Victoria Lawn,Victoria,NA,6,LAWN,LAWN,TRUE
AAGL2018_076,P. Mwesigwa,P. Mwesigwa,P.,NA,3,MWESIGWA,MWESIGWA,TRUE
AAGL2018_077,M.T. Siedhoff,Matthew T. Siedhoff,Matthew,https://orcid.org/0000-0001-7524-2467,5,SIEDHOFF,SIEDHOFF,TRUE
AAGL2018_078,R. Rodriguez,Roberto Rodríguez–Jiménez,Roberto,https://orcid.org/0000-0003-2251-7249,3,RODRIGUEZ,RODRÍGUEZ–JIMÉNEZ,FALSE
AAGL2018_079,A. Yazdani,Amid Yazdani,Amid,https://orcid.org/0000-0002-1123-270X,1,YAZDANI,YAZDANI,TRUE
AAGL2018_080,C.R. King,C. King,C.,NA,4,KING,KING,TRUE
AAGL2018_081,A. Melnyk,A. Melnyk,A.,NA,3,MELNYK,MELNYK,TRUE
AAGL2018_082,N.M. Donnellan,Nicole Donnellan,Nicole,https://orcid.org/0000-0001-9872-0249,3,DONNELLAN,DONNELLAN,TRUE
AAGL2018_083,E. Surrey,Eric S. Surrey,Eric,NA,6,SURREY,SURREY,TRUE
AAGL2018_084,A.F. Vigueras Smith,Amy Smith,Amy,NA,4,SMITH,SMITH,TRUE
AAGL2018_085,V. Ghai,Vishalli Ghai,Vishalli,https://orcid.org/0000-0003-1674-0583,4,GHAI,GHAI,TRUE
AAGL2018_086,N. Leyland,Nicholas Leyland,Nicholas,https://orcid.org/0000-0003-3437-0723,8,LEYLAND,LEYLAND,TRUE
AAGL2018_087,L. Andriani,Lisa Andriani,Lisa,NA,4,ANDRIANI,ANDRIANI,TRUE
AAGL2018_088,U. Dior,Uri P. Dior,Uri,https://orcid.org/0000-0002-1130-7791,3,DIOR,DIOR,TRUE
AAGL2018_089,R.H. Demir,R.H. Demir,R.H.,https://orcid.org/0000-0002-8124-6816,1,DEMIR,DEMIR,TRUE
AAGL2018_090,J. Opoku-Anane,Jessica Opoku‐Anane,Jessica,https://orcid.org/0000-0003-2252-1571,6,OPOKU-ANANE,OPOKU‐ANANE,FALSE
AAGL2018_091,S. Kita,S. Kita,S.,NA,3,KITA,KITA,TRUE
AAGL2018_092,E.M. Jorgensen,Elisa M. Jorgensen,Elisa,https://orcid.org/0000-0002-6405-867X,4,JORGENSEN,JORGENSEN,TRUE
AAGL2018_093,S. Sedra,Silvana Sedra,Silvana,NA,7,SEDRA,SEDRA,TRUE
AAGL2018_094,N. Tamhane,Nupur Tamhane,Nupur,https://orcid.org/0000-0003-0458-2418,8,TAMHANE,TAMHANE,TRUE
AAGL2018_095,S. Seckin,Serin Seckin,Serin,https://orcid.org/0000-0001-7863-6584,3,SECKIN,SECKIN,TRUE
AAGL2019_001,CE Miller,CE Miller,CE,NA,3,MILLER,MILLER,TRUE
AAGL2019_002,MT Siedhoff,Matthew T. Siedhoff,Matthew,https://orcid.org/0000-0001-7524-2467,4,SIEDHOFF,SIEDHOFF,TRUE
AAGL2019_003,S Kim,S Kim,S,NA,3,KIM,KIM,TRUE
AAGL2019_004,J Gisseman,J Gisseman,J,https://orcid.org/0000-0002-1875-3065,3,GISSEMAN,GISSEMAN,TRUE
AAGL2019_005,P Urbina,P Urbina,P,NA,3,URBINA,URBINA,TRUE
AAGL2019_006,LK Newcomb,LK Newcomb,LK,NA,2,NEWCOMB,NEWCOMB,TRUE
AAGL2019_007,AP Sanders,AP Sanders,AP,NA,3,SANDERS,SANDERS,TRUE
AAGL2019_008,L Chen,Lin Chen,Lin,https://orcid.org/0000-0002-9795-3275,6,CHEN,CHEN,TRUE
AAGL2019_009,RB Smith,RB Smith,RB,NA,3,SMITH,SMITH,TRUE
AAGL2019_010,EM Lee,EM Lee,EM,NA,3,LEE,LEE,TRUE
AAGL2019_011,LV Adamyan,LV Adamyan,LV,NA,6,ADAMYAN,ADAMYAN,TRUE
AAGL2019_012,E Wright,Eric R. Wright,Eric,https://orcid.org/0000-0001-5972-3498,4,WRIGHT,WRIGHT,TRUE
AAGL2019_013,MC Cusimano,MC Cusimano,MC,NA,11,CUSIMANO,CUSIMANO,TRUE
AAGL2019_014,R Post,Rebecca J. Post,Rebecca,https://orcid.org/0000-0001-5652-5816,5,POST,POST,TRUE
AAGL2019_015,YB Aznaurova,YB Aznaurova,YB,NA,5,AZNAUROVA,AZNAUROVA,TRUE
AAGL2019_016,JK Moulder,JK Moulder,JK,NA,4,MOULDER,MOULDER,TRUE
AAGL2019_017,LK Newcomb,LK Newcomb,LK,NA,2,NEWCOMB,NEWCOMB,TRUE
AAGL2019_018,Y Gu,Yuan Gu,Yuan,https://orcid.org/0000-0003-2301-0829,7,GU,GU,TRUE
AAGL2019_019,MB Sert,MB Sert,MB,NA,2,SERT,SERT,TRUE
AAGL2019_020,M Sawada,Mari Sawada,Mari,NA,6,SAWADA,SAWADA,TRUE
AAGL2019_021,M Andou,M Andou,M,NA,1,ANDOU,ANDOU,TRUE
AAGL2019_022,CA Souza,CA Souza,CA,NA,3,SOUZA,SOUZA,TRUE
AAGL2019_023,MG Munro,MG Munro,MG,NA,3,MUNRO,MUNRO,TRUE
AAGL2019_024,TM Lombardi,TM Lombardi,TM,NA,2,LOMBARDI,LOMBARDI,TRUE
AAGL2019_025,LA Pacheco,LA Pacheco,LA,NA,7,PACHECO,PACHECO,TRUE
AAGL2019_026,Z Guan,Z. Guan,Z.,https://orcid.org/0000-0002-2022-2765,5,GUAN,GUAN,TRUE
AAGL2019_027,LFB Harvey,LFB Harvey,LFB,NA,7,HARVEY,HARVEY,TRUE
AAGL2019_028,CM Basinski,CM Basinski,CM,NA,2,BASINSKI,BASINSKI,TRUE
AAGL2019_029,PL Rosenblatt,P.L. Rosenblatt,P.L.,NA,3,ROSENBLATT,ROSENBLATT,TRUE
AAGL2019_030,R Haverland,Rachael Haverland,Rachael,https://orcid.org/0000-0002-8703-2974,3,HAVERLAND,HAVERLAND,TRUE
AAGL2019_031,DA Acosta,DA Acosta,DA,NA,4,ACOSTA,ACOSTA,TRUE
AAGL2019_032,A Plair,Andre Plair,Andre,https://orcid.org/0000-0001-7429-7060,2,PLAIR,PLAIR,TRUE
AAGL2019_033,D Perruzza,Darian Perruzza,Darian,NA,7,PERRUZZA,PERRUZZA,TRUE
AAGL2019_034,C Jenny,C. Jenny,C.,https://orcid.org/0000-0003-2319-9780,4,JENNY,JENNY,TRUE
AAGL2019_035,L Dhariwal,Laura Dhariwal,Laura,https://orcid.org/0000-0003-4373-5739,2,DHARIWAL,DHARIWAL,TRUE
AAGL2019_036,ER Davenport,ER Davenport,ER,NA,3,DAVENPORT,DAVENPORT,TRUE
AAGL2019_037,DA Leach,DA Leach,DA,NA,2,LEACH,LEACH,TRUE
AAGL2019_038,S Boyd,S. Boyd,S.,NA,3,BOYD,BOYD,TRUE
AAGL2019_039,J Qiu,Junjun Qiu,Junjun,https://orcid.org/0000-0002-2063-2684,2,QIU,QIU,TRUE
AAGL2019_040,G Roviglione,Giovanni Roviglione,Giovanni,https://orcid.org/0000-0003-3832-6295,9,ROVIGLIONE,ROVIGLIONE,TRUE
AAGL2019_041,C Lee,C Lee,C,NA,5,LEE,LEE,TRUE
AAGL2019_042,CR Zhu,C.R. Zhu,C.R.,https://orcid.org/0000-0002-7473-2066,4,ZHU,ZHU,TRUE
AAGL2019_043,CA Souza,CA Souza,CA,NA,6,SOUZA,SOUZA,TRUE
AAGL2019_044,A Zakhari,Andrew Zakhari,Andrew,https://orcid.org/0000-0003-4575-0393,5,ZAKHARI,ZAKHARI,TRUE
AAGL2019_045,S Behbehani,Sadikah Behbehani,Sadikah,https://orcid.org/0000-0003-2463-6890,5,BEHBEHANI,BEHBEHANI,TRUE
AAGL2019_046,K Nawfal,K Nawfal,K,NA,4,NAWFAL,NAWFAL,TRUE
AAGL2019_047,J Sroussi,J. Sroussi,J.,https://orcid.org/0000-0002-1437-4818,9,SROUSSI,SROUSSI,TRUE
AAGL2019_048,J Traylor,Jessica Traylor,Jessica,https://orcid.org/0000-0001-7201-4725,3,TRAYLOR,TRAYLOR,TRUE
AAGL2019_049,C.Z Wu,C Wu,C,NA,3,WU,WU,TRUE
AAGL2019_050,CZ Wu,CZ Wu,CZ,NA,3,WU,WU,TRUE
AAGL2019_051,J Mourad,Jamal Mourad,Jamal,https://orcid.org/0000-0002-0670-4530,4,MOURAD,MOURAD,TRUE
AAGL2019_052,KA Kleinberg,KA Kleinberg,KA,NA,2,KLEINBERG,KLEINBERG,TRUE
AAGL2019_053,S Kim,S Kim,S,NA,4,KIM,KIM,TRUE
AAGL2019_054,L Mutlu,Levent Mutlu,Levent,https://orcid.org/0009-0000-5861-9277,4,MUTLU,MUTLU,TRUE
AAGL2019_055,SJ Seaman,SJ Seaman,SJ,NA,3,SEAMAN,SEAMAN,TRUE
AAGL2019_056,C Ladanyi,C Ladanyi,C,https://orcid.org/0000-0003-0285-0140,7,LADANYI,LADANYI,TRUE
AAGL2019_057,RK Zurawin,R.K. Zurawin,R.K.,NA,1,ZURAWIN,ZURAWIN,TRUE
AAGL2019_058,SJ Kim,Sung‐Jae Kim,Sung‐Jae,https://orcid.org/0000-0001-8357-3426,3,KIM,KIM,TRUE
AAGL2019_059,JF Baekelandt,JF Baekelandt,JF,NA,3,BAEKELANDT,BAEKELANDT,TRUE
AAGL2019_060,ME Tarr,ME Tarr,ME,NA,4,TARR,TARR,TRUE
AAGL2019_061,LE Kenyon,L. Kenyon,L.,NA,4,KENYON,KENYON,TRUE
AAGL2019_062,H Reddy,H. Reddy,H.,https://orcid.org/0009-0005-5648-8708,7,REDDY,REDDY,TRUE
AAGL2019_063,CM Cooke,C.M. Cooke,C.M.,NA,6,COOKE,COOKE,TRUE
AAGL2019_064,CE Foley,CE Foley,CE,NA,2,FOLEY,FOLEY,TRUE
AAGL2019_065,J Mui,Justin Mui,Justin,https://orcid.org/0000-0001-8546-4266,5,MUI,MUI,TRUE
AAGL2019_066,J Tam,James W. Tam,James,https://orcid.org/0000-0001-5712-7756,2,TAM,TAM,TRUE
AAGL2019_067,Vardy,MD Vardy,MD,NA,3,NA,VARDY,FALSE
AAGL2019_068,TYT Ngan,TYT Ngan,TYT,NA,4,NGAN,NGAN,TRUE
AAGL2019_069,RB Smith,RB Smith,RB,NA,3,SMITH,SMITH,TRUE
AAGL2019_070,A Melnyk,Alexandra I. Melnyk,Alexandra,https://orcid.org/0000-0003-4560-912X,2,MELNYK,MELNYK,TRUE
AAGL2019_071,J Liu,J Liu,J,NA,6,LIU,LIU,TRUE
AAGL2019_072,H Jan,H Jan,H,NA,2,JAN,JAN,TRUE
AAGL2019_073,P Rosas,P. Rosas,P.,NA,4,ROSAS,ROSAS,TRUE
AAGL2019_074,FM Blaudeau,FM Blaudeau,FM,NA,4,BLAUDEAU,BLAUDEAU,TRUE
AAGL2019_075,EG Braxton,E.G. Braxton,E.G.,NA,3,BRAXTON,BRAXTON,TRUE
AAGL2019_076,AM Zeccola,A.M. Zeccola,A.M.,NA,3,ZECCOLA,ZECCOLA,TRUE
AAGL2019_077,M Ruhotina,Merima Ruhotina,Merima,https://orcid.org/0000-0002-4125-968X,3,RUHOTINA,RUHOTINA,TRUE
AAGL2019_078,KA Smith,KA Smith,KA,NA,6,SMITH,SMITH,TRUE
AAGL2019_079,Z Liang,Z Liang,Z,NA,1,LIANG,LIANG,TRUE
AAGL2019_080,F Touchan,Faraj Touchan,Faraj,NA,4,TOUCHAN,TOUCHAN,TRUE
AAGL2019_081,ER Davenport,ER Davenport,ER,NA,3,DAVENPORT,DAVENPORT,TRUE
AAGL2019_082,J Suhner,Jessa Suhner,Jessa,NA,3,SUHNER,SUHNER,TRUE
AAGL2019_083,J Liu,J Liu,J,https://orcid.org/0009-0005-8715-1462,7,LIU,LIU,TRUE
AAGL2019_084,Y Wang,Yan‐Jiang Wang,Yan‐Jiang,https://orcid.org/0000-0002-6227-6112,1,WANG,WANG,TRUE
AAGL2019_085,DI Nassie,DI Nassie,DI,NA,6,NASSIE,NASSIE,TRUE
AAGL2019_086,CW Chan,Ching Wan Chan,Ching,https://orcid.org/0000-0002-9250-1296,5,CHAN,CHAN,TRUE
AAGL2019_087,AF Burnett,AF Burnett,AF,NA,1,BURNETT,BURNETT,TRUE
AAGL2019_088,HH Chill,HH Chill,HH,NA,7,CHILL,CHILL,TRUE
AAGL2019_089,E Matanes,Emad Matanes,Emad,https://orcid.org/0000-0002-6990-9592,5,MATANES,MATANES,TRUE
AAGL2019_090,OR Ceci,OR Ceci,OR,NA,6,CECI,CECI,TRUE
AAGL2019_091,SB Cohen,SB Cohen,SB,NA,2,COHEN,COHEN,TRUE
AAGL2019_092,A Cholkeri-Singh,A Cholkeri-Singh,A,NA,2,CHOLKERI-SINGH,CHOLKERI-SINGH,TRUE
AAGL2019_093,JG Garza Leal,JG Garza Leal,JG,NA,2,LEAL,LEAL,TRUE
AAGL2019_094,AI Brill,A.I. Brill,A.I.,NA,1,BRILL,BRILL,TRUE
AAGL2019_095,M Hanstede,Miriam M.F. Hanstede,Miriam,https://orcid.org/0000-0001-7837-5070,2,HANSTEDE,HANSTEDE,TRUE
AAGL2019_096,M Slate,M Slate,M,NA,1,SLATE,SLATE,TRUE
AAGL2020_001,D. Luchristt,Douglas Luchristt,Douglas,https://orcid.org/0000-0002-3534-7800,4,LUCHRISTT,LUCHRISTT,TRUE
AAGL2020_002,W.T. Ross,Whitney Trotter Ross,Whitney,https://orcid.org/0000-0002-0169-9605,3,ROSS,ROSS,TRUE
AAGL2020_003,M.A. Stuparich,Mallory Stuparich,Mallory,https://orcid.org/0000-0001-6185-6097,3,STUPARICH,STUPARICH,TRUE
AAGL2020_004,S.P. Puntambekar,S.P. Puntambekar,S.P.,NA,7,PUNTAMBEKAR,PUNTAMBEKAR,TRUE
AAGL2020_005,J. Travieso,Jennifer Travieso,Jennifer,https://orcid.org/0000-0003-0417-6700,5,TRAVIESO,TRAVIESO,TRUE
AAGL2020_006,W.V. Chan,W.V. Chan,W.V.,NA,2,CHAN,CHAN,TRUE
AAGL2020_007,N. Fogelson,N. Fogelson,N.,NA,2,FOGELSON,FOGELSON,TRUE
AAGL2020_008,N.D. Hazen,ND Hazen,ND,NA,4,HAZEN,HAZEN,TRUE
AAGL2020_009,K. Benabou,Kelly Benabou,Kelly,NA,4,BENABOU,BENABOU,TRUE
AAGL2020_010,D.L. Edwards,D.L. Edwards,D.L.,NA,4,EDWARDS,EDWARDS,TRUE
AAGL2020_011,R.M.A. Pereira,Ricardo Pereira,Ricardo,https://orcid.org/0000-0002-1319-8752,7,PEREIRA,PEREIRA,TRUE
AAGL2020_012,R.M.A. Pereira,Ricardo Pereira,Ricardo,https://orcid.org/0000-0002-1319-8752,7,PEREIRA,PEREIRA,TRUE
AAGL2020_013,J. Traylor,Jessica Traylor,Jessica,https://orcid.org/0000-0001-7201-4725,7,TRAYLOR,TRAYLOR,TRUE
AAGL2020_014,C. Simmonds,Christopher Simmonds,Christopher,https://orcid.org/0000-0001-6294-0741,3,SIMMONDS,SIMMONDS,TRUE
AAGL2020_015,J.A. Cooper,John A. Cooper,John,https://orcid.org/0000-0002-0933-4571,7,COOPER,COOPER,TRUE
AAGL2020_016,R. Sinha,Risha Sinha,Risha,https://orcid.org/0000-0001-7505-4837,4,SINHA,SINHA,TRUE
AAGL2020_017,C.J. Jolliffe,Courtney J. Jolliffe,Courtney,NA,9,JOLLIFFE,JOLLIFFE,TRUE
AAGL2020_018,Y.B. Aznaurova,Y.B. Aznaurova,Y.B.,NA,6,AZNAUROVA,AZNAUROVA,TRUE
AAGL2020_019,G.A. Barison,G.A. Barison,G.A.,NA,5,BARISON,BARISON,TRUE
AAGL2020_020,A. Al-Hendy,Ayman Al‐Hendy,Ayman,https://orcid.org/0000-0002-8778-4447,8,AL-HENDY,AL‐HENDY,FALSE
AAGL2020_021,E.A. Stewart,Elizabeth A. Stewart,Elizabeth,https://orcid.org/0000-0003-1110-2400,6,STEWART,STEWART,TRUE
AAGL2020_022,G.A. Barison,Gustavo Anderman Silva Barison,Gustavo,https://orcid.org/0000-0002-6865-3468,6,BARISON,BARISON,TRUE
AAGL2020_023,P. Urbina,P. Urbina,P.,NA,7,URBINA,URBINA,TRUE
AAGL2020_024,B.N. Davis,Brittany N. Davis,Brittany,https://orcid.org/0000-0002-4908-8141,2,DAVIS,DAVIS,TRUE
AAGL2020_025,C. Bergeron,C Bergeron,C,NA,7,BERGERON,BERGERON,TRUE
AAGL2020_026,A. Mohr-Sasson,Aya Mohr‐Sasson,Aya,https://orcid.org/0000-0001-9818-3041,5,MOHR-SASSON,MOHR‐SASSON,FALSE
AAGL2020_027,S. Bidadi,Sanam Bidadi,Sanam,NA,3,BIDADI,BIDADI,TRUE
AAGL2020_028,T.Y. Sia,Tiffany Sia,Tiffany,https://orcid.org/0000-0001-7890-207X,3,SIA,SIA,TRUE
AAGL2020_029,L. Michel,Luc Michel,Luc,https://orcid.org/0000-0001-8604-9574,2,MICHEL,MICHEL,TRUE
AAGL2020_030,A. Kozachenko,А. В. Козаченко,А.,https://orcid.org/0000-0002-5573-6694,3,KOZACHENKO,КОЗАЧЕНКО,FALSE
AAGL2020_031,M.L. Winter,Marc L. Winter,Marc,NA,1,WINTER,WINTER,TRUE
AAGL2020_032,A.P. Stanton,Amanda P. Stanton,Amanda,https://orcid.org/0000-0002-2649-2627,3,STANTON,STANTON,TRUE
AAGL2020_033,S. Behbehani,Sadikah Behbehani,Sadikah,https://orcid.org/0000-0003-2463-6890,5,BEHBEHANI,BEHBEHANI,TRUE
AAGL2020_034,G.L. Smith,Gabriella Lynne Smith,Gabriella,NA,4,SMITH,SMITH,TRUE
AAGL2020_035,R.K. Zurawin,R.K. Zurawin,R.K.,NA,1,ZURAWIN,ZURAWIN,TRUE
AAGL2020_036,M.E. Scott,M.E. Scott,M.E.,NA,3,SCOTT,SCOTT,TRUE
AAGL2020_037,S. Ruggieri,Stefania Ruggieri,Stefania,https://orcid.org/0000-0003-0288-3866,10,RUGGIERI,RUGGIERI,TRUE
AAGL2020_038,D. Bastawros,Dina Bastawros,Dina,NA,6,BASTAWROS,BASTAWROS,TRUE
AAGL2020_039,A.R. Carrubba,Aakriti R. Carrubba,Aakriti,https://orcid.org/0000-0002-8673-7825,4,CARRUBBA,CARRUBBA,TRUE
AAGL2020_040,A. OdulateWilliams,Adekorewale Odulate-Williams,Adekorewale,NA,4,ODULATEWILLIAMS,ODULATE-WILLIAMS,FALSE
AAGL2020_041,L.R. Morais,Luiza Russo de Morais,Luiza,https://orcid.org/0000-0001-7423-3518,2,MORAIS,MORAIS,TRUE
AAGL2020_042,G. Chapman,Graham Chapman,Graham,https://orcid.org/0000-0002-0658-2107,10,CHAPMAN,CHAPMAN,TRUE
AAGL2020_043,L. Kogan,Liron Kogan,Liron,https://orcid.org/0000-0002-6358-3966,13,KOGAN,KOGAN,TRUE
AAGL2020_044,C. Persenaire,Christianne Persenaire,Christianne,https://orcid.org/0000-0002-7240-0199,3,PERSENAIRE,PERSENAIRE,TRUE
AAGL2020_045,J. Mun,Je‐Ho Mun,Je‐Ho,https://orcid.org/0000-0002-0734-2850,5,MUN,MUN,TRUE
AAGL2020_046,G. Bogani,Giorgio Bogani,Giorgio,https://orcid.org/0000-0001-8373-8569,6,BOGANI,BOGANI,TRUE
AAGL2020_047,G. Bogani,Giorgio Bogani,Giorgio,https://orcid.org/0000-0001-8373-8569,6,BOGANI,BOGANI,TRUE
AAGL2020_048,J.R. Tymon-Rosario,Joan Tymon‐Rosario,Joan,https://orcid.org/0000-0002-8969-8307,4,TYMON-ROSARIO,TYMON‐ROSARIO,FALSE
AAGL2020_049,L.M. Kent,Laura Kent,Laura,NA,2,KENT,KENT,TRUE
AAGL2020_050,K.J. Pepin,Kristen Pepin,Kristen,https://orcid.org/0000-0003-4370-3593,5,PEPIN,PEPIN,TRUE
AAGL2020_051,N.F.T. Topbas Selcuki,Nura Fitnat Topbaş Selçuki,Nura,https://orcid.org/0000-0002-5749-9987,5,SELCUKI,SELÇUKI,FALSE
AAGL2020_052,A.E. Porter,A.E. Porter,A.E.,NA,2,PORTER,PORTER,TRUE
AAGL2020_053,G. Levin,Gabriel Levin,Gabriel,https://orcid.org/0000-0003-1282-5379,9,LEVIN,LEVIN,TRUE
AAGL2020_054,E.G. Braxton,Ernest Braxton,Ernest,NA,2,BRAXTON,BRAXTON,TRUE
AAGL2020_055,C.A. Jago,C.A. Jago,C.A.,https://orcid.org/0000-0002-2177-9717,3,JAGO,JAGO,TRUE
AAGL2020_056,S. Benlolo,Samantha Benlolo,Samantha,https://orcid.org/0000-0002-5217-709X,6,BENLOLO,BENLOLO,TRUE
AAGL2020_057,A. Hamouie,Angie Hamouie,Angie,NA,5,HAMOUIE,HAMOUIE,TRUE
AAGL2020_058,D.E. Luciano,D. Luciano,D.,NA,1,LUCIANO,LUCIANO,TRUE
AAGL2020_059,P.A. Romanski,Phillip A. Romanski,Phillip,https://orcid.org/0000-0003-0125-7302,5,ROMANSKI,ROMANSKI,TRUE
AAGL2020_060,J. Gisseman,J Gisseman,J,https://orcid.org/0000-0002-1875-3065,4,GISSEMAN,GISSEMAN,TRUE
AAGL2020_061,D.B. Nguyen,Dong Bach Nguyen,Dong,https://orcid.org/0000-0002-1967-5548,5,NGUYEN,NGUYEN,TRUE
AAGL2020_062,D.L. Edwards,D.L. Edwards,D.L.,NA,4,EDWARDS,EDWARDS,TRUE
AAGL2020_063,R.L. Allen,Regan L. Allen,Regan,NA,2,ALLEN,ALLEN,TRUE
AAGL2020_064,E. Lin,Emery C. Lin,Emery,NA,10,LIN,LIN,TRUE
AAGL2020_065,R. Haverland,Rachael Haverland,Rachael,https://orcid.org/0000-0002-8703-2974,5,HAVERLAND,HAVERLAND,TRUE
AAGL2020_066,R.M.M. Delara,Ritchie Delara,Ritchie,https://orcid.org/0000-0002-2770-2155,6,DELARA,DELARA,TRUE
AAGL2020_067,A.P. Ulrich,Amanda Ulrich,Amanda,https://orcid.org/0000-0002-1521-017X,8,ULRICH,ULRICH,TRUE
AAGL2020_068,V.H. Yu,Vivian Yu,Vivian,NA,2,YU,YU,TRUE
AAGL2020_069,L.C. High,Lisa High,Lisa,NA,2,HIGH,HIGH,TRUE
AAGL2020_070,C.E. Foley,Christine E. Foley,Christine,https://orcid.org/0000-0002-1144-2686,3,FOLEY,FOLEY,TRUE
AAGL2020_071,C.A. Souza,Carolina Augusto de Souza,Carolina,https://orcid.org/0000-0003-3557-5499,6,SOUZA,SOUZA,TRUE
AAGL2020_072,D. Banerjee,Dipti Banerjee,Dipti,NA,7,BANERJEE,BANERJEE,TRUE
AAGL2020_073,K. Aiko,Kiyoshi Aiko,Kiyoshi,https://orcid.org/0000-0003-0057-0524,1,AIKO,AIKO,TRUE
AAGL2020_074,C. Zhang,C. Zhang,C.,NA,4,ZHANG,ZHANG,TRUE
AAGL2020_075,R. Venturella,Roberta Venturella,Roberta,https://orcid.org/0000-0003-1359-770X,6,VENTURELLA,VENTURELLA,TRUE
AAGL2020_076,L. Michel,Luc Michel,Luc,https://orcid.org/0000-0001-8604-9574,2,MICHEL,MICHEL,TRUE
AAGL2020_077,J.S. Kim,J.S. Kim,J.S.,https://orcid.org/0009-0009-0379-5981,4,KIM,KIM,TRUE
AAGL2020_078,S.E. Boyd,Stanley Boyd,Stanley,NA,3,BOYD,BOYD,TRUE
AAGL2020_079,A.L. Merriman,Amanda L. Merriman,Amanda,https://orcid.org/0000-0001-6017-9952,2,MERRIMAN,MERRIMAN,TRUE
AAGL2020_080,X. Zhao,Xingping Zhao,Xingping,https://orcid.org/0000-0003-1071-4683,4,ZHAO,ZHAO,TRUE
AAGL2020_081,A. Williams,A. Williams,A.,https://orcid.org/0000-0002-6800-8135,11,WILLIAMS,WILLIAMS,TRUE
AAGL2020_082,A.V. Kulkarni,Aditya V. Kulkarni,Aditya,https://orcid.org/0000-0001-5177-6595,4,KULKARNI,KULKARNI,TRUE
AAGL2020_083,G. Zeni,Geoffrey Zeni,Geoffrey,NA,4,ZENI,ZENI,TRUE
AAGL2020_084,R.J. Young,R.J. Young,R.J.,NA,6,YOUNG,YOUNG,TRUE
AAGL2020_085,K. Benabou,Kelly Benabou,Kelly,NA,2,BENABOU,BENABOU,TRUE
AAGL2020_086,P.R. Movilla,Peter Movilla,Peter,https://orcid.org/0000-0003-3488-2892,4,MOVILLA,MOVILLA,TRUE
AAGL2020_087,J.M. Duncan,Jordann-Mishael Duncan,Jordann-Mishael,NA,4,DUNCAN,DUNCAN,TRUE
AAGL2020_088,T.M. Swisher,T.M. Swisher,T.M.,NA,4,SWISHER,SWISHER,TRUE
AAGL2020_089,S. Mohling,S Mohling,S,https://orcid.org/0000-0003-3376-2629,1,MOHLING,MOHLING,TRUE
AAGL2020_090,P. Katebi Kashi,Payam Katebi Kashi,Payam,https://orcid.org/0000-0002-0138-5868,3,KASHI,KASHI,TRUE
AAGL2020_091,A.J. Kharoufeh,A.J. Kharoufeh,A.J.,NA,2,KHAROUFEH,KHAROUFEH,TRUE
AAGL2020_092,M.K.M. Shu,MK Shu,MK,NA,3,SHU,SHU,TRUE
AAGL2020_093,M.G. Leon,M.G. Leon,M.G.,https://orcid.org/0000-0003-1168-9977,6,LEON,LEON,TRUE
AAGL2020_094,E. Brunn,E. Brunn,E.,NA,3,BRUNN,BRUNN,TRUE
AAGL2020_095,T. Tanvir,T Tanvir,T,NA,3,TANVIR,TANVIR,TRUE
AAGL2021_001,D.B. Nguyen,D.B. Nguyen,D.B.,NA,5,NGUYEN,NGUYEN,TRUE
AAGL2021_002,K.M. Ciesielski,Katharine M. Ciesielski,Katharine,https://orcid.org/0000-0002-8397-135X,7,CIESIELSKI,CIESIELSKI,TRUE
AAGL2021_003,Y. Tzur,Yossi Tzur,Yossi,https://orcid.org/0000-0001-6965-6321,6,TZUR,TZUR,TRUE
AAGL2021_004,Katebi P. Kashi,Katebi P. Kashi,Katebi,NA,1,KASHI,KASHI,TRUE
AAGL2021_005,E.G. Crihfield,E.G. Crihfield,E.G.,NA,3,CRIHFIELD,CRIHFIELD,TRUE
AAGL2021_006,B.R.B. Azevedo,Bruno Roberto Braga Azevedo,Bruno,https://orcid.org/0000-0003-1321-9442,9,AZEVEDO,AZEVEDO,TRUE
AAGL2021_007,E.M. Lee,Eun-Tae Lee,Eun-Tae,NA,3,LEE,LEE,TRUE
AAGL2021_008,K. Ambacher,Kristin Ambacher,Kristin,https://orcid.org/0000-0002-3110-3147,3,AMBACHER,AMBACHER,TRUE
AAGL2021_009,S. Mathur,Shobhit Mathur,Shobhit,https://orcid.org/0000-0002-7334-3341,9,MATHUR,MATHUR,TRUE
AAGL2021_010,S. Gupta,Saksham Gupta,Saksham,https://orcid.org/0000-0002-7538-6345,2,GUPTA,GUPTA,TRUE
AAGL2021_011,M. Andou,M. Andou,M.,NA,6,ANDOU,ANDOU,TRUE
AAGL2021_012,G. Bogani,Giorgio Bogani,Giorgio,https://orcid.org/0000-0001-8373-8569,18,BOGANI,BOGANI,TRUE
AAGL2021_013,G. Levin,Gabriel Levin,Gabriel,https://orcid.org/0000-0003-1282-5379,15,LEVIN,LEVIN,TRUE
AAGL2021_014,T. Horton,Tristram G. Horton,Tristram,NA,3,HORTON,HORTON,TRUE
AAGL2021_015,S. Varma,Srinivasa Varma,Srinivasa,NA,4,VARMA,VARMA,TRUE
AAGL2021_016,M.J. Worley,Michael J. Worley,Michael,https://orcid.org/0000-0002-5076-838X,2,WORLEY,WORLEY,TRUE
AAGL2021_017,P.C. Lim,Peter Lim,Peter,https://orcid.org/0000-0001-9714-1595,2,LIM,LIM,TRUE
AAGL2021_018,P.C. Lim,Peter Lim,Peter,https://orcid.org/0000-0001-9714-1595,2,LIM,LIM,TRUE
AAGL2021_019,P.C. Lim,Peter Lim,Peter,https://orcid.org/0000-0001-9714-1595,3,LIM,LIM,TRUE
AAGL2021_020,M. Vieira,Marcelo de Andrade Vieira,Marcelo,https://orcid.org/0000-0002-2128-7798,8,VIEIRA,VIEIRA,TRUE
AAGL2021_021,M. Corinti,M. Corinti,M.,https://orcid.org/0000-0002-7598-9613,6,CORINTI,CORINTI,TRUE
AAGL2021_022,M. Vieira,Marcelo de Andrade Vieira,Marcelo,https://orcid.org/0000-0002-2128-7798,7,VIEIRA,VIEIRA,TRUE
AAGL2021_023,S.K. Warring,Simrit K. Warring,Simrit,https://orcid.org/0000-0002-6944-6380,6,WARRING,WARRING,TRUE
AAGL2021_024,R.M.A. Pereira,Ricardo Pereira,Ricardo,https://orcid.org/0000-0002-1319-8752,4,PEREIRA,PEREIRA,TRUE
AAGL2021_025,L. Bar-El,Liron Bar-El,Liron,https://orcid.org/0000-0003-2372-7862,6,BAR-EL,BAR-EL,TRUE
AAGL2021_026,L. Cosgriff,Lauren Cosgriff,Lauren,https://orcid.org/0000-0003-1615-0292,3,COSGRIFF,COSGRIFF,TRUE
AAGL2021_027,B. Tharmarajah,B. Tharmarajah,B.,https://orcid.org/0009-0003-4485-4008,4,THARMARAJAH,THARMARAJAH,TRUE
AAGL2021_028,B. Roberts,Brittany Roberts,Brittany,https://orcid.org/0000-0001-6008-278X,2,ROBERTS,ROBERTS,TRUE
AAGL2021_029,G. Beroukhim,Gabriela Beroukhim,Gabriela,https://orcid.org/0000-0003-1598-8210,4,BEROUKHIM,BEROUKHIM,TRUE
AAGL2021_030,S. As-Sanie,Sawsan As‐Sanie,Sawsan,https://orcid.org/0000-0002-7166-1979,11,AS-SANIE,AS‐SANIE,FALSE
AAGL2021_031,C.M. Becker,Claudia Becker,Claudia,https://orcid.org/0000-0003-2906-4377,8,BECKER,BECKER,TRUE
AAGL2021_032,M.A. Dejenie,Menbere A. Dejenie,Menbere,NA,5,DEJENIE,DEJENIE,TRUE
AAGL2021_033,K.J. Moore,Kristin J. Moore,Kristin,https://orcid.org/0000-0003-2179-6565,7,MOORE,MOORE,TRUE
AAGL2021_034,K. Shimada,Kyoko Shimada,Kyoko,NA,1,SHIMADA,SHIMADA,TRUE
AAGL2021_035,S. Simko,S Simko,S,https://orcid.org/0000-0002-9680-2125,7,SIMKO,SIMKO,TRUE
AAGL2021_036,K.H. Roy,Kay Roy,Kay,NA,2,ROY,ROY,TRUE
AAGL2021_037,S. Weyers,Steven Weyers,Steven,https://orcid.org/0000-0003-2828-8037,10,WEYERS,WEYERS,TRUE
AAGL2021_038,C.W. Chan,CY Chan,CY,NA,2,CHAN,CHAN,TRUE
AAGL2021_039,P.A. Romanski,Phillip A. Romanski,Phillip,https://orcid.org/0000-0003-0125-7302,3,ROMANSKI,ROMANSKI,TRUE
AAGL2021_040,A. Di Spiezio Sardo,Attilio Di Spiezio Sardo,Attilio,https://orcid.org/0000-0001-6485-5735,7,SARDO,SARDO,TRUE
AAGL2021_041,M. Hincapie,María A. Hincapié,María,https://orcid.org/0000-0001-8748-9352,2,HINCAPIE,HINCAPIÉ,FALSE
AAGL2021_042,A. Di Spiezio Sardo,Attilio Di Spiezio Sardo,Attilio,https://orcid.org/0000-0002-9538-9463,8,SARDO,SARDO,TRUE
AAGL2021_043,C.A. Jago,C.A. Jago,C.A.,https://orcid.org/0000-0002-2177-9717,4,JAGO,JAGO,TRUE
AAGL2021_044,A. Dave,Amish Davé,Amish,NA,1,DAVE,DAVÉ,FALSE
AAGL2021_045,S.Y. Park,S.Y. Park,S.Y.,https://orcid.org/0000-0002-5071-236X,6,PARK,PARK,TRUE
AAGL2021_046,H. Wirth,Hannah Wirth,Hannah,NA,3,WIRTH,WIRTH,TRUE
AAGL2021_047,E.G. Braxton,Ernest Braxton,Ernest,NA,5,BRAXTON,BRAXTON,TRUE
AAGL2021_048,A.G. Cope,Adela G. Cope,Adela,https://orcid.org/0000-0002-4126-2440,5,COPE,COPE,TRUE
AAGL2021_049,A. Rosen,Adam B. Rosen,Adam,https://orcid.org/0000-0002-1204-2289,5,ROSEN,ROSEN,TRUE
AAGL2021_050,C.A. Souza,Cristiano Antonio de Souza,Cristiano,https://orcid.org/0000-0002-9453-3240,4,SOUZA,SOUZA,TRUE
AAGL2021_051,K. Kanno,Kiyoshi Kanno,Kiyoshi,https://orcid.org/0000-0002-2394-9644,4,KANNO,KANNO,TRUE
AAGL2021_052,E.G. Braxton,E.G. Braxton,E.G.,NA,4,BRAXTON,BRAXTON,TRUE
AAGL2021_053,A.L. Hernandez Lopez,Adrian L. Hernandez Lopez,Adrian,NA,7,LOPEZ,LOPEZ,TRUE
AAGL2021_054,S.J. Radtke,S. Radtke,S.,https://orcid.org/0000-0003-4214-1285,4,RADTKE,RADTKE,TRUE
AAGL2021_055,S. Benlolo,Samantha Benlolo,Samantha,https://orcid.org/0000-0002-5217-709X,5,BENLOLO,BENLOLO,TRUE
AAGL2021_056,S. Haikal,Samantha Haikal,Samantha,NA,2,HAIKAL,HAIKAL,TRUE
AAGL2021_057,R.S. Kim,R.S. Kim,R.S.,NA,4,KIM,KIM,TRUE
AAGL2021_058,D. Lovell,D.Y. Lovell,D.Y.,NA,4,LOVELL,LOVELL,TRUE
AAGL2021_059,G.K. Lewis,G.K. Lewis,G.K.,https://orcid.org/0000-0003-4922-1165,5,LEWIS,LEWIS,TRUE
AAGL2021_060,L.C. Ramirez-Caban,Laura Ramirez‐Caban,Laura,https://orcid.org/0000-0002-8924-3441,3,RAMIREZ-CABAN,RAMIREZ‐CABAN,FALSE
AAGL2021_061,S. Sunkara,Sowmya Sunkara,Sowmya,https://orcid.org/0000-0002-3307-356X,4,SUNKARA,SUNKARA,TRUE
AAGL2021_062,J. Savoni,JJ Savoni,JJ,NA,3,SAVONI,SAVONI,TRUE
AAGL2021_063,M. McHale,Michael McHale,Michael,https://orcid.org/0000-0002-6471-362X,4,MCHALE,MCHALE,TRUE
AAGL2021_064,M. Polin,Melanie Polin,Melanie,https://orcid.org/0000-0003-2988-0526,2,POLIN,POLIN,TRUE
AAGL2021_065,P. Piekos,P. Piekos,P.,NA,5,PIEKOS,PIEKOS,TRUE
AAGL2021_066,K.J. Denny,Kathryn Denny,Kathryn,NA,3,DENNY,DENNY,TRUE
AAGL2021_067,K.A. Kho,Kimberly A. Kho,Kimberly,https://orcid.org/0000-0003-3607-5779,8,KHO,KHO,TRUE
AAGL2021_068,K.F. Chaves,Katherine F. Chaves,Katherine,https://orcid.org/0000-0002-9179-7638,5,CHAVES,CHAVES,TRUE
AAGL2021_069,R.J. Schneyer,R Schneyer,R,https://orcid.org/0000-0002-8595-6364,7,SCHNEYER,SCHNEYER,TRUE
AAGL2021_070,A. Chitkara,Ashish Chitkara,Ashish,NA,4,CHITKARA,CHITKARA,TRUE
AAGL2021_071,L. Christoffel,Ladina Christoffel,Ladina,NA,3,CHRISTOFFEL,CHRISTOFFEL,TRUE
AAGL2021_072,T.E. Ito,Traci Ito,Traci,https://orcid.org/0000-0002-4939-5408,4,ITO,ITO,TRUE
AAGL2021_073,T. Khalife,Tarek Khalife,Tarek,https://orcid.org/0000-0001-8057-7608,3,KHALIFE,KHALIFE,TRUE
AAGL2021_074,T. Sutaria,T. Sutaria,T.,NA,3,SUTARIA,SUTARIA,TRUE
AAGL2021_075,L.V. Adamyan,L.V. Adamyan,L.V.,https://orcid.org/0000-0002-3253-4512,6,ADAMYAN,ADAMYAN,TRUE
AAGL2021_076,M.A. Schwartz,Michael Schwartz,Michael,https://orcid.org/0000-0001-7554-975X,3,SCHWARTZ,SCHWARTZ,TRUE
AAGL2021_077,R.J. Young,R.J. Young,R.J.,NA,5,YOUNG,YOUNG,TRUE
AAGL2021_078,J. Wong,Judy M.Y. Wong,Judy,https://orcid.org/0000-0001-5572-4143,3,WONG,WONG,TRUE
AAGL2021_079,E.E. Tappy,Erryn Tappy,Erryn,https://orcid.org/0000-0002-8271-1249,7,TAPPY,TAPPY,TRUE
AAGL2021_080,T.K. Brah,Tara Brah,Tara,NA,5,BRAH,BRAH,TRUE
AAGL2021_081,D. Das,Debasish Kumar Das,Debasish,https://orcid.org/0000-0003-1069-0693,4,DAS,DAS,TRUE
AAGL2021_082,C.A. Jago,C.A. Jago,C.A.,https://orcid.org/0000-0002-2177-9717,9,JAGO,JAGO,TRUE
AAGL2021_083,P. Mojica-Claudio,P. Mojica-Claudio,P.,NA,3,MOJICA-CLAUDIO,MOJICA-CLAUDIO,TRUE
AAGL2021_084,K. Kanno,Kiyoshi Kanno,Kiyoshi,https://orcid.org/0000-0002-2394-9644,4,KANNO,KANNO,TRUE
AAGL2021_085,N.O. Afuape,Nicole Afuape,Nicole,https://orcid.org/0000-0002-0589-7297,5,AFUAPE,AFUAPE,TRUE
AAGL2021_086,B. Tharmarajah,B. Tharmarajah,B.,https://orcid.org/0009-0003-4485-4008,2,THARMARAJAH,THARMARAJAH,TRUE
AAGL2021_087,K.A. Stewart,K Stewart,K,NA,3,STEWART,STEWART,TRUE
AAGL2021_088,C.M. Pickett,Charlotte Pickett,Charlotte,https://orcid.org/0000-0002-7159-8981,5,PICKETT,PICKETT,TRUE
AAGL2021_089,T.J. Gaughan,T.J. Gaughan,T.J.,NA,6,GAUGHAN,GAUGHAN,TRUE
AAGL2021_090,A. Quevedo,A G De Quevedo,A,NA,2,QUEVEDO,QUEVEDO,TRUE
AAGL2021_091,K. Searle,Karlee Searle,Karlee,NA,5,SEARLE,SEARLE,TRUE
AAGL2021_092,Y. Youssef,Youssef Youssef,Youssef,https://orcid.org/0000-0002-4339-333X,4,YOUSSEF,YOUSSEF,TRUE
AAGL2021_093,J. Woo,J.J. Woo,J.J.,https://orcid.org/0000-0002-6111-9377,3,WOO,WOO,TRUE
AAGL2021_094,A. Elfeky,A Elfeky,A,NA,3,ELFEKY,ELFEKY,TRUE
AAGL2021_095,G. Dubernard,Gil Dubernard,Gil,https://orcid.org/0000-0002-3455-9908,5,DUBERNARD,DUBERNARD,TRUE
AAGL2021_096,J.L. Hudgens,J.L. Hudgens,J.L.,NA,5,HUDGENS,HUDGENS,TRUE
AAGL2021_097,D.A. Acosta,Danilo Acosta,Danilo,https://orcid.org/0000-0002-6815-6445,3,ACOSTA,ACOSTA,TRUE
AAGL2021_098,L. Palacios-Helgeson,L. Palacios-Helgeson,L.,NA,2,PALACIOS-HELGESON,PALACIOS-HELGESON,TRUE
AAGL2022_001,E.A. Stewart,Elizabeth A. Stewart,Elizabeth,https://orcid.org/0000-0003-1110-2400,6,STEWART,STEWART,TRUE
AAGL2022_002,C. Moore,Catherine Moore,Catherine,NA,6,MOORE,MOORE,TRUE
AAGL2022_003,S.L. Lim,Sze-Xian Lim,Sze-Xian,NA,5,LIM,LIM,TRUE
AAGL2022_004,G.W. Kischen,G.W. Kischen,G.W.,NA,3,KISCHEN,KISCHEN,TRUE
AAGL2022_005,M.S. Orlando,Megan S. Orlando,Megan,https://orcid.org/0000-0002-7625-8695,5,NA,ORLANDO,FALSE
AAGL2022_006,S. Duyar,S. Duyar,S.,NA,4,DUYAR,DUYAR,TRUE
AAGL2022_007,A. Richtarova,Adéla Richtárová,Adéla,https://orcid.org/0000-0001-7635-4858,5,RICHTAROVA,RICHTÁROVÁ,FALSE
AAGL2022_008,D.C. McKee,D.C. McKee,D.C.,NA,2,MCKEE,MCKEE,TRUE
AAGL2022_009,F. Barra,F. Barra,F.,NA,9,BARRA,BARRA,TRUE
AAGL2022_010,M. Noar,M. Noar,M.,NA,1,NOAR,NOAR,TRUE
AAGL2022_011,C. Zorzi,Claudio Zorzi,Claudio,https://orcid.org/0000-0002-5441-2348,10,ZORZI,ZORZI,TRUE
AAGL2022_012,J.N. Mak,Jason Mak,Jason,https://orcid.org/0000-0003-2346-6850,9,MAK,MAK,TRUE
AAGL2022_013,S.E. Allen,S. Allen,S.,https://orcid.org/0000-0002-8258-6724,6,ALLEN,ALLEN,TRUE
AAGL2022_014,D.C. McKee,Dana McKee,Dana,https://orcid.org/0000-0003-2442-1427,2,MCKEE,MCKEE,TRUE
AAGL2022_015,M.A. Luna-Russo,M.A. Luna-Russo,M.A.,NA,5,LUNA-RUSSO,LUNA-RUSSO,TRUE
AAGL2022_016,S. Galhotra,Sheena Galhotra,Sheena,https://orcid.org/0000-0002-3893-1041,7,GALHOTRA,GALHOTRA,TRUE
AAGL2022_017,T. Cameo,Tamara Cameo,Tamara,NA,7,CAMEO,CAMEO,TRUE
AAGL2022_018,A. Cain,A. Cain,A.,NA,3,CAIN,CAIN,TRUE
AAGL2022_019,R.M. Boone,R.M. Boone,R.M.,NA,8,BOONE,BOONE,TRUE
AAGL2022_020,M. Polin,M. Polin,M.,NA,7,POLIN,POLIN,TRUE
AAGL2022_021,C.J. Min,C.J. Min,C.J.,NA,5,MIN,MIN,TRUE
AAGL2022_022,C. Indart,C. Indart,C.,NA,7,INDART,INDART,TRUE
AAGL2022_023,A.M. Foxx,A.M. Foxx,A.M.,NA,3,FOXX,FOXX,TRUE
AAGL2022_024,A. Bootes,A. Bootes,A.,NA,3,BOOTES,BOOTES,TRUE
AAGL2022_025,N. Cohen,Natalie S. Cohen,Natalie,https://orcid.org/0000-0002-0860-7814,5,COHEN,COHEN,TRUE
AAGL2022_026,M.G. Leon,M.G. Leon,M.G.,NA,3,LEON,LEON,TRUE
AAGL2022_027,K.F. Chaves,Katherine F. Chaves,Katherine,https://orcid.org/0000-0002-9179-7638,4,CHAVES,CHAVES,TRUE
AAGL2022_028,C.T. Manning,C.T. Manning,C.T.,NA,4,MANNING,MANNING,TRUE
AAGL2022_029,S. Ramani,S. Ramani,S.,NA,1,RAMANI,RAMANI,TRUE
AAGL2022_030,L. Palacios-Helgeson,L. Palacios-Helgeson,L.,NA,3,PALACIOS-HELGESON,PALACIOS-HELGESON,TRUE
AAGL2022_031,I. Levin,Ilya Levin,Ilya,https://orcid.org/0000-0002-0298-4547,7,LEVIN,LEVIN,TRUE
AAGL2022_032,L.V. Adamyan,L.V. Adamyan,L.V.,https://orcid.org/0000-0002-3253-4512,5,ADAMYAN,ADAMYAN,TRUE
AAGL2022_033,S.G. Chudnoff,S. Chudnoff,S.,NA,6,CHUDNOFF,CHUDNOFF,TRUE
AAGL2022_034,F.G. Li,F.G. Li,F.G.,NA,1,LI,LI,TRUE
AAGL2022_035,C.M. Cooke,C.M. Cooke,C.M.,NA,5,COOKE,COOKE,TRUE
AAGL2022_036,T.B. Fenster,T.B. Fenster,T.B.,NA,9,FENSTER,FENSTER,TRUE
AAGL2022_037,T. Tran,Tiffany Tran,Tiffany,NA,5,TRAN,TRAN,TRUE
AAGL2022_038,A.M. Foxx,A.M. Foxx,A.M.,NA,3,FOXX,FOXX,TRUE
AAGL2022_039,A. Rosen,Adam B. Rosen,Adam,https://orcid.org/0000-0002-1204-2289,7,ROSEN,ROSEN,TRUE
AAGL2022_040,I.F. Kozachenko,I. F. Kozachenko,I.,https://orcid.org/0000-0003-1822-9164,4,KOZACHENKO,KOZACHENKO,TRUE
AAGL2022_041,M.M. McKenna,Mary M. McKenna,Mary,NA,5,MCKENNA,MCKENNA,TRUE
AAGL2022_042,S. Micolucci,Savannah Micolucci,Savannah,NA,4,MICOLUCCI,MICOLUCCI,TRUE
AAGL2022_043,D. Exume,D. Exume,D.,NA,4,EXUME,EXUME,TRUE
AAGL2022_044,N.S. Garcia-Ruiz,N.S. Garcia-Ruiz,N.S.,NA,3,GARCIA-RUIZ,GARCIA-RUIZ,TRUE
AAGL2022_045,D. Das,Deepanjana Das,Deepanjana,https://orcid.org/0000-0002-7509-0421,8,DAS,DAS,TRUE
AAGL2022_046,S. Saini,Soniya Saini,Soniya,https://orcid.org/0009-0000-0391-536X,1,SAINI,SAINI,TRUE
AAGL2022_047,G. Bogani,Giorgio Bogani,Giorgio,https://orcid.org/0000-0001-8373-8569,19,BOGANI,BOGANI,TRUE
AAGL2022_048,Y. Tong,Yanlin Tong,Yanlin,https://orcid.org/0009-0003-7291-6392,1,TONG,TONG,TRUE
AAGL2022_049,K. McMurray,K. McMurray,K.,NA,5,MCMURRAY,MCMURRAY,TRUE
AAGL2022_050,L. Govindan,L. Govindan,L.,NA,11,GOVINDAN,GOVINDAN,TRUE
AAGL2022_051,R.M. Polan,R.M. Polan,R.M.,NA,4,POLAN,POLAN,TRUE
AAGL2022_052,J. Chen,J. Chen,J.,NA,6,CHEN,CHEN,TRUE
AAGL2022_053,G. Bogani,Giorgio Bogani,Giorgio,https://orcid.org/0000-0001-8373-8569,17,BOGANI,BOGANI,TRUE
AAGL2022_054,A. Shivji,Azra Shivji,Azra,NA,5,SHIVJI,SHIVJI,TRUE
AAGL2022_055,F. Shalabi,Fares Shalabi,Fares,https://orcid.org/0009-0007-2914-3880,4,SHALABI,SHALABI,TRUE
AAGL2022_056,G.C. Horwood,G Horwood,G,NA,5,HORWOOD,HORWOOD,TRUE
AAGL2022_057,M. Marguerie,M. Marguerie,M.,NA,1,MARGUERIE,MARGUERIE,TRUE
AAGL2022_058,T.K. Brah,T.K. Brah,T.K.,NA,9,BRAH,BRAH,TRUE
AAGL2022_059,L.E. Kenyon,L Kenyon,L,NA,7,KENYON,KENYON,TRUE
AAGL2022_060,K. Fu,K. Fu,K.,NA,3,FU,FU,TRUE
AAGL2022_061,J.G. Putman,J.G. Putman,J.G.,NA,4,PUTMAN,PUTMAN,TRUE
AAGL2022_062,O. Fajardo,O. Fajardo,O.,https://orcid.org/0000-0001-9544-383X,7,FAJARDO,FAJARDO,TRUE
AAGL2022_063,M Ruhotina,Merima Ruhotina,Merima,https://orcid.org/0000-0002-4125-968X,4,RUHOTINA,RUHOTINA,TRUE
AAGL2022_064,M.K.M. Shu,M.K.M. Shu,M.K.M.,NA,5,SHU,SHU,TRUE
AAGL2022_065,A. Tsuei,Angie Tsuei,Angie,NA,2,TSUEI,TSUEI,TRUE
AAGL2022_066,G.J. Marchand,Greg Marchand,Greg,https://orcid.org/0000-0003-4724-9148,11,MARCHAND,MARCHAND,TRUE
AAGL2022_067,D.M. Ikoma,D.M. Ikoma,D.M.,NA,3,IKOMA,IKOMA,TRUE
AAGL2022_068,C.O. Rees,C.O. Rees,C.O.,https://orcid.org/0000-0001-7742-3050,7,REES,REES,TRUE
AAGL2022_069,E.A. Sendukas,EA Sendukas,EA,NA,6,SENDUKAS,SENDUKAS,TRUE
AAGL2022_070,J. Arruda,Jaime Arruda,Jaime,NA,3,ARRUDA,ARRUDA,TRUE
AAGL2022_071,I.S. Chan,I‐San Chan,I‐San,https://orcid.org/0000-0002-6074-5915,2,CHAN,CHAN,TRUE
AAGL2022_072,E. Lin,Ende Lin,Ende,NA,5,LIN,LIN,TRUE
AAGL2022_073,S.G. Chudnoff,S. Chudnoff,S.,NA,6,CHUDNOFF,CHUDNOFF,TRUE
AAGL2022_074,C.O. Rees,C.O. Rees,C.O.,https://orcid.org/0000-0001-7742-3050,11,REES,REES,TRUE
AAGL2022_075,P.S. Thiel,Peter Thiel,Peter,NA,6,THIEL,THIEL,TRUE
AAGL2022_076,M. Bruno,Matteo Bruno,Matteo,https://orcid.org/0000-0003-4372-4220,5,BRUNO,BRUNO,TRUE
AAGL2022_077,M. Mara,Michal Mára,Michal,https://orcid.org/0000-0001-8222-3141,5,MARA,MÁRA,FALSE
AAGL2022_078,L. Bar-El,Liron Bar-El,Liron,https://orcid.org/0000-0003-2372-7862,2,BAR-EL,BAR-EL,TRUE
AAGL2022_079,A.S. Frost,A.S. Frost,A.S.,NA,9,FROST,FROST,TRUE
AAGL2022_080,H.R. Haber,H.R. Haber,H.R.,NA,4,HABER,HABER,TRUE
AAGL2022_081,O. Barel,Oshri Barel,Oshri,https://orcid.org/0000-0003-3535-5314,6,BAREL,BAREL,TRUE
AAGL2022_082,B. Zizolfi,Brunella Zizolfi,Brunella,https://orcid.org/0000-0002-3409-7504,6,ZIZOLFI,ZIZOLFI,TRUE
AAGL2022_083,R. Clarizia,Roberto Clarizia,Roberto,https://orcid.org/0000-0003-1628-6317,9,CLARIZIA,CLARIZIA,TRUE
AAGL2022_084,F. Bahrami,Foruzan Bahrami,Foruzan,NA,4,BAHRAMI,BAHRAMI,TRUE
AAGL2022_085,C.Z. Mabini,C.Z. Mabini,C.Z.,NA,2,MABINI,MABINI,TRUE
AAGL2022_086,K.H. Lou,Kristie Lou,Kristie,NA,7,LOU,LOU,TRUE
AAGL2022_087,E. Miazga,Elizabeth Miazga,Elizabeth,https://orcid.org/0000-0003-2553-9021,7,MIAZGA,MIAZGA,TRUE
AAGL2022_088,S.N. Shiplo,Samantha Shiplo,Samantha,NA,4,SHIPLO,SHIPLO,TRUE
AAGL2022_089,Y. Zheng,Yufang Zheng,Yufang,https://orcid.org/0000-0002-0488-2624,5,ZHENG,ZHENG,TRUE
AAGL2022_090,N. Pondugula,Nishita Pondugula,Nishita,https://orcid.org/0000-0003-2895-735X,6,PONDUGULA,PONDUGULA,TRUE
AAGL2023_001,S Takenaka,Shigeo Takenaka,Shigeo,https://orcid.org/0009-0002-2519-9549,7,TAKENAKA,TAKENAKA,TRUE
AAGL2023_002,J Hayden,John Hayden,John,https://orcid.org/0000-0003-3344-6888,5,HAYDEN,HAYDEN,TRUE
AAGL2023_003,I Levin,I. Levin,I.,NA,6,LEVIN,LEVIN,TRUE
AAGL2023_004,G Zhou,Gang Zhou,Gang,https://orcid.org/0000-0003-4988-0814,7,ZHOU,ZHOU,TRUE
AAGL2023_005,P Chang,Patricia Chang,Patricia,NA,9,CHANG,CHANG,TRUE
AAGL2023_006,CK Pfeuti,CK Pfeuti,CK,NA,2,PFEUTI,PFEUTI,TRUE
AAGL2023_007,Peña TI González,Peña TI González,Peña,NA,5,GONZÁLEZ,GONZÁLEZ,TRUE
AAGL2023_008,U Johannesson,Ulrika Johannesson,Ulrika,https://orcid.org/0000-0002-5714-4641,3,JOHANNESSON,JOHANNESSON,TRUE
AAGL2023_009,A Al-Hendy,Ayman Al‐Hendy,Ayman,https://orcid.org/0000-0002-8778-4447,5,AL-HENDY,AL‐HENDY,FALSE
AAGL2023_010,R Schneyer,R Schneyer,R,https://orcid.org/0000-0002-8595-6364,6,SCHNEYER,SCHNEYER,TRUE
AAGL2023_011,E Zaritsky,Eve Zaritsky,Eve,https://orcid.org/0000-0003-3147-6020,6,ZARITSKY,ZARITSKY,TRUE
AAGL2023_012,MR Cantor,Monica Cantor,Monica,NA,2,NA,CANTOR,FALSE
AAGL2023_013,TE Flaxman,TE Flaxman,TE,NA,6,FLAXMAN,FLAXMAN,TRUE
AAGL2023_014,K Duckworth,Kenneth Duckworth,Kenneth,NA,3,DUCKWORTH,DUCKWORTH,TRUE
AAGL2023_015,MJ Solnik,MJ Solnik,MJ,NA,5,SOLNIK,SOLNIK,TRUE
AAGL2023_016,V Flatow,Virginia Flatow,Virginia,NA,6,FLATOW,FLATOW,TRUE
AAGL2023_017,P Urbina,P Urbina,P,NA,8,URBINA,URBINA,TRUE
AAGL2023_018,C Wicks,Carolyn Wicks,Carolyn,NA,6,WICKS,WICKS,TRUE
AAGL2023_019,J Mak,Jason Mak,Jason,https://orcid.org/0000-0003-2346-6850,5,MAK,MAK,TRUE
AAGL2023_020,H VanDeman,Holly VanDeman,Holly,NA,7,VANDEMAN,VANDEMAN,TRUE
AAGL2023_021,P Thiel,Peter Thiel,Peter,https://orcid.org/0000-0001-5951-4792,7,THIEL,THIEL,TRUE
AAGL2023_022,G Ahmad,Gulfam Ahmad,Gulfam,https://orcid.org/0009-0003-6076-1880,7,AHMAD,AHMAD,TRUE
AAGL2023_023,S As-Sanie,Sawsan As‐Sanie,Sawsan,https://orcid.org/0000-0002-7166-1979,7,AS-SANIE,AS‐SANIE,FALSE
AAGL2023_024,KM Demery,KM Demery,KM,NA,2,DEMERY,DEMERY,TRUE
AAGL2023_025,JE Fisher,J.E. Fisher,J.E.,NA,1,FISHER,FISHER,TRUE
AAGL2023_026,DI Nassie,DI Nassie,DI,NA,7,NASSIE,NASSIE,TRUE
AAGL2023_027,M Sharvit,Merav Sharvit,Merav,NA,7,SHARVIT,SHARVIT,TRUE
AAGL2023_028,E Twidale,Emily Twidale,Emily,https://orcid.org/0000-0001-8524-1839,6,TWIDALE,TWIDALE,TRUE
AAGL2023_029,A Zelivianskaia,Anna Zelivianskaia,Anna,NA,4,ZELIVIANSKAIA,ZELIVIANSKAIA,TRUE
AAGL2023_030,BM Fenske,BM Fenske,BM,NA,5,FENSKE,FENSKE,TRUE
AAGL2023_031,C Lim,Chétana Lim,Chétana,https://orcid.org/0000-0001-9644-2572,9,LIM,LIM,TRUE
AAGL2023_032,A Hollis,Alexander C. Hollis,Alexander,https://orcid.org/0000-0002-6434-0595,5,HOLLIS,HOLLIS,TRUE
AAGL2023_033,F Orsi,Franco Orsi,Franco,https://orcid.org/0000-0002-7330-0499,4,ORSI,ORSI,TRUE
AAGL2023_034,S Wang,Sophia Wang,Sophia,https://orcid.org/0000-0003-2597-9393,5,WANG,WANG,TRUE
AAGL2023_035,A Akdam,Amir Akdam,Amir,https://orcid.org/0000-0002-3664-847X,5,AKDAM,AKDAM,TRUE
AAGL2023_036,K Madhvani,K. Madhvani,K.,NA,6,MADHVANI,MADHVANI,TRUE
AAGL2023_037,DL Rawaf,D.L. Rawaf,D.L.,NA,11,RAWAF,RAWAF,TRUE
AAGL2023_038,K Fin,K RAYMOND FIN,K,NA,4,FIN,FIN,TRUE
AAGL2023_039,CO Rees,CO Rees,CO,NA,8,REES,REES,TRUE
AAGL2023_040,T Mansour,T Mansour,T,NA,7,MANSOUR,MANSOUR,TRUE
AAGL2023_041,P GiglioAyers,P. GiglioAyers,P.,NA,4,GIGLIOAYERS,GIGLIOAYERS,TRUE
AAGL2023_042,LJ McCormack,LJ McCormack,LJ,NA,14,MCCORMACK,MCCORMACK,TRUE
AAGL2023_043,B Thigpen,Brooke Thigpen,Brooke,https://orcid.org/0000-0001-8693-7643,6,THIGPEN,THIGPEN,TRUE
AAGL2023_044,D Elsahy,D. A. Elsahy,D.,NA,7,ELSAHY,ELSAHY,TRUE
AAGL2023_045,CO Rees,CO Rees,CO,NA,9,REES,REES,TRUE
AAGL2023_046,R Matot,Ran Matot,Ran,https://orcid.org/0000-0002-3237-1696,8,MATOT,MATOT,TRUE
AAGL2023_047,ZR Khan,ZR Khan,ZR,NA,1,KHAN,KHAN,TRUE
AAGL2023_048,J Wu,Jenny Wu,Jenny,https://orcid.org/0000-0003-1424-544X,5,WU,WU,TRUE
AAGL2023_049,CT Manning,C.T. Manning,C.T.,NA,4,MANNING,MANNING,TRUE
AAGL2023_050,K Denny,Kathryn Denny,Kathryn,NA,4,DENNY,DENNY,TRUE
AAGL2023_051,BM Fenske,BM Fenske,BM,NA,6,FENSKE,FENSKE,TRUE
AAGL2023_052,E Lehembre-Shiah,Eugénie Lehembre-Shiah,Eugénie,NA,5,LEHEMBRE-SHIAH,LEHEMBRE-SHIAH,TRUE
AAGL2023_053,M Sarofim,Mikhail Sarofim,Mikhail,https://orcid.org/0000-0002-5440-7426,7,SAROFIM,SAROFIM,TRUE
AAGL2023_054,J Wong,Jason Wong,Jason,https://orcid.org/0000-0003-2592-3226,6,WONG,WONG,TRUE
AAGL2023_055,V Marwah,V. Marwah,V.,https://orcid.org/0000-0002-5703-8742,5,MARWAH,MARWAH,TRUE
AAGL2023_056,KM Ciesielski,K. Ciesielski,K.,NA,4,CIESIELSKI,CIESIELSKI,TRUE
AAGL2023_057,I Chen,I Chen,I,NA,12,CHEN,CHEN,TRUE
AAGL2023_058,TM Muir,TM Muir,TM,NA,6,MUIR,MUIR,TRUE
AAGL2023_059,LD McCann,LD McCann,LD,NA,8,MCCANN,MCCANN,TRUE
AAGL2023_060,K Rakes,K Rakes,K,NA,3,RAKES,RAKES,TRUE
