abstract_id,orcid_id,orcid_role,orcid_department,orcid_org,orcid_n_works,orcid_career_stage,orcid_subspecialty,orcid_false_positive
AAGL2012_001,NA,NA,NA,NA,NA,NA,NA,FALSE
AAGL2012_002,0000-0003-1835-6315,Directeur de Recherche,PACEA - UMR 5199,Centre National de la Recherche Scientifique,70,NA,NA,FALSE
AAGL2012_003,0009-0008-2688-0882,Associate Professor,History,University of Nebraska–Lincoln,1,senior_faculty,NA,FALSE
AAGL2012_004,NA,NA,NA,NA,NA,NA,NA,FALSE
AAGL2012_005,NA,NA,NA,NA,NA,NA,NA,FALSE
AAGL2012_006,NA,NA,NA,NA,NA,NA,NA,FALSE
AAGL2012_007,NA,NA,NA,NA,NA,NA,NA,FALSE
AAGL2012_008,NA,NA,NA,NA,NA,NA,NA,FALSE
AAGL2012_009,NA,NA,NA,NA,NA,NA,NA,FALSE
AAGL2012_010,NA,NA,NA,NA,NA,NA,NA,FALSE
AAGL2012_011,NA,NA,NA,NA,NA,NA,NA,FALSE
AAGL2012_012,NA,NA,NA,NA,NA,NA,NA,FALSE
AAGL2012_013,NA,NA,NA,NA,NA,NA,NA,FALSE
AAGL2012_014,NA,NA,NA,NA,NA,NA,NA,FALSE
AAGL2012_015,NA,NA,NA,NA,NA,NA,NA,FALSE
AAGL2012_016,NA,NA,NA,NA,NA,NA,NA,FALSE
AAGL2012_017,NA,NA,NA,NA,NA,NA,NA,FALSE
AAGL2012_018,NA,NA,NA,NA,NA,NA,NA,FALSE
AAGL2012_019,NA,NA,NA,NA,NA,NA,NA,FALSE
AAGL2012_020,NA,NA,NA,NA,NA,NA,NA,FALSE
AAGL2012_021,NA,NA,NA,NA,NA,NA,NA,FALSE
AAGL2012_022,NA,NA,NA,NA,NA,NA,NA,FALSE
AAGL2012_023,NA,NA,NA,NA,NA,NA,NA,FALSE
AAGL2012_024,NA,NA,NA,NA,NA,NA,NA,FALSE
AAGL2012_025,NA,NA,NA,NA,NA,NA,NA,FALSE
AAGL2012_026,NA,NA,NA,NA,NA,NA,NA,FALSE
AAGL2012_027,NA,NA,NA,NA,NA,NA,NA,FALSE
AAGL2012_028,NA,NA,NA,NA,NA,NA,NA,FALSE
AAGL2012_029,NA,NA,NA,NA,NA,NA,NA,FALSE
AAGL2012_030,NA,NA,NA,NA,NA,NA,NA,FALSE
AAGL2012_031,NA,NA,NA,NA,NA,NA,NA,FALSE
AAGL2012_032,NA,NA,NA,NA,NA,NA,NA,FALSE
AAGL2012_033,NA,NA,NA,NA,NA,NA,NA,FALSE
AAGL2012_034,NA,NA,NA,NA,NA,NA,NA,FALSE
AAGL2012_035,0000-0002-8111-3896,CEO,NA,The Eye Cancer Foundation,393,NA,NA,FALSE
AAGL2012_036,NA,NA,NA,NA,NA,NA,NA,FALSE
AAGL2012_037,NA,NA,NA,NA,NA,NA,NA,FALSE
AAGL2012_038,0000-0001-9059-636X,NA,NA,NA,0,NA,NA,FALSE
AAGL2012_039,NA,NA,NA,NA,NA,NA,NA,FALSE
AAGL2012_040,NA,NA,NA,NA,NA,NA,NA,FALSE
AAGL2012_041,NA,NA,NA,NA,NA,NA,NA,FALSE
AAGL2012_042,NA,NA,NA,NA,NA,NA,NA,FALSE
AAGL2012_043,NA,NA,NA,NA,NA,NA,NA,FALSE
AAGL2012_044,NA,NA,NA,NA,NA,NA,NA,FALSE
AAGL2012_045,0009-0005-5685-7294,NA,NA,University of Connecticut,16,NA,NA,FALSE
AAGL2012_046,NA,NA,NA,NA,NA,NA,NA,FALSE
AAGL2012_047,NA,NA,NA,NA,NA,NA,NA,FALSE
AAGL2012_048,NA,NA,NA,NA,NA,NA,NA,FALSE
AAGL2012_049,NA,NA,NA,NA,NA,NA,NA,FALSE
AAGL2012_050,NA,NA,NA,NA,NA,NA,NA,FALSE
AAGL2012_051,NA,NA,NA,NA,NA,NA,NA,FALSE
AAGL2012_052,NA,NA,NA,NA,NA,NA,NA,FALSE
AAGL2012_053,NA,NA,NA,NA,NA,NA,NA,FALSE
AAGL2012_054,NA,NA,NA,NA,NA,NA,NA,FALSE
AAGL2012_055,NA,NA,NA,NA,NA,NA,NA,FALSE
AAGL2012_056,NA,NA,NA,NA,NA,NA,NA,FALSE
AAGL2012_057,NA,NA,NA,NA,NA,NA,NA,FALSE
AAGL2012_058,NA,NA,NA,NA,NA,NA,NA,FALSE
AAGL2012_059,NA,NA,NA,NA,NA,NA,NA,FALSE
AAGL2012_060,NA,NA,NA,NA,NA,NA,NA,FALSE
AAGL2012_061,NA,NA,NA,NA,NA,NA,NA,FALSE
AAGL2012_062,NA,NA,NA,NA,NA,NA,NA,FALSE
AAGL2012_063,NA,NA,NA,NA,NA,NA,NA,FALSE
AAGL2012_064,NA,NA,NA,NA,NA,NA,NA,FALSE
AAGL2012_065,NA,NA,NA,NA,NA,NA,NA,FALSE
AAGL2012_066,NA,NA,NA,NA,NA,NA,NA,FALSE
AAGL2012_067,NA,NA,NA,NA,NA,NA,NA,FALSE
AAGL2012_068,NA,NA,NA,NA,NA,NA,NA,FALSE
AAGL2012_069,NA,NA,NA,NA,NA,NA,NA,FALSE
AAGL2012_070,NA,NA,NA,NA,NA,NA,NA,FALSE
AAGL2012_071,NA,NA,NA,NA,NA,NA,NA,FALSE
AAGL2012_072,NA,NA,NA,NA,NA,NA,NA,FALSE
AAGL2012_073,NA,NA,NA,NA,NA,NA,NA,FALSE
AAGL2012_074,0009-0008-4451-6638,NA,NA,NA,0,NA,NA,FALSE
AAGL2012_075,NA,NA,NA,NA,NA,NA,NA,FALSE
AAGL2012_076,0000-0003-0627-5657,Senior Lecturer ,Faculty of Graduate Studies,University of Sri Jayewardenepura,3,early_faculty,NA,FALSE
AAGL2012_077,NA,NA,NA,NA,NA,NA,NA,FALSE
AAGL2012_078,NA,NA,NA,NA,NA,NA,NA,FALSE
AAGL2012_079,NA,NA,NA,NA,NA,NA,NA,FALSE
AAGL2012_080,0000-0002-3437-732X,NA,Blavatnik School of Government; IT Services; Oxford University Student Union,University of Oxford,0,student,NA,FALSE
AAGL2012_081,NA,NA,NA,NA,NA,NA,NA,FALSE
AAGL2012_082,NA,NA,NA,NA,NA,NA,NA,FALSE
AAGL2012_083,NA,NA,NA,NA,NA,NA,NA,FALSE
AAGL2012_084,NA,NA,NA,NA,NA,NA,NA,FALSE
AAGL2012_085,NA,NA,NA,NA,NA,NA,NA,FALSE
AAGL2012_086,NA,NA,NA,NA,NA,NA,NA,FALSE
AAGL2012_087,NA,NA,NA,NA,NA,NA,NA,FALSE
AAGL2012_088,NA,NA,NA,NA,NA,NA,NA,FALSE
AAGL2012_089,NA,NA,NA,NA,NA,NA,NA,FALSE
AAGL2012_090,NA,NA,NA,NA,NA,NA,NA,FALSE
AAGL2012_091,NA,NA,NA,NA,NA,NA,NA,FALSE
AAGL2012_092,NA,NA,NA,NA,NA,NA,NA,FALSE
AAGL2012_093,NA,NA,NA,NA,NA,NA,NA,FALSE
AAGL2012_094,NA,NA,NA,NA,NA,NA,NA,FALSE
AAGL2012_095,NA,NA,NA,NA,NA,NA,NA,FALSE
AAGL2013_001,NA,NA,NA,NA,NA,NA,NA,FALSE
AAGL2013_002,NA,NA,NA,NA,NA,NA,NA,FALSE
AAGL2013_003,NA,NA,NA,NA,NA,NA,NA,FALSE
AAGL2013_004,NA,NA,NA,NA,NA,NA,NA,FALSE
AAGL2013_005,NA,NA,NA,NA,NA,NA,NA,FALSE
AAGL2013_006,NA,NA,NA,NA,NA,NA,NA,FALSE
AAGL2013_007,NA,NA,NA,NA,NA,NA,NA,FALSE
AAGL2013_008,0000-0003-4336-1503,NA,NA,NA,0,NA,NA,FALSE
AAGL2013_009,0000-0002-1637-7270,NA,NA,NA,0,NA,NA,FALSE
AAGL2013_010,NA,NA,NA,NA,NA,NA,NA,FALSE
AAGL2013_011,NA,NA,NA,NA,NA,NA,NA,FALSE
AAGL2013_012,0009-0006-3637-6757,NA,NA,NA,0,NA,NA,FALSE
AAGL2013_013,0000-0003-1806-9033,NA,NA,NA,4,NA,NA,FALSE
AAGL2013_014,NA,NA,NA,NA,NA,NA,NA,FALSE
AAGL2013_015,NA,NA,NA,NA,NA,NA,NA,FALSE
AAGL2013_016,0000-0002-0279-4436,Profesor/Investigador,FACULTAD DE CIENCIAS QUIMICAS,Universidad Autónoma de Nuevo León,29,NA,NA,FALSE
AAGL2013_017,NA,NA,NA,NA,NA,NA,NA,FALSE
AAGL2013_018,NA,NA,NA,NA,NA,NA,NA,FALSE
AAGL2013_019,NA,NA,NA,NA,NA,NA,NA,FALSE
AAGL2013_020,NA,NA,NA,NA,NA,NA,NA,FALSE
AAGL2013_021,NA,NA,NA,NA,NA,NA,NA,FALSE
AAGL2013_022,NA,NA,NA,NA,NA,NA,NA,FALSE
AAGL2013_023,NA,NA,NA,NA,NA,NA,NA,FALSE
AAGL2013_024,NA,NA,NA,NA,NA,NA,NA,FALSE
AAGL2013_025,NA,NA,NA,NA,NA,NA,NA,FALSE
AAGL2013_026,NA,NA,NA,NA,NA,NA,NA,FALSE
AAGL2013_027,NA,NA,NA,NA,NA,NA,NA,FALSE
AAGL2013_028,0000-0003-4639-428X,Professor ,Devision of Mathematical Sciences  ,Tokyo Woman's Christian University ,0,senior_faculty,NA,FALSE
AAGL2013_029,NA,NA,NA,NA,NA,NA,NA,FALSE
AAGL2013_030,NA,NA,NA,NA,NA,NA,NA,FALSE
AAGL2013_031,NA,NA,NA,NA,NA,NA,NA,FALSE
AAGL2013_032,NA,NA,NA,NA,NA,NA,NA,FALSE
AAGL2013_033,NA,NA,NA,NA,NA,NA,NA,FALSE
AAGL2013_034,NA,NA,NA,NA,NA,NA,NA,FALSE
AAGL2013_035,NA,NA,NA,NA,NA,NA,NA,FALSE
AAGL2013_036,NA,NA,NA,NA,NA,NA,NA,FALSE
AAGL2013_037,NA,NA,NA,NA,NA,NA,NA,FALSE
AAGL2013_038,NA,NA,NA,NA,NA,NA,NA,FALSE
AAGL2013_039,NA,NA,NA,NA,NA,NA,NA,FALSE
AAGL2013_040,0009-0004-7545-3212,diseñador de juegos e investigador científico,NA,Center for Naval Analyses,0,NA,NA,FALSE
AAGL2013_041,NA,NA,NA,NA,NA,NA,NA,FALSE
AAGL2013_042,NA,NA,NA,NA,NA,NA,NA,FALSE
AAGL2013_043,NA,NA,NA,NA,NA,NA,NA,FALSE
AAGL2013_044,NA,NA,NA,NA,NA,NA,NA,FALSE
AAGL2013_045,NA,NA,NA,NA,NA,NA,NA,FALSE
AAGL2013_046,NA,NA,NA,NA,NA,NA,NA,FALSE
AAGL2013_047,NA,NA,NA,NA,NA,NA,NA,FALSE
AAGL2013_048,0009-0002-6717-2926,NA,NA,Hebei University of Chinese Medicine,0,NA,NA,FALSE
AAGL2013_049,NA,NA,NA,NA,NA,NA,NA,FALSE
AAGL2013_050,NA,NA,NA,NA,NA,NA,NA,FALSE
AAGL2013_052,NA,NA,NA,NA,NA,NA,NA,FALSE
AAGL2013_053,NA,NA,NA,NA,NA,NA,NA,FALSE
AAGL2013_054,NA,NA,NA,NA,NA,NA,NA,FALSE
AAGL2013_055,NA,NA,NA,NA,NA,NA,NA,FALSE
AAGL2013_056,NA,NA,NA,NA,NA,NA,NA,FALSE
AAGL2013_057,NA,NA,NA,NA,NA,NA,NA,FALSE
AAGL2013_058,NA,NA,NA,NA,NA,NA,NA,FALSE
AAGL2013_059,NA,NA,NA,NA,NA,NA,NA,FALSE
AAGL2013_060,NA,NA,NA,NA,NA,NA,NA,FALSE
AAGL2013_061,NA,NA,NA,NA,NA,NA,NA,FALSE
AAGL2013_062,NA,NA,NA,NA,NA,NA,NA,FALSE
AAGL2013_063,NA,NA,NA,NA,NA,NA,NA,FALSE
AAGL2013_064,NA,NA,NA,NA,NA,NA,NA,FALSE
AAGL2013_065,NA,NA,NA,NA,NA,NA,NA,FALSE
AAGL2013_066,NA,NA,NA,NA,NA,NA,NA,FALSE
AAGL2013_067,NA,NA,NA,NA,NA,NA,NA,FALSE
AAGL2013_068,NA,NA,NA,NA,NA,NA,NA,FALSE
AAGL2013_069,NA,NA,NA,NA,NA,NA,NA,FALSE
AAGL2013_070,NA,NA,NA,NA,NA,NA,NA,FALSE
AAGL2013_071,NA,NA,NA,NA,NA,NA,NA,FALSE
AAGL2013_072,NA,NA,NA,NA,NA,NA,NA,FALSE
AAGL2013_073,NA,NA,NA,NA,NA,NA,NA,FALSE
AAGL2013_074,NA,NA,NA,NA,NA,NA,NA,FALSE
AAGL2013_075,NA,NA,NA,NA,NA,NA,NA,FALSE
AAGL2013_076,0000-0003-2033-2427,NA,NA,NA,1,NA,NA,FALSE
AAGL2013_077,NA,NA,NA,NA,NA,NA,NA,FALSE
AAGL2013_078,NA,NA,NA,NA,NA,NA,NA,FALSE
AAGL2013_079,NA,NA,NA,NA,NA,NA,NA,FALSE
AAGL2013_080,NA,NA,NA,NA,NA,NA,NA,FALSE
AAGL2013_081,NA,NA,NA,NA,NA,NA,NA,FALSE
AAGL2013_082,NA,NA,NA,NA,NA,NA,NA,FALSE
AAGL2013_083,NA,NA,NA,NA,NA,NA,NA,FALSE
AAGL2013_084,NA,NA,NA,NA,NA,NA,NA,FALSE
AAGL2013_085,NA,NA,NA,NA,NA,NA,NA,FALSE
AAGL2013_086,NA,NA,NA,NA,NA,NA,NA,FALSE
AAGL2013_087,NA,NA,NA,NA,NA,NA,NA,FALSE
AAGL2013_088,0000-0001-5566-8479,NA,NA,NA,8,NA,NA,FALSE
AAGL2013_089,NA,NA,NA,NA,NA,NA,NA,FALSE
AAGL2013_090,NA,NA,NA,NA,NA,NA,NA,FALSE
AAGL2013_091,NA,NA,NA,NA,NA,NA,NA,FALSE
AAGL2013_092,NA,NA,NA,NA,NA,NA,NA,FALSE
AAGL2013_093,NA,NA,NA,NA,NA,NA,NA,FALSE
AAGL2013_094,NA,NA,NA,NA,NA,NA,NA,FALSE
AAGL2013_095,NA,NA,NA,NA,NA,NA,NA,FALSE
AAGL2013_096,NA,NA,NA,NA,NA,NA,NA,FALSE
AAGL2014_001,NA,NA,NA,NA,NA,NA,NA,FALSE
AAGL2014_002,NA,NA,NA,NA,NA,NA,NA,FALSE
AAGL2014_003,NA,NA,NA,NA,NA,NA,NA,FALSE
AAGL2014_004,NA,NA,NA,NA,NA,NA,NA,FALSE
AAGL2014_005,NA,NA,NA,NA,NA,NA,NA,FALSE
AAGL2014_006,NA,NA,NA,NA,NA,NA,NA,FALSE
AAGL2014_007,NA,NA,NA,NA,NA,NA,NA,FALSE
AAGL2014_008,NA,NA,NA,NA,NA,NA,NA,FALSE
AAGL2014_009,NA,NA,NA,NA,NA,NA,NA,FALSE
AAGL2014_010,NA,NA,NA,NA,NA,NA,NA,FALSE
AAGL2014_011,NA,NA,NA,NA,NA,NA,NA,FALSE
AAGL2014_012,0000-0003-1544-1207,NA,NA,NA,0,NA,NA,FALSE
AAGL2014_013,NA,NA,NA,NA,NA,NA,NA,FALSE
AAGL2014_014,NA,NA,NA,NA,NA,NA,NA,FALSE
AAGL2014_015,NA,NA,NA,NA,NA,NA,NA,FALSE
AAGL2014_016,NA,NA,NA,NA,NA,NA,NA,FALSE
AAGL2014_017,NA,NA,NA,NA,NA,NA,NA,FALSE
AAGL2014_018,0000-0002-0325-7317,NA,NA,NA,0,NA,NA,FALSE
AAGL2014_019,0000-0003-4856-6233,"Director, Translational Programs Outreach",Conrad Prebys Center for Chemical Genomics at Sanford Burnham Prebys Medical Discovery Institute,Sanford Burnham Prebys Medical Discovery Institute,0,senior_faculty,NA,FALSE
AAGL2014_020,NA,NA,NA,NA,NA,NA,NA,FALSE
AAGL2014_021,NA,NA,NA,NA,NA,NA,NA,FALSE
AAGL2014_022,NA,NA,NA,NA,NA,NA,NA,FALSE
AAGL2014_023,NA,NA,NA,NA,NA,NA,NA,FALSE
AAGL2014_024,NA,NA,NA,NA,NA,NA,NA,FALSE
AAGL2014_025,NA,NA,NA,NA,NA,NA,NA,FALSE
AAGL2014_026,NA,NA,NA,NA,NA,NA,NA,FALSE
AAGL2014_027,NA,NA,NA,NA,NA,NA,NA,FALSE
AAGL2014_028,NA,NA,NA,NA,NA,NA,NA,FALSE
AAGL2014_029,NA,NA,NA,NA,NA,NA,NA,FALSE
AAGL2014_030,NA,NA,NA,NA,NA,NA,NA,FALSE
AAGL2014_031,0000-0003-4701-0751,NA,NA,NA,0,NA,NA,FALSE
AAGL2014_032,NA,NA,NA,NA,NA,NA,NA,FALSE
AAGL2014_033,NA,NA,NA,NA,NA,NA,NA,FALSE
AAGL2014_034,NA,NA,NA,NA,NA,NA,NA,FALSE
AAGL2014_035,0009-0008-4451-6638,NA,NA,NA,0,NA,NA,FALSE
AAGL2014_036,NA,NA,NA,NA,NA,NA,NA,FALSE
AAGL2014_037,NA,NA,NA,NA,NA,NA,NA,FALSE
AAGL2014_038,NA,NA,NA,NA,NA,NA,NA,FALSE
AAGL2014_039,NA,NA,NA,NA,NA,NA,NA,FALSE
AAGL2014_040,NA,NA,NA,NA,NA,NA,NA,FALSE
AAGL2014_041,0000-0002-8545-3724,NA,NA,NA,3,NA,NA,FALSE
AAGL2014_043,NA,NA,NA,NA,NA,NA,NA,FALSE
AAGL2014_044,0000-0002-1903-891X,NA,NA,NA,28,NA,NA,FALSE
AAGL2014_045,NA,NA,NA,NA,NA,NA,NA,FALSE
AAGL2014_046,NA,NA,NA,NA,NA,NA,NA,FALSE
AAGL2014_047,NA,NA,NA,NA,NA,NA,NA,FALSE
AAGL2014_048,0000-0001-6394-1922,NA,NA,NA,3,NA,NA,FALSE
AAGL2014_049,NA,NA,NA,NA,NA,NA,NA,FALSE
AAGL2014_050,NA,NA,NA,NA,NA,NA,NA,FALSE
AAGL2014_051,NA,NA,NA,NA,NA,NA,NA,FALSE
AAGL2014_052,NA,NA,NA,NA,NA,NA,NA,FALSE
AAGL2014_053,NA,NA,NA,NA,NA,NA,NA,FALSE
AAGL2014_054,NA,NA,NA,NA,NA,NA,NA,FALSE
AAGL2014_055,NA,NA,NA,NA,NA,NA,NA,FALSE
AAGL2014_056,0009-0004-9609-9697,tutor,cbe,Australian National University,0,NA,NA,FALSE
AAGL2014_057,NA,NA,NA,NA,NA,NA,NA,FALSE
AAGL2014_058,NA,NA,NA,NA,NA,NA,NA,FALSE
AAGL2014_059,NA,NA,NA,NA,NA,NA,NA,FALSE
AAGL2014_060,NA,NA,NA,NA,NA,NA,NA,FALSE
AAGL2014_061,NA,NA,NA,NA,NA,NA,NA,FALSE
AAGL2014_062,NA,NA,NA,NA,NA,NA,NA,FALSE
AAGL2014_063,NA,NA,NA,NA,NA,NA,NA,FALSE
AAGL2014_064,NA,NA,NA,NA,NA,NA,NA,FALSE
AAGL2014_065,0000-0002-4434-2972,Coordenador de Dimensionamento,Departamento de Seleção e Desenvolvimento de Pessoas,Universidade do Estado do Rio de Janeiro,0,NA,NA,FALSE
AAGL2014_066,NA,NA,NA,NA,NA,NA,NA,FALSE
AAGL2014_067,NA,NA,NA,NA,NA,NA,NA,FALSE
AAGL2014_068,NA,NA,NA,NA,NA,NA,NA,FALSE
AAGL2014_069,NA,NA,NA,NA,NA,NA,NA,FALSE
AAGL2014_070,NA,NA,NA,NA,NA,NA,NA,FALSE
AAGL2014_071,NA,NA,NA,NA,NA,NA,NA,FALSE
AAGL2014_072,0009-0008-3899-895X,NA,NA,Ho Chi Minh City University of Science,1,NA,NA,FALSE
AAGL2014_073,NA,NA,NA,NA,NA,NA,NA,FALSE
AAGL2014_074,NA,NA,NA,NA,NA,NA,NA,FALSE
AAGL2014_075,NA,NA,NA,NA,NA,NA,NA,FALSE
AAGL2014_076,NA,NA,NA,NA,NA,NA,NA,FALSE
AAGL2014_077,NA,NA,NA,NA,NA,NA,NA,FALSE
AAGL2014_078,NA,NA,NA,NA,NA,NA,NA,FALSE
AAGL2014_079,NA,NA,NA,NA,NA,NA,NA,FALSE
AAGL2014_080,NA,NA,NA,NA,NA,NA,NA,FALSE
AAGL2014_081,NA,NA,NA,NA,NA,NA,NA,FALSE
AAGL2014_082,NA,NA,NA,NA,NA,NA,NA,FALSE
AAGL2014_083,NA,NA,NA,NA,NA,NA,NA,FALSE
AAGL2014_084,NA,NA,NA,NA,NA,NA,NA,FALSE
AAGL2014_085,NA,NA,NA,NA,NA,NA,NA,FALSE
AAGL2014_086,NA,NA,NA,NA,NA,NA,NA,FALSE
AAGL2014_087,0000-0002-4009-4473,NA,NA,NA,0,NA,NA,FALSE
AAGL2014_088,0000-0002-4390-3977,NA,NA,NA,0,NA,NA,FALSE
AAGL2014_089,NA,NA,NA,NA,NA,NA,NA,FALSE
AAGL2014_090,NA,NA,NA,NA,NA,NA,NA,FALSE
AAGL2014_091,NA,NA,NA,NA,NA,NA,NA,FALSE
AAGL2014_092,NA,NA,NA,NA,NA,NA,NA,FALSE
AAGL2014_093,NA,NA,NA,NA,NA,NA,NA,FALSE
AAGL2015_001,NA,NA,NA,NA,NA,NA,NA,FALSE
AAGL2015_002,NA,NA,NA,NA,NA,NA,NA,FALSE
AAGL2015_003,NA,NA,NA,NA,NA,NA,NA,FALSE
AAGL2015_004,NA,NA,NA,NA,NA,NA,NA,FALSE
AAGL2015_005,NA,NA,NA,NA,NA,NA,NA,FALSE
AAGL2015_006,NA,NA,NA,NA,NA,NA,NA,FALSE
AAGL2015_007,NA,NA,NA,NA,NA,NA,NA,FALSE
AAGL2015_008,NA,NA,NA,NA,NA,NA,NA,FALSE
AAGL2015_009,0009-0008-4451-6638,NA,NA,NA,0,NA,NA,FALSE
AAGL2015_010,0000-0002-7687-7816,NA,NA,NA,0,NA,NA,FALSE
AAGL2015_011,NA,NA,NA,NA,NA,NA,NA,FALSE
AAGL2015_012,NA,NA,NA,NA,NA,NA,NA,FALSE
AAGL2015_013,NA,NA,NA,NA,NA,NA,NA,FALSE
AAGL2015_014,NA,NA,NA,NA,NA,NA,NA,FALSE
AAGL2015_015,NA,NA,NA,NA,NA,NA,NA,FALSE
AAGL2015_016,NA,NA,NA,NA,NA,NA,NA,FALSE
AAGL2015_017,NA,NA,NA,NA,NA,NA,NA,FALSE
AAGL2015_018,NA,NA,NA,NA,NA,NA,NA,FALSE
AAGL2015_019,NA,NA,NA,NA,NA,NA,NA,FALSE
AAGL2015_020,NA,NA,NA,NA,NA,NA,NA,FALSE
AAGL2015_021,NA,NA,NA,NA,NA,NA,NA,FALSE
AAGL2015_022,NA,NA,NA,NA,NA,NA,NA,FALSE
AAGL2015_023,NA,NA,NA,NA,NA,NA,NA,FALSE
AAGL2015_024,NA,NA,NA,NA,NA,NA,NA,FALSE
AAGL2015_025,NA,NA,NA,NA,NA,NA,NA,FALSE
AAGL2015_026,NA,NA,NA,NA,NA,NA,NA,FALSE
AAGL2015_027,NA,NA,NA,NA,NA,NA,NA,FALSE
AAGL2015_028,NA,NA,NA,NA,NA,NA,NA,FALSE
AAGL2015_029,NA,NA,NA,NA,NA,NA,NA,FALSE
AAGL2015_030,NA,NA,NA,NA,NA,NA,NA,FALSE
AAGL2015_031,0009-0004-7052-1167,NA,NA,Qingdao Municipal Hospital,0,NA,NA,FALSE
AAGL2015_033,NA,NA,NA,NA,NA,NA,NA,FALSE
AAGL2015_034,NA,NA,NA,NA,NA,NA,NA,FALSE
AAGL2015_035,NA,NA,NA,NA,NA,NA,NA,FALSE
AAGL2015_036,NA,NA,NA,NA,NA,NA,NA,FALSE
AAGL2015_037,NA,NA,NA,NA,NA,NA,NA,FALSE
AAGL2015_038,NA,NA,NA,NA,NA,NA,NA,FALSE
AAGL2015_039,NA,NA,NA,NA,NA,NA,NA,FALSE
AAGL2015_040,NA,NA,NA,NA,NA,NA,NA,FALSE
AAGL2015_041,NA,NA,NA,NA,NA,NA,NA,FALSE
AAGL2015_042,NA,NA,NA,NA,NA,NA,NA,FALSE
AAGL2015_043,NA,NA,NA,NA,NA,NA,NA,FALSE
AAGL2015_044,NA,NA,NA,NA,NA,NA,NA,FALSE
AAGL2015_045,NA,NA,NA,NA,NA,NA,NA,FALSE
AAGL2015_046,0009-0003-9973-7271,Officer Research Support,Matters of Activity,Humboldt-Universität zu Berlin,0,NA,NA,FALSE
AAGL2015_047,NA,NA,NA,NA,NA,NA,NA,FALSE
AAGL2015_048,NA,NA,NA,NA,NA,NA,NA,FALSE
AAGL2015_049,NA,NA,NA,NA,NA,NA,NA,FALSE
AAGL2015_050,NA,NA,NA,NA,NA,NA,NA,FALSE
AAGL2015_051,NA,NA,NA,NA,NA,NA,NA,FALSE
AAGL2015_052,NA,NA,NA,NA,NA,NA,NA,FALSE
AAGL2015_053,NA,NA,NA,NA,NA,NA,NA,FALSE
AAGL2015_054,NA,NA,NA,NA,NA,NA,NA,FALSE
AAGL2015_055,NA,NA,NA,NA,NA,NA,NA,FALSE
AAGL2015_056,0009-0006-3882-3733,NA,NA,NA,1,NA,NA,FALSE
AAGL2015_057,0000-0003-0861-5117,NA,NA,NA,0,NA,NA,FALSE
AAGL2015_058,NA,NA,NA,NA,NA,NA,NA,FALSE
AAGL2015_059,NA,NA,NA,NA,NA,NA,NA,FALSE
AAGL2015_060,0000-0001-7946-7161,NA,NA,NA,0,NA,NA,FALSE
AAGL2015_061,0000-0002-3087-6770,NA,NA,NA,0,NA,NA,FALSE
AAGL2015_062,0000-0002-2395-8970,NA,NA,NA,0,NA,NA,FALSE
AAGL2015_063,NA,NA,NA,NA,NA,NA,NA,FALSE
AAGL2015_064,0009-0001-4483-2154,Graduate Student,Entomology,University of Wisconsin–Madison,4,student,NA,FALSE
AAGL2015_065,0000-0002-1025-4069,NA,NA,NA,0,NA,NA,FALSE
AAGL2015_066,NA,NA,NA,NA,NA,NA,NA,FALSE
AAGL2015_067,0000-0002-0280-9183,NA,NA,NA,0,NA,NA,FALSE
AAGL2015_068,NA,NA,NA,NA,NA,NA,NA,FALSE
AAGL2015_069,NA,NA,NA,NA,NA,NA,NA,FALSE
AAGL2015_070,NA,NA,NA,NA,NA,NA,NA,FALSE
AAGL2015_071,NA,NA,NA,NA,NA,NA,NA,FALSE
AAGL2015_072,0000-0001-8260-8922,NA,NA,NA,15,NA,NA,FALSE
AAGL2015_073,NA,NA,NA,NA,NA,NA,NA,FALSE
AAGL2015_074,NA,NA,NA,NA,NA,NA,NA,FALSE
AAGL2015_075,NA,NA,NA,NA,NA,NA,NA,FALSE
AAGL2015_076,NA,NA,NA,NA,NA,NA,NA,FALSE
AAGL2015_077,NA,NA,NA,NA,NA,NA,NA,FALSE
AAGL2015_078,NA,NA,NA,NA,NA,NA,NA,FALSE
AAGL2015_079,NA,NA,NA,NA,NA,NA,NA,FALSE
AAGL2015_080,NA,NA,NA,NA,NA,NA,NA,FALSE
AAGL2015_081,NA,NA,NA,NA,NA,NA,NA,FALSE
AAGL2015_082,0000-0002-0375-1630,NA,NA,NA,0,NA,NA,FALSE
AAGL2015_083,NA,NA,NA,NA,NA,NA,NA,FALSE
AAGL2015_084,NA,NA,NA,NA,NA,NA,NA,FALSE
AAGL2015_085,0000-0002-4390-3977,NA,NA,NA,0,NA,NA,FALSE
AAGL2015_086,NA,NA,NA,NA,NA,NA,NA,FALSE
AAGL2015_087,NA,NA,NA,NA,NA,NA,NA,FALSE
AAGL2015_088,NA,NA,NA,NA,NA,NA,NA,FALSE
AAGL2015_089,NA,NA,NA,NA,NA,NA,NA,FALSE
AAGL2015_090,NA,NA,NA,NA,NA,NA,NA,FALSE
AAGL2015_091,0000-0002-4658-326X,NA,NA,NA,0,NA,NA,FALSE
AAGL2015_092,NA,NA,NA,NA,NA,NA,NA,FALSE
AAGL2015_093,NA,NA,NA,NA,NA,NA,NA,FALSE
AAGL2015_094,NA,NA,NA,NA,NA,NA,NA,FALSE
AAGL2015_095,NA,NA,NA,NA,NA,NA,NA,FALSE
AAGL2016_001,NA,NA,NA,NA,NA,NA,NA,FALSE
AAGL2016_002,NA,NA,NA,NA,NA,NA,NA,FALSE
AAGL2016_003,NA,NA,NA,NA,NA,NA,NA,FALSE
AAGL2016_004,NA,NA,NA,NA,NA,NA,NA,FALSE
AAGL2016_005,0009-0006-3882-3733,NA,NA,NA,1,NA,NA,FALSE
AAGL2016_006,NA,NA,NA,NA,NA,NA,NA,FALSE
AAGL2016_007,NA,NA,NA,NA,NA,NA,NA,FALSE
AAGL2016_008,0000-0002-7687-7816,NA,NA,NA,0,NA,NA,FALSE
AAGL2016_009,NA,NA,NA,NA,NA,NA,NA,FALSE
AAGL2016_010,NA,NA,NA,NA,NA,NA,NA,FALSE
AAGL2016_011,NA,NA,NA,NA,NA,NA,NA,FALSE
AAGL2016_012,NA,NA,NA,NA,NA,NA,NA,FALSE
AAGL2016_013,NA,NA,NA,NA,NA,NA,NA,FALSE
AAGL2016_014,NA,NA,NA,NA,NA,NA,NA,FALSE
AAGL2016_015,0000-0002-8720-0114,Associate Professor,CBB,State University of Norte Fluminense,0,senior_faculty,NA,FALSE
AAGL2016_016,NA,NA,NA,NA,NA,NA,NA,FALSE
AAGL2016_017,0009-0001-3832-5738,NA,NA,NA,0,NA,NA,FALSE
AAGL2016_018,0000-0002-4674-692X,NA,NA,NA,0,NA,NA,FALSE
AAGL2016_019,NA,NA,NA,NA,NA,NA,NA,FALSE
AAGL2016_020,NA,NA,NA,NA,NA,NA,NA,FALSE
AAGL2016_021,NA,NA,NA,NA,NA,NA,NA,FALSE
AAGL2016_023,NA,NA,NA,NA,NA,NA,NA,FALSE
AAGL2016_024,NA,NA,NA,NA,NA,NA,NA,FALSE
AAGL2016_025,NA,NA,NA,NA,NA,NA,NA,FALSE
AAGL2016_026,NA,NA,NA,NA,NA,NA,NA,FALSE
AAGL2016_027,NA,NA,NA,NA,NA,NA,NA,FALSE
AAGL2016_028,0009-0008-8969-2651,PhD,Integrative Virology,Centre for Structural Systems Biology,3,NA,NA,FALSE
AAGL2016_029,0000-0002-9305-8142,NA,NA,NA,0,NA,NA,FALSE
AAGL2016_030,NA,NA,NA,NA,NA,NA,NA,FALSE
AAGL2016_031,NA,NA,NA,NA,NA,NA,NA,FALSE
AAGL2016_032,NA,NA,NA,NA,NA,NA,NA,FALSE
AAGL2016_033,NA,NA,NA,NA,NA,NA,NA,FALSE
AAGL2016_034,NA,NA,NA,NA,NA,NA,NA,FALSE
AAGL2016_035,0000-0002-9267-594X,NA,NA,NA,0,NA,NA,FALSE
AAGL2016_036,NA,NA,NA,NA,NA,NA,NA,FALSE
AAGL2016_037,NA,NA,NA,NA,NA,NA,NA,FALSE
AAGL2016_038,NA,NA,NA,NA,NA,NA,NA,FALSE
AAGL2016_039,NA,NA,NA,NA,NA,NA,NA,FALSE
AAGL2016_040,NA,NA,NA,NA,NA,NA,NA,FALSE
AAGL2016_041,NA,NA,NA,NA,NA,NA,NA,FALSE
AAGL2016_042,NA,NA,NA,NA,NA,NA,NA,FALSE
AAGL2016_043,NA,NA,NA,NA,NA,NA,NA,FALSE
AAGL2016_044,NA,NA,NA,NA,NA,NA,NA,FALSE
AAGL2016_045,NA,NA,NA,NA,NA,NA,NA,FALSE
AAGL2016_046,NA,NA,NA,NA,NA,NA,NA,FALSE
AAGL2016_047,NA,NA,NA,NA,NA,NA,NA,FALSE
AAGL2016_048,NA,NA,NA,NA,NA,NA,NA,FALSE
AAGL2016_049,0000-0002-6440-7112,Faculty and Principle Investigator,Biology and Center for Field Biology,Austin Peay State University,10,NA,NA,FALSE
AAGL2016_050,NA,NA,NA,NA,NA,NA,NA,FALSE
AAGL2016_051,NA,NA,NA,NA,NA,NA,NA,FALSE
AAGL2016_052,NA,NA,NA,NA,NA,NA,NA,FALSE
AAGL2016_053,NA,NA,NA,NA,NA,NA,NA,FALSE
AAGL2016_054,NA,NA,NA,NA,NA,NA,NA,FALSE
AAGL2016_055,NA,NA,NA,NA,NA,NA,NA,FALSE
AAGL2016_056,NA,NA,NA,NA,NA,NA,NA,FALSE
AAGL2016_057,NA,NA,NA,NA,NA,NA,NA,FALSE
AAGL2016_058,NA,NA,NA,NA,NA,NA,NA,FALSE
AAGL2016_059,NA,NA,NA,NA,NA,NA,NA,FALSE
AAGL2016_060,NA,NA,NA,NA,NA,NA,NA,FALSE
AAGL2016_061,NA,NA,NA,NA,NA,NA,NA,FALSE
AAGL2016_062,NA,NA,NA,NA,NA,NA,NA,FALSE
AAGL2016_063,NA,NA,NA,NA,NA,NA,NA,FALSE
AAGL2016_064,NA,NA,NA,NA,NA,NA,NA,FALSE
AAGL2016_065,0000-0002-0997-0295,Professor of Physiology,Basic Science,Loma Linda University,43,senior_faculty,NA,FALSE
AAGL2016_066,0000-0003-4795-5843,Senior Principal Scientist,NA,Singapore Institute of Manufacturing Technology,61,NA,NA,FALSE
AAGL2016_067,NA,NA,NA,NA,NA,NA,NA,FALSE
AAGL2016_068,0000-0001-6781-7558,NA,NA,NA,3,NA,NA,FALSE
AAGL2016_069,NA,NA,NA,NA,NA,NA,NA,FALSE
AAGL2016_070,NA,NA,NA,NA,NA,NA,NA,FALSE
AAGL2016_071,NA,NA,NA,NA,NA,NA,NA,FALSE
AAGL2016_072,NA,NA,NA,NA,NA,NA,NA,FALSE
AAGL2016_073,0000-0002-3385-0242,NA,NA,NA,0,NA,NA,FALSE
AAGL2016_074,0000-0002-4854-8193,NA,NA,NA,0,NA,NA,FALSE
AAGL2016_075,NA,NA,NA,NA,NA,NA,NA,FALSE
AAGL2016_076,0009-0004-7390-3689,PhD Student,"School of Naval Architecture, Ocean & Civil Engineering",Shanghai Jiao Tong University,0,student,NA,FALSE
AAGL2016_077,NA,NA,NA,NA,NA,NA,NA,FALSE
AAGL2016_078,NA,NA,NA,NA,NA,NA,NA,FALSE
AAGL2016_079,0000-0002-5473-5382,Faculty,School of Social Sciences,Singapore Management University,20,NA,NA,FALSE
AAGL2016_080,NA,NA,NA,NA,NA,NA,NA,FALSE
AAGL2016_081,NA,NA,NA,NA,NA,NA,NA,FALSE
AAGL2016_082,NA,NA,NA,NA,NA,NA,NA,FALSE
AAGL2016_083,NA,NA,NA,NA,NA,NA,NA,FALSE
AAGL2016_084,0000-0001-8860-9555,NA,NA,NA,0,NA,NA,FALSE
AAGL2016_085,NA,NA,NA,NA,NA,NA,NA,FALSE
AAGL2016_086,NA,NA,NA,NA,NA,NA,NA,FALSE
AAGL2016_087,NA,NA,NA,NA,NA,NA,NA,FALSE
AAGL2016_088,NA,NA,NA,NA,NA,NA,NA,FALSE
AAGL2016_089,NA,NA,NA,NA,NA,NA,NA,FALSE
AAGL2016_090,NA,NA,NA,NA,NA,NA,NA,FALSE
AAGL2016_091,NA,NA,NA,NA,NA,NA,NA,FALSE
AAGL2016_092,NA,NA,NA,NA,NA,NA,NA,FALSE
AAGL2016_093,NA,NA,NA,NA,NA,NA,NA,FALSE
AAGL2016_094,NA,NA,NA,NA,NA,NA,NA,FALSE
AAGL2016_095,NA,NA,NA,NA,NA,NA,NA,FALSE
AAGL2016_096,NA,NA,NA,NA,NA,NA,NA,FALSE
AAGL2017_001,0009-0008-7792-5999,NA,NA,NA,0,NA,NA,FALSE
AAGL2017_002,NA,NA,NA,NA,NA,NA,NA,FALSE
AAGL2017_003,NA,NA,NA,NA,NA,NA,NA,FALSE
AAGL2017_004,NA,NA,NA,NA,NA,NA,NA,FALSE
AAGL2017_005,NA,NA,NA,NA,NA,NA,NA,FALSE
AAGL2017_006,NA,NA,NA,NA,NA,NA,NA,FALSE
AAGL2017_007,NA,NA,NA,NA,NA,NA,NA,FALSE
AAGL2017_008,NA,NA,NA,NA,NA,NA,NA,FALSE
AAGL2017_009,0000-0002-2375-867X,NA,NA,NA,0,NA,NA,FALSE
AAGL2017_010,0009-0008-4451-6638,NA,NA,NA,0,NA,NA,FALSE
AAGL2017_011,0009-0004-7407-5782,NA,College of Veterinary Medicine,University of Wasit,2,NA,NA,FALSE
AAGL2017_012,0000-0001-7227-0083,NA,NA,NA,0,NA,NA,FALSE
AAGL2017_013,NA,NA,NA,NA,NA,NA,NA,FALSE
AAGL2017_014,NA,NA,NA,NA,NA,NA,NA,FALSE
AAGL2017_015,NA,NA,NA,NA,NA,NA,NA,FALSE
AAGL2017_016,0000-0002-8079-7253,NA,NA,NA,163,NA,NA,FALSE
AAGL2017_017,0000-0003-1544-1207,NA,NA,NA,0,NA,NA,FALSE
AAGL2017_018,NA,NA,NA,NA,NA,NA,NA,FALSE
AAGL2017_019,NA,NA,NA,NA,NA,NA,NA,FALSE
AAGL2017_020,NA,NA,NA,NA,NA,NA,NA,FALSE
AAGL2017_021,NA,NA,NA,NA,NA,NA,NA,FALSE
AAGL2017_022,0000-0001-6213-3579,NA,NA,NA,0,NA,NA,FALSE
AAGL2017_023,NA,NA,NA,NA,NA,NA,NA,FALSE
AAGL2017_024,NA,NA,NA,NA,NA,NA,NA,FALSE
AAGL2017_025,NA,NA,NA,NA,NA,NA,NA,FALSE
AAGL2017_026,0000-0001-9367-3009,NA,NA,NA,7,NA,NA,FALSE
AAGL2017_027,NA,NA,NA,NA,NA,NA,NA,FALSE
AAGL2017_028,NA,NA,NA,NA,NA,NA,NA,FALSE
AAGL2017_029,NA,NA,NA,NA,NA,NA,NA,FALSE
AAGL2017_030,NA,NA,NA,NA,NA,NA,NA,FALSE
AAGL2017_031,NA,NA,NA,NA,NA,NA,NA,FALSE
AAGL2017_032,0000-0003-3872-9924,NA,NA,Beijing University of Chemical Technology,2,NA,NA,FALSE
AAGL2017_033,NA,NA,NA,NA,NA,NA,NA,FALSE
AAGL2017_034,NA,NA,NA,NA,NA,NA,NA,FALSE
AAGL2017_035,NA,NA,NA,NA,NA,NA,NA,FALSE
AAGL2017_036,NA,NA,NA,NA,NA,NA,NA,FALSE
AAGL2017_037,NA,NA,NA,NA,NA,NA,NA,FALSE
AAGL2017_038,NA,NA,NA,NA,NA,NA,NA,FALSE
AAGL2017_039,NA,NA,NA,NA,NA,NA,NA,FALSE
AAGL2017_040,NA,NA,NA,NA,NA,NA,NA,FALSE
AAGL2017_041,NA,NA,NA,NA,NA,NA,NA,FALSE
AAGL2017_042,NA,NA,NA,NA,NA,NA,NA,FALSE
AAGL2017_043,NA,NA,NA,NA,NA,NA,NA,FALSE
AAGL2017_044,NA,NA,NA,NA,NA,NA,NA,FALSE
AAGL2017_045,NA,NA,NA,NA,NA,NA,NA,FALSE
AAGL2017_046,0000-0002-9751-183X,NA,NA,NA,0,NA,NA,FALSE
AAGL2017_047,NA,NA,NA,NA,NA,NA,NA,FALSE
AAGL2017_048,NA,NA,NA,NA,NA,NA,NA,FALSE
AAGL2017_049,NA,NA,NA,NA,NA,NA,NA,FALSE
AAGL2017_050,NA,NA,NA,NA,NA,NA,NA,FALSE
AAGL2017_051,NA,NA,NA,NA,NA,NA,NA,FALSE
AAGL2017_052,NA,NA,NA,NA,NA,NA,NA,FALSE
AAGL2017_053,NA,NA,NA,NA,NA,NA,NA,FALSE
AAGL2017_054,0009-0005-2483-9534,teacher,SCHOOLOF FOOD AND BIOLOGICAL ENGINEERING,Hefei University of Technology,0,NA,NA,FALSE
AAGL2017_055,NA,NA,NA,NA,NA,NA,NA,FALSE
AAGL2017_056,NA,NA,NA,NA,NA,NA,NA,FALSE
AAGL2017_057,NA,NA,NA,NA,NA,NA,NA,FALSE
AAGL2017_058,NA,NA,NA,NA,NA,NA,NA,FALSE
AAGL2017_059,NA,NA,NA,NA,NA,NA,NA,FALSE
AAGL2017_060,NA,NA,NA,NA,NA,NA,NA,FALSE
AAGL2017_061,NA,NA,NA,NA,NA,NA,NA,FALSE
AAGL2017_062,NA,NA,NA,NA,NA,NA,NA,FALSE
AAGL2017_063,NA,NA,NA,NA,NA,NA,NA,FALSE
AAGL2017_064,0000-0001-8235-9823,NA,NA,NA,0,NA,NA,FALSE
AAGL2017_065,NA,NA,NA,NA,NA,NA,NA,FALSE
AAGL2017_066,NA,NA,NA,NA,NA,NA,NA,FALSE
AAGL2017_067,0009-0006-9078-3425,Professor,Nursing,Universitas Syiah Kuala,0,senior_faculty,NA,FALSE
AAGL2017_068,NA,NA,NA,NA,NA,NA,NA,FALSE
AAGL2017_069,NA,NA,NA,NA,NA,NA,NA,FALSE
AAGL2017_070,NA,NA,NA,NA,NA,NA,NA,FALSE
AAGL2017_071,0009-0003-8787-6397,NA,NA,NA,0,NA,NA,FALSE
AAGL2017_072,0009-0006-5921-5964,NA,NA,NA,0,NA,NA,FALSE
AAGL2017_073,NA,NA,NA,NA,NA,NA,NA,FALSE
AAGL2017_074,0009-0006-8936-3220,NA,NA,NA,0,NA,NA,FALSE
AAGL2017_075,NA,NA,NA,NA,NA,NA,NA,FALSE
AAGL2017_076,0009-0009-8332-6009,NA,NA,NA,0,NA,NA,FALSE
AAGL2017_077,0000-0002-7687-7816,NA,NA,NA,0,NA,NA,FALSE
AAGL2017_078,0000-0003-1216-6430,NA,NA,NA,4,NA,NA,FALSE
AAGL2017_079,NA,NA,NA,NA,NA,NA,NA,FALSE
AAGL2017_080,NA,NA,NA,NA,NA,NA,NA,FALSE
AAGL2017_081,NA,NA,NA,NA,NA,NA,NA,FALSE
AAGL2017_082,NA,NA,NA,NA,NA,NA,NA,FALSE
AAGL2017_083,NA,NA,NA,NA,NA,NA,NA,FALSE
AAGL2017_084,NA,NA,NA,NA,NA,NA,NA,FALSE
AAGL2017_085,0009-0003-3151-8320,NA,NA,Gomel State Medical University,0,NA,NA,FALSE
AAGL2017_086,NA,NA,NA,NA,NA,NA,NA,FALSE
AAGL2017_087,NA,NA,NA,NA,NA,NA,NA,FALSE
AAGL2017_088,NA,NA,NA,NA,NA,NA,NA,FALSE
AAGL2017_089,NA,NA,NA,NA,NA,NA,NA,FALSE
AAGL2017_090,NA,NA,NA,NA,NA,NA,NA,FALSE
AAGL2017_091,NA,NA,NA,NA,NA,NA,NA,FALSE
AAGL2017_092,0000-0003-0763-9387,Higher Scientist,Atmospheric Environmental Sciences,National Physical Laboratory,5,NA,NA,FALSE
AAGL2017_093,NA,NA,NA,NA,NA,NA,NA,FALSE
AAGL2017_094,NA,NA,NA,NA,NA,NA,NA,FALSE
AAGL2017_095,NA,NA,NA,NA,NA,NA,NA,FALSE
AAGL2017_096,NA,NA,NA,NA,NA,NA,NA,FALSE
AAGL2017_097,NA,NA,NA,NA,NA,NA,NA,FALSE
AAGL2018_001,NA,NA,NA,NA,NA,NA,NA,FALSE
AAGL2018_002,NA,NA,NA,NA,NA,NA,NA,FALSE
AAGL2018_003,NA,NA,NA,NA,NA,NA,NA,FALSE
AAGL2018_004,0000-0001-9574-6793,NA,NA,NA,0,NA,NA,FALSE
AAGL2018_005,0009-0009-9728-8736,Health Science Specialist,NA,United States Department of Veterans Affairs,0,NA,NA,FALSE
AAGL2018_006,0009-0009-9728-8736,Health Science Specialist,NA,United States Department of Veterans Affairs,0,NA,NA,FALSE
AAGL2018_007,0009-0008-4451-6638,NA,NA,NA,0,NA,NA,FALSE
AAGL2018_008,NA,NA,NA,NA,NA,NA,NA,FALSE
AAGL2018_009,NA,NA,NA,NA,NA,NA,NA,FALSE
AAGL2018_010,NA,NA,NA,NA,NA,NA,NA,FALSE
AAGL2018_011,NA,NA,NA,NA,NA,NA,NA,FALSE
AAGL2018_012,NA,NA,NA,NA,NA,NA,NA,FALSE
AAGL2018_013,0000-0002-8432-0831,NA,NA,NA,0,NA,NA,FALSE
AAGL2018_014,NA,NA,NA,NA,NA,NA,NA,FALSE
AAGL2018_015,0000-0003-4154-6280,NA,NA,NA,0,NA,NA,FALSE
AAGL2018_016,NA,NA,NA,NA,NA,NA,NA,FALSE
AAGL2018_017,NA,NA,NA,NA,NA,NA,NA,FALSE
AAGL2018_018,NA,NA,NA,NA,NA,NA,NA,FALSE
AAGL2018_019,NA,NA,NA,NA,NA,NA,NA,FALSE
AAGL2018_020,0000-0003-1462-4730,NA,NA,NA,5,NA,NA,FALSE
AAGL2018_021,NA,NA,NA,NA,NA,NA,NA,FALSE
AAGL2018_022,NA,NA,NA,NA,NA,NA,NA,FALSE
AAGL2018_023,0000-0002-3053-8384,NA,NA,NA,0,NA,NA,FALSE
AAGL2018_024,NA,NA,NA,NA,NA,NA,NA,FALSE
AAGL2018_025,NA,NA,NA,NA,NA,NA,NA,FALSE
AAGL2018_026,0000-0002-1903-891X,NA,NA,NA,28,NA,NA,FALSE
AAGL2018_027,NA,NA,NA,NA,NA,NA,NA,FALSE
AAGL2018_028,NA,NA,NA,NA,NA,NA,NA,FALSE
AAGL2018_029,NA,NA,NA,NA,NA,NA,NA,FALSE
AAGL2018_030,NA,NA,NA,NA,NA,NA,NA,FALSE
AAGL2018_031,NA,NA,NA,NA,NA,NA,NA,FALSE
AAGL2018_032,0000-0002-9542-728X,Professora Adjunta,Graduação em Medicina,Centro Universitário UNIPÊ,2,senior_faculty,NA,FALSE
AAGL2018_033,NA,NA,NA,NA,NA,NA,NA,FALSE
AAGL2018_034,0000-0001-6859-5272,NA,NA,NA,0,NA,NA,FALSE
AAGL2018_035,NA,NA,NA,NA,NA,NA,NA,FALSE
AAGL2018_036,0009-0008-4451-6638,NA,NA,NA,0,NA,NA,FALSE
AAGL2018_037,NA,NA,NA,NA,NA,NA,NA,FALSE
AAGL2018_038,NA,NA,NA,NA,NA,NA,NA,FALSE
AAGL2018_039,NA,NA,NA,NA,NA,NA,NA,FALSE
AAGL2018_040,NA,NA,NA,NA,NA,NA,NA,FALSE
AAGL2018_041,NA,NA,NA,NA,NA,NA,NA,FALSE
AAGL2018_042,NA,NA,NA,NA,NA,NA,NA,FALSE
AAGL2018_043,0000-0003-2666-6989,Assistant Professor,Sociology/Anthropology ,Fordham University,8,early_faculty,NA,FALSE
AAGL2018_044,0000-0003-1117-3217,NA,NA,Jangjeon Research Institute for Mathematics andPhysics,0,NA,NA,FALSE
AAGL2018_045,0000-0001-8375-7049,NA,NA,NA,0,NA,NA,FALSE
AAGL2018_046,NA,NA,NA,NA,NA,NA,NA,FALSE
AAGL2018_047,NA,NA,NA,NA,NA,NA,NA,FALSE
AAGL2018_048,NA,NA,NA,NA,NA,NA,NA,FALSE
AAGL2018_049,NA,NA,NA,NA,NA,NA,NA,FALSE
AAGL2018_050,NA,NA,NA,NA,NA,NA,NA,FALSE
AAGL2018_051,NA,NA,NA,NA,NA,NA,NA,FALSE
AAGL2018_052,NA,NA,NA,NA,NA,NA,NA,FALSE
AAGL2018_053,NA,NA,NA,NA,NA,NA,NA,FALSE
AAGL2018_054,NA,NA,NA,NA,NA,NA,NA,FALSE
AAGL2018_055,NA,NA,NA,NA,NA,NA,NA,FALSE
AAGL2018_056,NA,NA,NA,NA,NA,NA,NA,FALSE
AAGL2018_057,NA,NA,NA,NA,NA,NA,NA,FALSE
AAGL2018_058,NA,NA,NA,NA,NA,NA,NA,FALSE
AAGL2018_059,NA,NA,NA,NA,NA,NA,NA,FALSE
AAGL2018_060,NA,NA,NA,NA,NA,NA,NA,FALSE
AAGL2018_061,NA,NA,NA,NA,NA,NA,NA,FALSE
AAGL2018_062,NA,NA,NA,NA,NA,NA,NA,FALSE
AAGL2018_063,NA,NA,NA,NA,NA,NA,NA,FALSE
AAGL2018_064,NA,NA,NA,NA,NA,NA,NA,FALSE
AAGL2018_065,0000-0003-2235-2480,NA,NA,NA,1,NA,NA,FALSE
AAGL2018_066,NA,NA,NA,NA,NA,NA,NA,FALSE
AAGL2018_067,NA,NA,NA,NA,NA,NA,NA,FALSE
AAGL2018_068,0000-0002-6172-5860,Clinical Assistant Professor ,Obstetrics and Gynecology,Kangbuk Samsung Hospital,34,early_faculty,obstetrics,FALSE
AAGL2018_069,NA,NA,NA,NA,NA,NA,NA,FALSE
AAGL2018_070,NA,NA,NA,NA,NA,NA,NA,FALSE
AAGL2018_071,0009-0004-2971-0505,NA,NA,NA,0,NA,NA,FALSE
AAGL2018_072,NA,NA,NA,NA,NA,NA,NA,FALSE
AAGL2018_073,0000-0003-0181-5909,NA,NA,NA,0,NA,NA,FALSE
AAGL2018_074,NA,NA,NA,NA,NA,NA,NA,FALSE
AAGL2018_075,NA,NA,NA,NA,NA,NA,NA,FALSE
AAGL2018_076,NA,NA,NA,NA,NA,NA,NA,FALSE
AAGL2018_077,NA,NA,NA,NA,NA,NA,NA,FALSE
AAGL2018_078,0000-0003-1443-0880,NA,NA,NA,0,NA,NA,FALSE
AAGL2018_079,0000-0002-0919-8995,NA,NA,NA,0,NA,NA,FALSE
AAGL2018_080,NA,NA,NA,NA,NA,NA,NA,FALSE
AAGL2018_081,NA,NA,NA,NA,NA,NA,NA,FALSE
AAGL2018_082,NA,NA,NA,NA,NA,NA,NA,FALSE
AAGL2018_083,NA,NA,NA,NA,NA,NA,NA,FALSE
AAGL2018_084,NA,NA,NA,NA,NA,NA,NA,FALSE
AAGL2018_085,NA,NA,NA,NA,NA,NA,NA,FALSE
AAGL2018_086,NA,NA,NA,NA,NA,NA,NA,FALSE
AAGL2018_087,NA,NA,NA,NA,NA,NA,NA,FALSE
AAGL2018_088,NA,NA,NA,NA,NA,NA,NA,FALSE
AAGL2018_089,NA,NA,NA,NA,NA,NA,NA,FALSE
AAGL2018_090,NA,NA,NA,NA,NA,NA,NA,FALSE
AAGL2018_091,NA,NA,NA,NA,NA,NA,NA,FALSE
AAGL2018_092,NA,NA,NA,NA,NA,NA,NA,FALSE
AAGL2018_093,NA,NA,NA,NA,NA,NA,NA,FALSE
AAGL2018_094,NA,NA,NA,NA,NA,NA,NA,FALSE
AAGL2018_095,NA,NA,NA,NA,NA,NA,NA,FALSE
AAGL2019_001,NA,NA,NA,NA,NA,NA,NA,FALSE
AAGL2019_002,NA,NA,NA,NA,NA,NA,NA,FALSE
AAGL2019_003,0009-0000-2993-9810,NA,NA,NA,0,NA,NA,FALSE
AAGL2019_004,NA,NA,NA,NA,NA,NA,NA,FALSE
AAGL2019_005,NA,NA,NA,NA,NA,NA,NA,FALSE
AAGL2019_006,NA,NA,NA,NA,NA,NA,NA,FALSE
AAGL2019_007,NA,NA,NA,NA,NA,NA,NA,FALSE
AAGL2019_008,0009-0002-0085-3153,NA,NA,University of Electronic Science and Technology of China,0,NA,NA,FALSE
AAGL2019_009,NA,NA,NA,NA,NA,NA,NA,FALSE
AAGL2019_010,NA,NA,NA,NA,NA,NA,NA,FALSE
AAGL2019_011,NA,NA,NA,NA,NA,NA,NA,FALSE
AAGL2019_012,0000-0002-3222-1989,NA,NA,NA,4,NA,NA,FALSE
AAGL2019_013,NA,NA,NA,NA,NA,NA,NA,FALSE
AAGL2019_014,NA,NA,NA,NA,NA,NA,NA,FALSE
AAGL2019_015,NA,NA,NA,NA,NA,NA,NA,FALSE
AAGL2019_016,NA,NA,NA,NA,NA,NA,NA,FALSE
AAGL2019_017,NA,NA,NA,NA,NA,NA,NA,FALSE
AAGL2019_018,0000-0002-3434-2039,NA,NA,NA,0,NA,NA,FALSE
AAGL2019_019,NA,NA,NA,NA,NA,NA,NA,FALSE
AAGL2019_020,NA,NA,NA,NA,NA,NA,NA,FALSE
AAGL2019_021,NA,NA,NA,NA,NA,NA,NA,FALSE
AAGL2019_022,NA,NA,NA,NA,NA,NA,NA,FALSE
AAGL2019_023,NA,NA,NA,NA,NA,NA,NA,FALSE
AAGL2019_024,NA,NA,NA,NA,NA,NA,NA,FALSE
AAGL2019_025,0009-0003-3858-5550,NA,NA,NA,0,NA,NA,FALSE
AAGL2019_026,0009-0006-0368-514X,NA,School of Environmental Engineering,Wuhan Textile University,0,NA,NA,FALSE
AAGL2019_027,NA,NA,NA,NA,NA,NA,NA,FALSE
AAGL2019_028,NA,NA,NA,NA,NA,NA,NA,FALSE
AAGL2019_029,NA,NA,NA,NA,NA,NA,NA,FALSE
AAGL2019_030,NA,NA,NA,NA,NA,NA,NA,FALSE
AAGL2019_031,NA,NA,NA,NA,NA,NA,NA,FALSE
AAGL2019_032,NA,NA,NA,NA,NA,NA,NA,FALSE
AAGL2019_033,NA,NA,NA,NA,NA,NA,NA,FALSE
AAGL2019_034,NA,NA,NA,NA,NA,NA,NA,FALSE
AAGL2019_035,NA,NA,NA,NA,NA,NA,NA,FALSE
AAGL2019_036,NA,NA,NA,NA,NA,NA,NA,FALSE
AAGL2019_037,NA,NA,NA,NA,NA,NA,NA,FALSE
AAGL2019_038,NA,NA,NA,NA,NA,NA,NA,FALSE
AAGL2019_039,NA,NA,NA,NA,NA,NA,NA,FALSE
AAGL2019_040,NA,NA,NA,NA,NA,NA,NA,FALSE
AAGL2019_041,0000-0003-4449-2898,NA,NA,NA,0,NA,NA,FALSE
AAGL2019_042,NA,NA,NA,NA,NA,NA,NA,FALSE
AAGL2019_043,NA,NA,NA,NA,NA,NA,NA,FALSE
AAGL2019_044,NA,NA,NA,NA,NA,NA,NA,FALSE
AAGL2019_045,NA,NA,NA,NA,NA,NA,NA,FALSE
AAGL2019_046,NA,NA,NA,NA,NA,NA,NA,FALSE
AAGL2019_047,NA,NA,NA,NA,NA,NA,NA,FALSE
AAGL2019_048,NA,NA,NA,NA,NA,NA,NA,FALSE
AAGL2019_049,0009-0002-3076-3343,NA,NA,Purdue University West Lafayette,2,NA,NA,FALSE
AAGL2019_050,NA,NA,NA,NA,NA,NA,NA,FALSE
AAGL2019_051,NA,NA,NA,NA,NA,NA,NA,FALSE
AAGL2019_052,NA,NA,NA,NA,NA,NA,NA,FALSE
AAGL2019_053,0009-0000-2993-9810,NA,NA,NA,0,NA,NA,FALSE
AAGL2019_054,NA,NA,NA,NA,NA,NA,NA,FALSE
AAGL2019_055,NA,NA,NA,NA,NA,NA,NA,FALSE
AAGL2019_056,NA,NA,NA,NA,NA,NA,NA,FALSE
AAGL2019_057,NA,NA,NA,NA,NA,NA,NA,FALSE
AAGL2019_058,0009-0003-4695-5662,NA,NA,NA,0,NA,NA,FALSE
AAGL2019_059,NA,NA,NA,NA,NA,NA,NA,FALSE
AAGL2019_060,NA,NA,NA,NA,NA,NA,NA,FALSE
AAGL2019_061,NA,NA,NA,NA,NA,NA,NA,FALSE
AAGL2019_062,0000-0001-9376-930X,Interventional Cardiology and Structural Heart Disease,Division of Cardiology,UMass Memorial Medical Center,0,NA,NA,FALSE
AAGL2019_063,NA,NA,NA,NA,NA,NA,NA,FALSE
AAGL2019_064,NA,NA,NA,NA,NA,NA,NA,FALSE
AAGL2019_065,NA,NA,NA,NA,NA,NA,NA,FALSE
AAGL2019_066,0000-0001-7812-3893,NA,NA,NA,7,NA,NA,FALSE
AAGL2019_067,0009-0000-4554-1466,NA,NA,NA,0,NA,NA,FALSE
AAGL2019_068,NA,NA,NA,NA,NA,NA,NA,FALSE
AAGL2019_069,NA,NA,NA,NA,NA,NA,NA,FALSE
AAGL2019_070,NA,NA,NA,NA,NA,NA,NA,FALSE
AAGL2019_071,0000-0002-4454-2472,NA,NA,NA,13,NA,NA,FALSE
AAGL2019_072,0000-0002-1903-891X,NA,NA,NA,28,NA,NA,FALSE
AAGL2019_073,0000-0002-9725-0713,Professor,Marine Biology,Universidad Veracruzana,15,senior_faculty,NA,FALSE
AAGL2019_074,NA,NA,NA,NA,NA,NA,NA,FALSE
AAGL2019_075,NA,NA,NA,NA,NA,NA,NA,FALSE
AAGL2019_076,NA,NA,NA,NA,NA,NA,NA,FALSE
AAGL2019_077,NA,NA,NA,NA,NA,NA,NA,FALSE
AAGL2019_078,NA,NA,NA,NA,NA,NA,NA,FALSE
AAGL2019_079,0009-0009-0542-6071,NA,NA,NA,0,NA,NA,FALSE
AAGL2019_080,NA,NA,NA,NA,NA,NA,NA,FALSE
AAGL2019_081,NA,NA,NA,NA,NA,NA,NA,FALSE
AAGL2019_082,NA,NA,NA,NA,NA,NA,NA,FALSE
AAGL2019_083,0000-0002-4454-2472,NA,NA,NA,13,NA,NA,FALSE
AAGL2019_084,0000-0002-7687-7816,NA,NA,NA,0,NA,NA,FALSE
AAGL2019_085,NA,NA,NA,NA,NA,NA,NA,FALSE
AAGL2019_086,0009-0005-7057-1604,NA,NA,NA,0,NA,NA,FALSE
AAGL2019_087,NA,NA,NA,NA,NA,NA,NA,FALSE
AAGL2019_088,NA,NA,NA,NA,NA,NA,NA,FALSE
AAGL2019_089,NA,NA,NA,NA,NA,NA,NA,FALSE
AAGL2019_090,NA,NA,NA,NA,NA,NA,NA,FALSE
AAGL2019_091,NA,NA,NA,NA,NA,NA,NA,FALSE
AAGL2019_092,0000-0001-8375-7049,NA,NA,NA,0,NA,NA,FALSE
AAGL2019_093,NA,NA,NA,NA,NA,NA,NA,FALSE
AAGL2019_094,NA,NA,NA,NA,NA,NA,NA,FALSE
AAGL2019_095,NA,NA,NA,NA,NA,NA,NA,FALSE
AAGL2019_096,NA,NA,NA,NA,NA,NA,NA,FALSE
AAGL2020_001,NA,NA,NA,NA,NA,NA,NA,FALSE
AAGL2020_002,NA,NA,NA,NA,NA,NA,NA,FALSE
AAGL2020_003,NA,NA,NA,NA,NA,NA,NA,FALSE
AAGL2020_004,NA,NA,NA,NA,NA,NA,NA,FALSE
AAGL2020_005,0000-0002-9273-5762,Full Professor,Mechanical Engineering Department,Universitat Politècnica de Catalunya,77,senior_faculty,NA,FALSE
AAGL2020_006,NA,NA,NA,NA,NA,NA,NA,FALSE
AAGL2020_007,NA,NA,NA,NA,NA,NA,NA,FALSE
AAGL2020_008,NA,NA,NA,NA,NA,NA,NA,FALSE
AAGL2020_009,NA,NA,NA,NA,NA,NA,NA,FALSE
AAGL2020_010,NA,NA,NA,NA,NA,NA,NA,FALSE
AAGL2020_011,NA,NA,NA,NA,NA,NA,NA,FALSE
AAGL2020_012,NA,NA,NA,NA,NA,NA,NA,FALSE
AAGL2020_013,NA,NA,NA,NA,NA,NA,NA,FALSE
AAGL2020_014,NA,NA,NA,NA,NA,NA,NA,FALSE
AAGL2020_015,0000-0002-1696-335X,Director of Theological Education,Theological Education,Anglican Aid,1,senior_faculty,NA,FALSE
AAGL2020_016,NA,NA,NA,NA,NA,NA,NA,FALSE
AAGL2020_017,NA,NA,NA,NA,NA,NA,NA,FALSE
AAGL2020_018,NA,NA,NA,NA,NA,NA,NA,FALSE
AAGL2020_019,NA,NA,NA,NA,NA,NA,NA,FALSE
AAGL2020_020,0009-0001-9011-7370,chemist,chemistry,Menoufia University,0,NA,NA,FALSE
AAGL2020_021,NA,NA,NA,NA,NA,NA,NA,FALSE
AAGL2020_022,NA,NA,NA,NA,NA,NA,NA,FALSE
AAGL2020_023,NA,NA,NA,NA,NA,NA,NA,FALSE
AAGL2020_024,NA,NA,NA,NA,NA,NA,NA,FALSE
AAGL2020_025,NA,NA,NA,NA,NA,NA,NA,FALSE
AAGL2020_026,0000-0001-8339-6941,NA,NA,University College London Hospital NHS Trust,2,NA,NA,FALSE
AAGL2020_027,NA,NA,NA,NA,NA,NA,NA,FALSE
AAGL2020_028,NA,NA,NA,NA,NA,NA,NA,FALSE
AAGL2020_029,0000-0003-4603-0427,Profesora Investigadora,Centro de Estudios Sociológicos,"El Colegio de México, A.C.",11,NA,NA,FALSE
AAGL2020_030,NA,NA,NA,NA,NA,NA,NA,FALSE
AAGL2020_031,NA,NA,NA,NA,NA,NA,NA,FALSE
AAGL2020_032,NA,NA,NA,NA,NA,NA,NA,FALSE
AAGL2020_033,NA,NA,NA,NA,NA,NA,NA,FALSE
AAGL2020_034,NA,NA,NA,NA,NA,NA,NA,FALSE
AAGL2020_035,NA,NA,NA,NA,NA,NA,NA,FALSE
AAGL2020_036,NA,NA,NA,NA,NA,NA,NA,FALSE
AAGL2020_037,NA,NA,NA,NA,NA,NA,NA,FALSE
AAGL2020_038,NA,NA,NA,NA,NA,NA,NA,FALSE
AAGL2020_039,NA,NA,NA,NA,NA,NA,NA,FALSE
AAGL2020_040,NA,NA,NA,NA,NA,NA,NA,FALSE
AAGL2020_041,NA,NA,NA,NA,NA,NA,NA,FALSE
AAGL2020_042,0000-0002-3104-1310,Research Assistant I & Lab Manager ,Biochemistry,Vanderbilt University,2,NA,NA,FALSE
AAGL2020_043,NA,NA,NA,NA,NA,NA,NA,FALSE
AAGL2020_044,NA,NA,NA,NA,NA,NA,NA,FALSE
AAGL2020_045,NA,NA,NA,NA,NA,NA,NA,FALSE
AAGL2020_046,NA,NA,NA,NA,NA,NA,NA,FALSE
AAGL2020_047,NA,NA,NA,NA,NA,NA,NA,FALSE
AAGL2020_048,NA,NA,NA,NA,NA,NA,NA,FALSE
AAGL2020_049,NA,NA,NA,NA,NA,NA,NA,FALSE
AAGL2020_050,NA,NA,NA,NA,NA,NA,NA,FALSE
AAGL2020_051,NA,NA,NA,NA,NA,NA,NA,FALSE
AAGL2020_052,NA,NA,NA,NA,NA,NA,NA,FALSE
AAGL2020_053,0000-0003-4915-8493,NA,NA,NA,21,NA,NA,FALSE
AAGL2020_054,NA,NA,NA,NA,NA,NA,NA,FALSE
AAGL2020_055,NA,NA,NA,NA,NA,NA,NA,FALSE
AAGL2020_056,NA,NA,NA,NA,NA,NA,NA,FALSE
AAGL2020_057,NA,NA,NA,NA,NA,NA,NA,FALSE
AAGL2020_058,NA,NA,NA,NA,NA,NA,NA,FALSE
AAGL2020_059,NA,NA,NA,NA,NA,NA,NA,FALSE
AAGL2020_060,NA,NA,NA,NA,NA,NA,NA,FALSE
AAGL2020_061,NA,NA,NA,NA,NA,NA,NA,FALSE
AAGL2020_062,NA,NA,NA,NA,NA,NA,NA,FALSE
AAGL2020_063,NA,NA,NA,NA,NA,NA,NA,FALSE
AAGL2020_064,NA,NA,NA,NA,NA,NA,NA,FALSE
AAGL2020_065,NA,NA,NA,NA,NA,NA,NA,FALSE
AAGL2020_066,NA,NA,NA,NA,NA,NA,NA,FALSE
AAGL2020_067,NA,NA,NA,NA,NA,NA,NA,FALSE
AAGL2020_068,NA,NA,NA,NA,NA,NA,NA,FALSE
AAGL2020_069,NA,NA,NA,NA,NA,NA,NA,FALSE
AAGL2020_070,NA,NA,NA,NA,NA,NA,NA,FALSE
AAGL2020_071,NA,NA,NA,NA,NA,NA,NA,FALSE
AAGL2020_072,0000-0002-9977-5206,NA,NA,NA,0,NA,NA,FALSE
AAGL2020_073,NA,NA,NA,NA,NA,NA,NA,FALSE
AAGL2020_074,0000-0001-7681-0083,NA,NA,NA,0,NA,NA,FALSE
AAGL2020_075,NA,NA,NA,NA,NA,NA,NA,FALSE
AAGL2020_076,0000-0003-4603-0427,Profesora Investigadora,Centro de Estudios Sociológicos,"El Colegio de México, A.C.",11,NA,NA,FALSE
AAGL2020_077,NA,NA,NA,NA,NA,NA,NA,FALSE
AAGL2020_078,NA,NA,NA,NA,NA,NA,NA,FALSE
AAGL2020_079,NA,NA,NA,NA,NA,NA,NA,FALSE
AAGL2020_080,0009-0000-2698-9783,NA,NA,Hunan University of Traditional Chinese Medicine,0,NA,NA,FALSE
AAGL2020_081,NA,NA,NA,NA,NA,NA,NA,FALSE
AAGL2020_082,NA,NA,NA,NA,NA,NA,NA,FALSE
AAGL2020_083,NA,NA,NA,NA,NA,NA,NA,FALSE
AAGL2020_084,NA,NA,NA,NA,NA,NA,NA,FALSE
AAGL2020_085,NA,NA,NA,NA,NA,NA,NA,FALSE
AAGL2020_086,NA,NA,NA,NA,NA,NA,NA,FALSE
AAGL2020_087,NA,NA,NA,NA,NA,NA,NA,FALSE
AAGL2020_088,NA,NA,NA,NA,NA,NA,NA,FALSE
AAGL2020_089,NA,NA,NA,NA,NA,NA,NA,FALSE
AAGL2020_090,NA,NA,NA,NA,NA,NA,NA,FALSE
AAGL2020_091,NA,NA,NA,NA,NA,NA,NA,FALSE
AAGL2020_092,NA,NA,NA,NA,NA,NA,NA,FALSE
AAGL2020_093,NA,NA,NA,NA,NA,NA,NA,FALSE
AAGL2020_094,NA,NA,NA,NA,NA,NA,NA,FALSE
AAGL2020_095,NA,NA,NA,NA,NA,NA,NA,FALSE
AAGL2021_001,NA,NA,NA,NA,NA,NA,NA,FALSE
AAGL2021_002,NA,NA,NA,NA,NA,NA,NA,FALSE
AAGL2021_003,NA,NA,NA,NA,NA,NA,NA,FALSE
AAGL2021_004,NA,NA,NA,NA,NA,NA,NA,FALSE
AAGL2021_005,NA,NA,NA,NA,NA,NA,NA,FALSE
AAGL2021_006,NA,NA,NA,NA,NA,NA,NA,FALSE
AAGL2021_007,NA,NA,NA,NA,NA,NA,NA,FALSE
AAGL2021_008,NA,NA,NA,NA,NA,NA,NA,FALSE
AAGL2021_009,NA,NA,NA,NA,NA,NA,NA,FALSE
AAGL2021_010,0000-0002-7154-1272,Chief General Manager (M&I),Pipeline,Indian Oil Corporation (India),8,senior_faculty,NA,FALSE
AAGL2021_011,NA,NA,NA,NA,NA,NA,NA,FALSE
AAGL2021_012,NA,NA,NA,NA,NA,NA,NA,FALSE
AAGL2021_013,0000-0003-4915-8493,NA,NA,NA,21,NA,NA,FALSE
AAGL2021_014,NA,NA,NA,NA,NA,NA,NA,FALSE
AAGL2021_015,0000-0003-4740-8655,NA,NA,NA,0,NA,NA,FALSE
AAGL2021_016,NA,NA,NA,NA,NA,NA,NA,FALSE
AAGL2021_017,NA,NA,NA,NA,NA,NA,NA,FALSE
AAGL2021_018,NA,NA,NA,NA,NA,NA,NA,FALSE
AAGL2021_019,NA,NA,NA,NA,NA,NA,NA,FALSE
AAGL2021_020,NA,NA,NA,NA,NA,NA,NA,FALSE
AAGL2021_021,NA,NA,NA,NA,NA,NA,NA,FALSE
AAGL2021_022,NA,NA,NA,NA,NA,NA,NA,FALSE
AAGL2021_023,NA,NA,NA,NA,NA,NA,NA,FALSE
AAGL2021_024,NA,NA,NA,NA,NA,NA,NA,FALSE
AAGL2021_025,NA,NA,NA,NA,NA,NA,NA,FALSE
AAGL2021_026,NA,NA,NA,NA,NA,NA,NA,FALSE
AAGL2021_027,NA,NA,NA,NA,NA,NA,NA,FALSE
AAGL2021_028,0000-0002-2601-8706,NA,NA,NA,0,NA,NA,FALSE
AAGL2021_029,NA,NA,NA,NA,NA,NA,NA,FALSE
AAGL2021_030,NA,NA,NA,NA,NA,NA,NA,FALSE
AAGL2021_031,NA,NA,NA,NA,NA,NA,NA,FALSE
AAGL2021_032,NA,NA,NA,NA,NA,NA,NA,FALSE
AAGL2021_033,NA,NA,NA,NA,NA,NA,NA,FALSE
AAGL2021_034,NA,NA,NA,NA,NA,NA,NA,FALSE
AAGL2021_035,NA,NA,NA,NA,NA,NA,NA,FALSE
AAGL2021_036,NA,NA,NA,NA,NA,NA,NA,FALSE
AAGL2021_037,NA,NA,NA,NA,NA,NA,NA,FALSE
AAGL2021_038,0009-0003-6730-720X,NA,NA,University of Massachusetts Chan Medical School,6,NA,NA,FALSE
AAGL2021_039,NA,NA,NA,NA,NA,NA,NA,FALSE
AAGL2021_040,NA,NA,NA,NA,NA,NA,NA,FALSE
AAGL2021_041,NA,NA,NA,NA,NA,NA,NA,FALSE
AAGL2021_042,NA,NA,NA,NA,NA,NA,NA,FALSE
AAGL2021_043,NA,NA,NA,NA,NA,NA,NA,FALSE
AAGL2021_044,NA,NA,NA,NA,NA,NA,NA,FALSE
AAGL2021_045,NA,NA,NA,NA,NA,NA,NA,FALSE
AAGL2021_046,NA,NA,NA,NA,NA,NA,NA,FALSE
AAGL2021_047,NA,NA,NA,NA,NA,NA,NA,FALSE
AAGL2021_048,NA,NA,NA,NA,NA,NA,NA,FALSE
AAGL2021_049,0009-0008-1023-1095,NA,NA,NA,0,NA,NA,FALSE
AAGL2021_050,NA,NA,NA,NA,NA,NA,NA,FALSE
AAGL2021_051,NA,NA,NA,NA,NA,NA,NA,FALSE
AAGL2021_052,NA,NA,NA,NA,NA,NA,NA,FALSE
AAGL2021_053,NA,NA,NA,NA,NA,NA,NA,FALSE
AAGL2021_054,NA,NA,NA,NA,NA,NA,NA,FALSE
AAGL2021_055,NA,NA,NA,NA,NA,NA,NA,FALSE
AAGL2021_056,NA,NA,NA,NA,NA,NA,NA,FALSE
AAGL2021_057,NA,NA,NA,NA,NA,NA,NA,FALSE
AAGL2021_058,NA,NA,NA,NA,NA,NA,NA,FALSE
AAGL2021_059,NA,NA,NA,NA,NA,NA,NA,FALSE
AAGL2021_060,NA,NA,NA,NA,NA,NA,NA,FALSE
AAGL2021_061,0009-0003-7527-8138,NA,NA,VIT-AP University,0,NA,NA,FALSE
AAGL2021_062,NA,NA,NA,NA,NA,NA,NA,FALSE
AAGL2021_063,NA,NA,NA,NA,NA,NA,NA,FALSE
AAGL2021_064,NA,NA,NA,NA,NA,NA,NA,FALSE
AAGL2021_065,NA,NA,NA,NA,NA,NA,NA,FALSE
AAGL2021_066,NA,NA,NA,NA,NA,NA,NA,FALSE
AAGL2021_067,NA,NA,NA,NA,NA,NA,NA,FALSE
AAGL2021_068,NA,NA,NA,NA,NA,NA,NA,FALSE
AAGL2021_069,NA,NA,NA,NA,NA,NA,NA,FALSE
AAGL2021_070,NA,NA,NA,NA,NA,NA,NA,FALSE
AAGL2021_071,NA,NA,NA,NA,NA,NA,NA,FALSE
AAGL2021_072,NA,NA,NA,NA,NA,NA,NA,FALSE
AAGL2021_073,NA,NA,NA,NA,NA,NA,NA,FALSE
AAGL2021_074,0000-0001-7140-7033,Assistant Professor,Department of Gynaecology and Obstetrics,College of Veterinary Science and Animal Husbandry Sardarkrushinagar,47,early_faculty,obstetrics,FALSE
AAGL2021_075,NA,NA,NA,NA,NA,NA,NA,FALSE
AAGL2021_076,NA,NA,NA,NA,NA,NA,NA,FALSE
AAGL2021_077,NA,NA,NA,NA,NA,NA,NA,FALSE
AAGL2021_078,NA,NA,NA,NA,NA,NA,NA,FALSE
AAGL2021_079,NA,NA,NA,NA,NA,NA,NA,FALSE
AAGL2021_080,NA,NA,NA,NA,NA,NA,NA,FALSE
AAGL2021_081,0000-0002-2867-9882,NA,NA,NA,0,NA,NA,FALSE
AAGL2021_082,NA,NA,NA,NA,NA,NA,NA,FALSE
AAGL2021_083,0009-0003-3869-9072,Research Assistant,Research Centers in Minority Institutions - Community Engagement Core,Ponce Research Instute,2,NA,NA,FALSE
AAGL2021_084,NA,NA,NA,NA,NA,NA,NA,FALSE
AAGL2021_085,NA,NA,NA,NA,NA,NA,NA,FALSE
AAGL2021_086,NA,NA,NA,NA,NA,NA,NA,FALSE
AAGL2021_087,NA,NA,NA,NA,NA,NA,NA,FALSE
AAGL2021_088,NA,NA,NA,NA,NA,NA,NA,FALSE
AAGL2021_089,NA,NA,NA,NA,NA,NA,NA,FALSE
AAGL2021_090,0000-0003-3287-9104,NA,NA,NA,0,NA,NA,FALSE
AAGL2021_091,NA,NA,NA,NA,NA,NA,NA,FALSE
AAGL2021_092,0000-0001-5631-9342,NA,NA,"Mayo Clinic in Rochester, Minnesota",1,NA,NA,FALSE
AAGL2021_093,0000-0001-8154-8243,NA,NA,NA,8,NA,NA,FALSE
AAGL2021_094,NA,NA,NA,NA,NA,NA,NA,FALSE
AAGL2021_095,NA,NA,NA,NA,NA,NA,NA,FALSE
AAGL2021_096,NA,NA,NA,NA,NA,NA,NA,FALSE
AAGL2021_097,NA,NA,NA,NA,NA,NA,NA,FALSE
AAGL2021_098,0009-0003-3516-6852,NA,NA,NA,0,NA,NA,FALSE
AAGL2022_001,NA,NA,NA,NA,NA,NA,NA,FALSE
AAGL2022_002,NA,NA,NA,NA,NA,NA,NA,FALSE
AAGL2022_003,NA,NA,NA,NA,NA,NA,NA,FALSE
AAGL2022_004,NA,NA,NA,NA,NA,NA,NA,FALSE
AAGL2022_005,NA,NA,NA,NA,NA,NA,NA,FALSE
AAGL2022_006,NA,NA,NA,NA,NA,NA,NA,FALSE
AAGL2022_007,NA,NA,NA,NA,NA,NA,NA,FALSE
AAGL2022_008,NA,NA,NA,NA,NA,NA,NA,FALSE
AAGL2022_009,NA,NA,NA,NA,NA,NA,NA,FALSE
AAGL2022_010,NA,NA,NA,NA,NA,NA,NA,FALSE
AAGL2022_011,NA,NA,NA,NA,NA,NA,NA,FALSE
AAGL2022_012,NA,NA,NA,NA,NA,NA,NA,FALSE
AAGL2022_013,NA,NA,NA,NA,NA,NA,NA,FALSE
AAGL2022_014,NA,NA,NA,NA,NA,NA,NA,FALSE
AAGL2022_015,NA,NA,NA,NA,NA,NA,NA,FALSE
AAGL2022_016,NA,NA,NA,NA,NA,NA,NA,FALSE
AAGL2022_017,NA,NA,NA,NA,NA,NA,NA,FALSE
AAGL2022_018,NA,NA,NA,NA,NA,NA,NA,FALSE
AAGL2022_019,NA,NA,NA,NA,NA,NA,NA,FALSE
AAGL2022_020,NA,NA,NA,NA,NA,NA,NA,FALSE
AAGL2022_021,NA,NA,NA,NA,NA,NA,NA,FALSE
AAGL2022_022,NA,NA,NA,NA,NA,NA,NA,FALSE
AAGL2022_023,NA,NA,NA,NA,NA,NA,NA,FALSE
AAGL2022_024,NA,NA,NA,NA,NA,NA,NA,FALSE
AAGL2022_025,0000-0001-8856-254X,NA,NA,NA,13,NA,NA,FALSE
AAGL2022_026,NA,NA,NA,NA,NA,NA,NA,FALSE
AAGL2022_027,NA,NA,NA,NA,NA,NA,NA,FALSE
AAGL2022_028,NA,NA,NA,NA,NA,NA,NA,FALSE
AAGL2022_029,0009-0007-8079-2560,scholar,Plant Breeding and Genetics,TNAU,0,NA,NA,FALSE
AAGL2022_030,0009-0003-3516-6852,NA,NA,NA,0,NA,NA,FALSE
AAGL2022_031,NA,NA,NA,NA,NA,NA,NA,FALSE
AAGL2022_032,NA,NA,NA,NA,NA,NA,NA,FALSE
AAGL2022_033,NA,NA,NA,NA,NA,NA,NA,FALSE
AAGL2022_034,NA,NA,NA,NA,NA,NA,NA,FALSE
AAGL2022_035,NA,NA,NA,NA,NA,NA,NA,FALSE
AAGL2022_036,NA,NA,NA,NA,NA,NA,NA,FALSE
AAGL2022_037,0009-0006-7604-1070,Lecturer,Faculty of English Language and Culture,Dong A University,0,early_faculty,NA,FALSE
AAGL2022_038,NA,NA,NA,NA,NA,NA,NA,FALSE
AAGL2022_039,0009-0008-1023-1095,NA,NA,NA,0,NA,NA,FALSE
AAGL2022_040,NA,NA,NA,NA,NA,NA,NA,FALSE
AAGL2022_041,NA,NA,NA,NA,NA,NA,NA,FALSE
AAGL2022_042,NA,NA,NA,NA,NA,NA,NA,FALSE
AAGL2022_043,NA,NA,NA,NA,NA,NA,NA,FALSE
AAGL2022_044,NA,NA,NA,NA,NA,NA,NA,FALSE
AAGL2022_045,0000-0002-2867-9882,NA,NA,NA,0,NA,NA,FALSE
AAGL2022_046,0000-0001-6301-3309,Executive Medical Director,NA,Fortrea Inc.,135,senior_faculty,NA,FALSE
AAGL2022_047,NA,NA,NA,NA,NA,NA,NA,FALSE
AAGL2022_048,0000-0003-3501-0455,NA,NA,Suzhou University of Science and Technology,234,NA,NA,FALSE
AAGL2022_049,NA,NA,NA,NA,NA,NA,NA,FALSE
AAGL2022_050,NA,NA,NA,NA,NA,NA,NA,FALSE
AAGL2022_051,NA,NA,NA,NA,NA,NA,NA,FALSE
AAGL2022_052,0000-0002-3906-5886,NA,NA,NA,0,NA,NA,FALSE
AAGL2022_053,NA,NA,NA,NA,NA,NA,NA,FALSE
AAGL2022_054,NA,NA,NA,NA,NA,NA,NA,FALSE
AAGL2022_055,0000-0002-8440-2474,NA,NA,NA,9,NA,NA,FALSE
AAGL2022_056,NA,NA,NA,NA,NA,NA,NA,FALSE
AAGL2022_057,NA,NA,NA,NA,NA,NA,NA,FALSE
AAGL2022_058,NA,NA,NA,NA,NA,NA,NA,FALSE
AAGL2022_059,NA,NA,NA,NA,NA,NA,NA,FALSE
AAGL2022_060,NA,NA,NA,NA,NA,NA,NA,FALSE
AAGL2022_061,NA,NA,NA,NA,NA,NA,NA,FALSE
AAGL2022_062,NA,NA,NA,NA,NA,NA,NA,FALSE
AAGL2022_063,NA,NA,NA,NA,NA,NA,NA,FALSE
AAGL2022_064,NA,NA,NA,NA,NA,NA,NA,FALSE
AAGL2022_065,NA,NA,NA,NA,NA,NA,NA,FALSE
AAGL2022_066,NA,NA,NA,NA,NA,NA,NA,FALSE
AAGL2022_067,NA,NA,NA,NA,NA,NA,NA,FALSE
AAGL2022_068,NA,NA,NA,NA,NA,NA,NA,FALSE
AAGL2022_069,NA,NA,NA,NA,NA,NA,NA,FALSE
AAGL2022_070,0000-0001-8297-3620,Professor/Dr,Centro de Estudos em Recursos Naturais (CERNA),Universidade Estadual do Mato Grosso do Sul,26,senior_faculty,NA,FALSE
AAGL2022_071,NA,NA,NA,NA,NA,NA,NA,FALSE
AAGL2022_072,NA,NA,NA,NA,NA,NA,NA,FALSE
AAGL2022_073,NA,NA,NA,NA,NA,NA,NA,FALSE
AAGL2022_074,NA,NA,NA,NA,NA,NA,NA,FALSE
AAGL2022_075,NA,NA,NA,NA,NA,NA,NA,FALSE
AAGL2022_076,NA,NA,NA,NA,NA,NA,NA,FALSE
AAGL2022_077,0009-0001-9915-352X,NA,NA,NA,6,NA,NA,FALSE
AAGL2022_078,NA,NA,NA,NA,NA,NA,NA,FALSE
AAGL2022_079,NA,NA,NA,NA,NA,NA,NA,FALSE
AAGL2022_080,NA,NA,NA,NA,NA,NA,NA,FALSE
AAGL2022_081,NA,NA,NA,NA,NA,NA,NA,FALSE
AAGL2022_082,NA,NA,NA,NA,NA,NA,NA,FALSE
AAGL2022_083,NA,NA,NA,NA,NA,NA,NA,FALSE
AAGL2022_084,NA,NA,NA,NA,NA,NA,NA,FALSE
AAGL2022_085,NA,NA,NA,NA,NA,NA,NA,FALSE
AAGL2022_086,NA,NA,NA,NA,NA,NA,NA,FALSE
AAGL2022_087,NA,NA,NA,NA,NA,NA,NA,FALSE
AAGL2022_088,NA,NA,NA,NA,NA,NA,NA,FALSE
AAGL2022_089,0000-0002-9434-4378,NA,NA,NA,0,NA,NA,FALSE
AAGL2022_090,NA,NA,NA,NA,NA,NA,NA,FALSE
AAGL2023_001,NA,NA,NA,NA,NA,NA,NA,FALSE
AAGL2023_002,NA,NA,NA,NA,NA,NA,NA,FALSE
AAGL2023_003,NA,NA,NA,NA,NA,NA,NA,FALSE
AAGL2023_004,NA,NA,NA,NA,NA,NA,NA,FALSE
AAGL2023_005,NA,NA,NA,NA,NA,NA,NA,FALSE
AAGL2023_006,NA,NA,NA,NA,NA,NA,NA,FALSE
AAGL2023_007,NA,NA,NA,NA,NA,NA,NA,FALSE
AAGL2023_008,NA,NA,NA,NA,NA,NA,NA,FALSE
AAGL2023_009,0009-0001-9011-7370,chemist,chemistry,Menoufia University,0,NA,NA,FALSE
AAGL2023_010,NA,NA,NA,NA,NA,NA,NA,FALSE
AAGL2023_011,NA,NA,NA,NA,NA,NA,NA,FALSE
AAGL2023_012,NA,NA,NA,NA,NA,NA,NA,FALSE
AAGL2023_013,NA,NA,NA,NA,NA,NA,NA,FALSE
AAGL2023_014,0000-0002-5865-1047,NA,NA,NA,0,NA,NA,FALSE
AAGL2023_015,NA,NA,NA,NA,NA,NA,NA,FALSE
AAGL2023_016,NA,NA,NA,NA,NA,NA,NA,FALSE
AAGL2023_017,NA,NA,NA,NA,NA,NA,NA,FALSE
AAGL2023_018,NA,NA,NA,NA,NA,NA,NA,FALSE
AAGL2023_019,NA,NA,NA,NA,NA,NA,NA,FALSE
AAGL2023_020,NA,NA,NA,NA,NA,NA,NA,FALSE
AAGL2023_021,NA,NA,NA,NA,NA,NA,NA,FALSE
AAGL2023_022,0009-0005-4968-7899,NA,NA,NA,0,NA,NA,FALSE
AAGL2023_023,NA,NA,NA,NA,NA,NA,NA,FALSE
AAGL2023_024,NA,NA,NA,NA,NA,NA,NA,FALSE
AAGL2023_025,NA,NA,NA,NA,NA,NA,NA,FALSE
AAGL2023_026,NA,NA,NA,NA,NA,NA,NA,FALSE
AAGL2023_027,NA,NA,NA,NA,NA,NA,NA,FALSE
AAGL2023_028,NA,NA,NA,NA,NA,NA,NA,FALSE
AAGL2023_029,NA,NA,NA,NA,NA,NA,NA,FALSE
AAGL2023_030,NA,NA,NA,NA,NA,NA,NA,FALSE
AAGL2023_031,0000-0002-7492-3970,NA,NA,NA,0,NA,NA,FALSE
AAGL2023_032,NA,NA,NA,NA,NA,NA,NA,FALSE
AAGL2023_033,NA,NA,NA,NA,NA,NA,NA,FALSE
AAGL2023_034,0009-0009-8332-6009,NA,NA,NA,0,NA,NA,FALSE
AAGL2023_035,NA,NA,NA,NA,NA,NA,NA,FALSE
AAGL2023_036,NA,NA,NA,NA,NA,NA,NA,FALSE
AAGL2023_037,NA,NA,NA,NA,NA,NA,NA,FALSE
AAGL2023_038,NA,NA,NA,NA,NA,NA,NA,FALSE
AAGL2023_039,NA,NA,NA,NA,NA,NA,NA,FALSE
AAGL2023_040,NA,NA,NA,NA,NA,NA,NA,FALSE
AAGL2023_041,NA,NA,NA,NA,NA,NA,NA,FALSE
AAGL2023_042,NA,NA,NA,NA,NA,NA,NA,FALSE
AAGL2023_043,NA,NA,NA,NA,NA,NA,NA,FALSE
AAGL2023_044,NA,NA,NA,NA,NA,NA,NA,FALSE
AAGL2023_045,NA,NA,NA,NA,NA,NA,NA,FALSE
AAGL2023_046,NA,NA,NA,NA,NA,NA,NA,FALSE
AAGL2023_047,0000-0001-7401-7559,Assistant Professor ,Mechanical Engineering ,KIPM College of Engineering & Technology,0,early_faculty,NA,FALSE
AAGL2023_048,0000-0002-2819-4498,NA,NA,NA,0,NA,NA,FALSE
AAGL2023_049,NA,NA,NA,NA,NA,NA,NA,FALSE
AAGL2023_050,NA,NA,NA,NA,NA,NA,NA,FALSE
AAGL2023_051,NA,NA,NA,NA,NA,NA,NA,FALSE
AAGL2023_052,NA,NA,NA,NA,NA,NA,NA,FALSE
AAGL2023_053,NA,NA,NA,NA,NA,NA,NA,FALSE
AAGL2023_054,NA,NA,NA,NA,NA,NA,NA,FALSE
AAGL2023_055,NA,NA,NA,NA,NA,NA,NA,FALSE
AAGL2023_056,NA,NA,NA,NA,NA,NA,NA,FALSE
AAGL2023_057,0009-0000-0735-7879,Student,"School of Medicine, College of Medicine",Kaohsiung Medical University,1,student,NA,FALSE
AAGL2023_058,NA,NA,NA,NA,NA,NA,NA,FALSE
AAGL2023_059,NA,NA,NA,NA,NA,NA,NA,FALSE
AAGL2023_060,NA,NA,NA,NA,NA,NA,NA,FALSE
