abstract_id,manual_decision,manual_pmid,reviewer_notes,review_timestamp,reviewer
AAGL2023_001,match,41427529,,2026-04-14 23:20:08.065217,TMM
AAGL2023_001,no_match,41427529,NA,2026-04-14 20:56:28.108284,NA
AAGL2023_003,match,38848990,NA,2026-04-14 23:16:34.105476,TMM
AAGL2023_003,match,38848990,NA,NA,NA
AAGL2023_009,match,37666383,NA,2026-04-14 23:17:25.609203,TMM
AAGL2023_009,no_match,NA,NA,NA,NA
AAGL2023_010,no_match,NA,NA,NA,NA
AAGL2023_011,match,38547478,NA,NA,NA
AAGL2023_021,match,37944155,NA,NA,NA
AAGL2023_027,match,39490893,NA,NA,NA
AAGL2023_028,match,39007504,NA,NA,NA
AAGL2023_038,no_match,NA,NA,NA,NA
AAGL2023_043,match,40691413,NA,NA,NA
AAGL2023_048,match,37271737,NA,NA,NA
AAGL2023_059,match,39265173,NA,NA,NA
AAGL2023_086,match,39307234,NA,NA,NA
AAGL2023_089,match,40521575,NA,NA,NA
